solid 
facet normal 0.99211377 0 -0.12534106
 outer loop
  vertex 36.800003 -24.775656 4.9999886
  vertex 36.900543 -24.775656 5.7957954
  vertex 36.900543 -28.17565 5.7957954
 endloop
endfacet
facet normal 0.99211377 0 -0.12534106
 outer loop
  vertex 36.900543 -28.17565 5.7957954
  vertex 36.800003 -28.17565 4.9999886
  vertex 36.800003 -24.775656 4.9999886
 endloop
endfacet
facet normal 0.99211377 -0 0.12534106
 outer loop
  vertex 36.900543 -24.775656 4.2041817
  vertex 36.800003 -24.775656 4.9999886
  vertex 36.800003 -28.17565 4.9999886
 endloop
endfacet
facet normal 0.99211377 0 0.12534106
 outer loop
  vertex 36.800003 -28.17565 4.9999886
  vertex 36.900543 -28.17565 4.2041817
  vertex 36.900543 -24.775656 4.2041817
 endloop
endfacet
facet normal 0.92978156 -0 0.36811185
 outer loop
  vertex 37.195816 -24.775656 3.4583778
  vertex 36.900543 -24.775656 4.2041817
  vertex 36.900543 -28.17565 4.2041817
 endloop
endfacet
facet normal 0.92978156 0 0.36811185
 outer loop
  vertex 36.900543 -28.17565 4.2041817
  vertex 37.195816 -28.17565 3.4583778
  vertex 37.195816 -24.775656 3.4583778
 endloop
endfacet
facet normal 0.80901814 -0 0.5877837
 outer loop
  vertex 37.667297 -24.775656 2.8094368
  vertex 37.195816 -24.775656 3.4583778
  vertex 37.195816 -28.17565 3.4583778
 endloop
endfacet
facet normal 0.80901814 0 0.5877837
 outer loop
  vertex 37.195816 -28.17565 3.4583778
  vertex 37.667297 -28.17565 2.8094368
  vertex 37.667297 -24.775656 2.8094368
 endloop
endfacet
facet normal 0.63742226 -0 0.7705146
 outer loop
  vertex 37.667297 -24.775656 2.8094368
  vertex 37.667297 -28.17565 2.8094368
  vertex 38.285355 -24.775656 2.2981377
 endloop
endfacet
facet normal 0.63742226 0 0.7705146
 outer loop
  vertex 38.285355 -28.17565 2.2981377
  vertex 38.285355 -24.775656 2.2981377
  vertex 37.667297 -28.17565 2.8094368
 endloop
endfacet
facet normal 0.425781 -0 0.9048262
 outer loop
  vertex 38.285355 -24.775656 2.2981377
  vertex 38.285355 -28.17565 2.2981377
  vertex 39.01114 -24.775656 1.9566078
 endloop
endfacet
facet normal 0.425781 0 0.9048262
 outer loop
  vertex 39.01114 -28.17565 1.9566078
  vertex 39.01114 -24.775656 1.9566078
  vertex 38.285355 -28.17565 2.2981377
 endloop
endfacet
facet normal 0.18738176 -0 0.9822871
 outer loop
  vertex 39.01114 -24.775656 1.9566078
  vertex 39.01114 -28.17565 1.9566078
  vertex 39.799072 -24.775656 1.8063011
 endloop
endfacet
facet normal 0.18738176 0 0.9822871
 outer loop
  vertex 39.799072 -28.17565 1.8063011
  vertex 39.799072 -24.775656 1.8063011
  vertex 39.01114 -28.17565 1.9566078
 endloop
endfacet
facet normal -0.06279516 0 0.99802643
 outer loop
  vertex 39.799072 -24.775656 1.8063011
  vertex 39.799072 -28.17565 1.8063011
  vertex 40.59961 -24.775656 1.8566704
 endloop
endfacet
facet normal -0.06279516 0 0.99802643
 outer loop
  vertex 40.59961 -28.17565 1.8566704
  vertex 40.59961 -24.775656 1.8566704
  vertex 39.799072 -28.17565 1.8063011
 endloop
endfacet
facet normal -0.30901378 0 0.95105755
 outer loop
  vertex 40.59961 -24.775656 1.8566704
  vertex 40.59961 -28.17565 1.8566704
  vertex 41.362488 -24.775656 2.1045418
 endloop
endfacet
facet normal -0.30901378 0 0.95105755
 outer loop
  vertex 41.362488 -28.17565 2.1045418
  vertex 41.362488 -24.775656 2.1045418
  vertex 40.59961 -28.17565 1.8566704
 endloop
endfacet
facet normal -0.53582054 0 0.8443319
 outer loop
  vertex 41.362488 -24.775656 2.1045418
  vertex 41.362488 -28.17565 2.1045418
  vertex 42.039764 -24.775656 2.5343475
 endloop
endfacet
facet normal -0.53582054 0 0.8443319
 outer loop
  vertex 42.039764 -28.17565 2.5343475
  vertex 42.039764 -24.775656 2.5343475
  vertex 41.362488 -28.17565 2.1045418
 endloop
endfacet
facet normal -0.7289741 0 0.6845412
 outer loop
  vertex 42.039764 -24.775656 2.5343475
  vertex 42.039764 -28.17565 2.5343475
  vertex 42.588852 -24.775656 3.1190758
 endloop
endfacet
facet normal -0.7289741 0 0.6845412
 outer loop
  vertex 42.588852 -28.17565 3.1190758
  vertex 42.588852 -24.775656 3.1190758
  vertex 42.039764 -28.17565 2.5343475
 endloop
endfacet
facet normal -0.8763078 0 0.4817517
 outer loop
  vertex 42.588852 -24.775656 3.1190758
  vertex 42.588852 -28.17565 3.1190758
  vertex 42.97528 -24.775656 3.821991
 endloop
endfacet
facet normal -0.8763078 0 0.4817517
 outer loop
  vertex 42.97528 -28.17565 3.821991
  vertex 42.97528 -24.775656 3.821991
  vertex 42.588852 -28.17565 3.1190758
 endloop
endfacet
facet normal -0.96857977 0 0.24870303
 outer loop
  vertex 42.97528 -24.775656 3.821991
  vertex 42.97528 -28.17565 3.821991
  vertex 43.174774 -24.775656 4.5989227
 endloop
endfacet
facet normal -0.96857977 0 0.24870303
 outer loop
  vertex 43.174774 -28.17565 4.5989227
  vertex 43.174774 -24.775656 4.5989227
  vertex 42.97528 -28.17565 3.821991
 endloop
endfacet
facet normal -1 0 -0
 outer loop
  vertex 43.174774 -24.775656 4.5989227
  vertex 43.174774 -28.17565 4.5989227
  vertex 43.174774 -24.775656 5.4010544
 endloop
endfacet
facet normal -1 0 0
 outer loop
  vertex 43.174774 -28.17565 5.4010544
  vertex 43.174774 -24.775656 5.4010544
  vertex 43.174774 -28.17565 4.5989227
 endloop
endfacet
facet normal -0.96857977 0 -0.24870303
 outer loop
  vertex 43.174774 -24.775656 5.4010544
  vertex 43.174774 -28.17565 5.4010544
  vertex 42.97528 -24.775656 6.177986
 endloop
endfacet
facet normal -0.96857977 -0 -0.24870303
 outer loop
  vertex 42.97528 -28.17565 6.177986
  vertex 42.97528 -24.775656 6.177986
  vertex 43.174774 -28.17565 5.4010544
 endloop
endfacet
facet normal -0.8763078 0 -0.4817517
 outer loop
  vertex 42.97528 -24.775656 6.177986
  vertex 42.97528 -28.17565 6.177986
  vertex 42.588852 -24.775656 6.8809013
 endloop
endfacet
facet normal -0.8763078 -0 -0.4817517
 outer loop
  vertex 42.588852 -28.17565 6.8809013
  vertex 42.588852 -24.775656 6.8809013
  vertex 42.97528 -28.17565 6.177986
 endloop
endfacet
facet normal -0.7289741 0 -0.6845412
 outer loop
  vertex 42.588852 -24.775656 6.8809013
  vertex 42.588852 -28.17565 6.8809013
  vertex 42.039764 -24.775656 7.4656296
 endloop
endfacet
facet normal -0.7289741 -0 -0.6845412
 outer loop
  vertex 42.039764 -28.17565 7.4656296
  vertex 42.039764 -24.775656 7.4656296
  vertex 42.588852 -28.17565 6.8809013
 endloop
endfacet
facet normal -0.53582054 0 -0.8443319
 outer loop
  vertex 42.039764 -28.17565 7.4656296
  vertex 41.362488 -24.775656 7.8954353
  vertex 42.039764 -24.775656 7.4656296
 endloop
endfacet
facet normal -0.53582054 0 -0.8443319
 outer loop
  vertex 41.362488 -24.775656 7.8954353
  vertex 42.039764 -28.17565 7.4656296
  vertex 41.362488 -28.17565 7.8954353
 endloop
endfacet
facet normal -0.30901378 0 -0.95105755
 outer loop
  vertex 41.362488 -28.17565 7.8954353
  vertex 40.59961 -24.775656 8.143307
  vertex 41.362488 -24.775656 7.8954353
 endloop
endfacet
facet normal -0.30901378 0 -0.95105755
 outer loop
  vertex 40.59961 -24.775656 8.143307
  vertex 41.362488 -28.17565 7.8954353
  vertex 40.59961 -28.17565 8.143307
 endloop
endfacet
facet normal -0.06279516 0 -0.99802643
 outer loop
  vertex 40.59961 -28.17565 8.143307
  vertex 39.799072 -24.775656 8.193676
  vertex 40.59961 -24.775656 8.143307
 endloop
endfacet
facet normal -0.06279516 0 -0.99802643
 outer loop
  vertex 39.799072 -24.775656 8.193676
  vertex 40.59961 -28.17565 8.143307
  vertex 39.799072 -28.17565 8.193676
 endloop
endfacet
facet normal 0.18738176 0 -0.9822871
 outer loop
  vertex 39.799072 -28.17565 8.193676
  vertex 39.01114 -24.775656 8.043369
  vertex 39.799072 -24.775656 8.193676
 endloop
endfacet
facet normal 0.18738176 0 -0.9822871
 outer loop
  vertex 39.01114 -24.775656 8.043369
  vertex 39.799072 -28.17565 8.193676
  vertex 39.01114 -28.17565 8.043369
 endloop
endfacet
facet normal 0.425781 0 -0.9048262
 outer loop
  vertex 39.01114 -28.17565 8.043369
  vertex 38.285355 -24.775656 7.7018394
  vertex 39.01114 -24.775656 8.043369
 endloop
endfacet
facet normal 0.425781 0 -0.9048262
 outer loop
  vertex 38.285355 -24.775656 7.7018394
  vertex 39.01114 -28.17565 8.043369
  vertex 38.285355 -28.17565 7.7018394
 endloop
endfacet
facet normal 0.63742226 0 -0.7705146
 outer loop
  vertex 38.285355 -28.17565 7.7018394
  vertex 37.667297 -24.775656 7.1905403
  vertex 38.285355 -24.775656 7.7018394
 endloop
endfacet
facet normal 0.63742226 0 -0.7705146
 outer loop
  vertex 37.667297 -24.775656 7.1905403
  vertex 38.285355 -28.17565 7.7018394
  vertex 37.667297 -28.17565 7.1905403
 endloop
endfacet
facet normal 0.80901814 0 -0.5877837
 outer loop
  vertex 37.195816 -24.775656 6.5415993
  vertex 37.667297 -24.775656 7.1905403
  vertex 37.667297 -28.17565 7.1905403
 endloop
endfacet
facet normal 0.80901814 0 -0.5877837
 outer loop
  vertex 37.667297 -28.17565 7.1905403
  vertex 37.195816 -28.17565 6.5415993
  vertex 37.195816 -24.775656 6.5415993
 endloop
endfacet
facet normal 0.92978156 0 -0.36811185
 outer loop
  vertex 36.900543 -24.775656 5.7957954
  vertex 37.195816 -24.775656 6.5415993
  vertex 37.195816 -28.17565 6.5415993
 endloop
endfacet
facet normal 0.92978156 0 -0.36811185
 outer loop
  vertex 37.195816 -28.17565 6.5415993
  vertex 36.900543 -28.17565 5.7957954
  vertex 36.900543 -24.775656 5.7957954
 endloop
endfacet
facet normal -0 -1 0
 outer loop
  vertex 36.900543 -24.775656 5.7957954
  vertex 36.800003 -24.775656 4.9999886
  vertex 41.362488 -24.775656 7.8954353
 endloop
endfacet
facet normal -0 -1 0
 outer loop
  vertex 36.800003 -24.775656 4.9999886
  vertex 36.900543 -24.775656 4.2041817
  vertex 41.362488 -24.775656 7.8954353
 endloop
endfacet
facet normal -0 -1 0
 outer loop
  vertex 36.900543 -24.775656 4.2041817
  vertex 37.195816 -24.775656 3.4583778
  vertex 41.362488 -24.775656 7.8954353
 endloop
endfacet
facet normal -0 -1 0
 outer loop
  vertex 37.195816 -24.775656 3.4583778
  vertex 37.667297 -24.775656 2.8094368
  vertex 41.362488 -24.775656 7.8954353
 endloop
endfacet
facet normal -0 -1 0
 outer loop
  vertex 37.667297 -24.775656 2.8094368
  vertex 38.285355 -24.775656 2.2981377
  vertex 41.362488 -24.775656 7.8954353
 endloop
endfacet
facet normal -0 -1 0
 outer loop
  vertex 38.285355 -24.775656 2.2981377
  vertex 39.01114 -24.775656 1.9566078
  vertex 41.362488 -24.775656 7.8954353
 endloop
endfacet
facet normal -0 -1 0
 outer loop
  vertex 39.01114 -24.775656 1.9566078
  vertex 39.799072 -24.775656 1.8063011
  vertex 41.362488 -24.775656 7.8954353
 endloop
endfacet
facet normal 0 -1 0
 outer loop
  vertex 39.799072 -24.775656 1.8063011
  vertex 40.59961 -24.775656 1.8566704
  vertex 41.362488 -24.775656 7.8954353
 endloop
endfacet
facet normal 0 -1 -0
 outer loop
  vertex 40.59961 -24.775656 1.8566704
  vertex 41.362488 -24.775656 2.1045418
  vertex 41.362488 -24.775656 7.8954353
 endloop
endfacet
facet normal 0 -1 0
 outer loop
  vertex 42.039764 -24.775656 7.4656296
  vertex 41.362488 -24.775656 7.8954353
  vertex 41.362488 -24.775656 2.1045418
 endloop
endfacet
facet normal 0 -1 -0
 outer loop
  vertex 41.362488 -24.775656 2.1045418
  vertex 42.039764 -24.775656 2.5343475
  vertex 42.039764 -24.775656 7.4656296
 endloop
endfacet
facet normal 0 -1 0
 outer loop
  vertex 42.588852 -24.775656 6.8809013
  vertex 42.039764 -24.775656 7.4656296
  vertex 42.039764 -24.775656 2.5343475
 endloop
endfacet
facet normal 0 -1 -0
 outer loop
  vertex 42.039764 -24.775656 2.5343475
  vertex 42.588852 -24.775656 3.1190758
  vertex 42.588852 -24.775656 6.8809013
 endloop
endfacet
facet normal 0 -1 0
 outer loop
  vertex 42.97528 -24.775656 6.177986
  vertex 42.588852 -24.775656 6.8809013
  vertex 42.588852 -24.775656 3.1190758
 endloop
endfacet
facet normal 0 -1 0
 outer loop
  vertex 42.97528 -24.775656 3.821991
  vertex 42.97528 -24.775656 6.177986
  vertex 42.588852 -24.775656 3.1190758
 endloop
endfacet
facet normal -0 -1 0
 outer loop
  vertex 42.97528 -24.775656 6.177986
  vertex 42.97528 -24.775656 3.821991
  vertex 43.174774 -24.775656 5.4010544
 endloop
endfacet
facet normal 0 -1 0
 outer loop
  vertex 43.174774 -24.775656 4.5989227
  vertex 43.174774 -24.775656 5.4010544
  vertex 42.97528 -24.775656 3.821991
 endloop
endfacet
facet normal 0 -1 0
 outer loop
  vertex 41.362488 -24.775656 7.8954353
  vertex 40.59961 -24.775656 8.143307
  vertex 39.01114 -24.775656 8.043369
 endloop
endfacet
facet normal -0 -1 0
 outer loop
  vertex 39.01114 -24.775656 8.043369
  vertex 38.285355 -24.775656 7.7018394
  vertex 41.362488 -24.775656 7.8954353
 endloop
endfacet
facet normal -0 -1 0
 outer loop
  vertex 38.285355 -24.775656 7.7018394
  vertex 37.667297 -24.775656 7.1905403
  vertex 41.362488 -24.775656 7.8954353
 endloop
endfacet
facet normal 0 -1 0
 outer loop
  vertex 40.59961 -24.775656 8.143307
  vertex 39.799072 -24.775656 8.193676
  vertex 39.01114 -24.775656 8.043369
 endloop
endfacet
facet normal -0 -1 0
 outer loop
  vertex 37.667297 -24.775656 7.1905403
  vertex 37.195816 -24.775656 6.5415993
  vertex 41.362488 -24.775656 7.8954353
 endloop
endfacet
facet normal -0 -1 0
 outer loop
  vertex 37.195816 -24.775656 6.5415993
  vertex 36.900543 -24.775656 5.7957954
  vertex 41.362488 -24.775656 7.8954353
 endloop
endfacet
facet normal 0.99211377 0 -0.12534106
 outer loop
  vertex 36.800003 -24.775656 119.76872
  vertex 36.900543 -24.775656 120.56453
  vertex 36.900543 -28.17565 120.56453
 endloop
endfacet
facet normal 0.99211377 0 -0.12534106
 outer loop
  vertex 36.900543 -28.17565 120.56453
  vertex 36.800003 -28.17565 119.76872
  vertex 36.800003 -24.775656 119.76872
 endloop
endfacet
facet normal 0.99211377 -0 0.12534106
 outer loop
  vertex 36.900543 -24.775656 118.972916
  vertex 36.800003 -24.775656 119.76872
  vertex 36.800003 -28.17565 119.76872
 endloop
endfacet
facet normal 0.99211377 0 0.12534106
 outer loop
  vertex 36.800003 -28.17565 119.76872
  vertex 36.900543 -28.17565 118.972916
  vertex 36.900543 -24.775656 118.972916
 endloop
endfacet
facet normal 0.92978156 -0 0.36811185
 outer loop
  vertex 37.195816 -24.775656 118.22711
  vertex 36.900543 -24.775656 118.972916
  vertex 36.900543 -28.17565 118.972916
 endloop
endfacet
facet normal 0.92978156 0 0.36811185
 outer loop
  vertex 36.900543 -28.17565 118.972916
  vertex 37.195816 -28.17565 118.22711
  vertex 37.195816 -24.775656 118.22711
 endloop
endfacet
facet normal 0.80901814 -0 0.5877837
 outer loop
  vertex 37.667297 -24.775656 117.57817
  vertex 37.195816 -24.775656 118.22711
  vertex 37.195816 -28.17565 118.22711
 endloop
endfacet
facet normal 0.80901814 0 0.5877837
 outer loop
  vertex 37.195816 -28.17565 118.22711
  vertex 37.667297 -28.17565 117.57817
  vertex 37.667297 -24.775656 117.57817
 endloop
endfacet
facet normal 0.63741666 -0 0.7705193
 outer loop
  vertex 37.667297 -24.775656 117.57817
  vertex 37.667297 -28.17565 117.57817
  vertex 38.285355 -24.775656 117.06688
 endloop
endfacet
facet normal 0.63741666 0 0.7705193
 outer loop
  vertex 38.285355 -28.17565 117.06688
  vertex 38.285355 -24.775656 117.06688
  vertex 37.667297 -28.17565 117.57817
 endloop
endfacet
facet normal 0.4257888 -0 0.9048226
 outer loop
  vertex 38.285355 -24.775656 117.06688
  vertex 38.285355 -28.17565 117.06688
  vertex 39.01114 -24.775656 116.72534
 endloop
endfacet
facet normal 0.4257888 0 0.9048226
 outer loop
  vertex 39.01114 -28.17565 116.72534
  vertex 39.01114 -24.775656 116.72534
  vertex 38.285355 -28.17565 117.06688
 endloop
endfacet
facet normal 0.1873726 -0 0.98228896
 outer loop
  vertex 39.01114 -24.775656 116.72534
  vertex 39.01114 -28.17565 116.72534
  vertex 39.799072 -24.775656 116.57504
 endloop
endfacet
facet normal 0.1873726 0 0.98228896
 outer loop
  vertex 39.799072 -28.17565 116.57504
  vertex 39.799072 -24.775656 116.57504
  vertex 39.01114 -28.17565 116.72534
 endloop
endfacet
facet normal -0.06279516 0 0.99802643
 outer loop
  vertex 39.799072 -24.775656 116.57504
  vertex 39.799072 -28.17565 116.57504
  vertex 40.59961 -24.775656 116.62541
 endloop
endfacet
facet normal -0.06279516 0 0.99802643
 outer loop
  vertex 40.59961 -28.17565 116.62541
  vertex 40.59961 -24.775656 116.62541
  vertex 39.799072 -28.17565 116.57504
 endloop
endfacet
facet normal -0.3090052 0 0.95106035
 outer loop
  vertex 40.59961 -24.775656 116.62541
  vertex 40.59961 -28.17565 116.62541
  vertex 41.362488 -24.775656 116.873276
 endloop
endfacet
facet normal -0.3090052 0 0.95106035
 outer loop
  vertex 41.362488 -28.17565 116.873276
  vertex 41.362488 -24.775656 116.873276
  vertex 40.59961 -28.17565 116.62541
 endloop
endfacet
facet normal -0.53582394 0 0.8443298
 outer loop
  vertex 41.362488 -24.775656 116.873276
  vertex 41.362488 -28.17565 116.873276
  vertex 42.039764 -24.775656 117.303085
 endloop
endfacet
facet normal -0.53582394 0 0.8443298
 outer loop
  vertex 42.039764 -28.17565 117.303085
  vertex 42.039764 -24.775656 117.303085
  vertex 41.362488 -28.17565 116.873276
 endloop
endfacet
facet normal -0.72897637 0 0.6845389
 outer loop
  vertex 42.039764 -24.775656 117.303085
  vertex 42.039764 -28.17565 117.303085
  vertex 42.588852 -24.775656 117.88782
 endloop
endfacet
facet normal -0.72897637 0 0.6845389
 outer loop
  vertex 42.588852 -28.17565 117.88782
  vertex 42.588852 -24.775656 117.88782
  vertex 42.039764 -28.17565 117.303085
 endloop
endfacet
facet normal -0.87630665 0 0.48175368
 outer loop
  vertex 42.588852 -24.775656 117.88782
  vertex 42.588852 -28.17565 117.88782
  vertex 42.97528 -24.775656 118.59073
 endloop
endfacet
facet normal -0.87630665 0 0.48175368
 outer loop
  vertex 42.97528 -28.17565 118.59073
  vertex 42.97528 -24.775656 118.59073
  vertex 42.588852 -28.17565 117.88782
 endloop
endfacet
facet normal -0.96857977 0 0.24870303
 outer loop
  vertex 42.97528 -24.775656 118.59073
  vertex 42.97528 -28.17565 118.59073
  vertex 43.174774 -24.775656 119.36766
 endloop
endfacet
facet normal -0.96857977 0 0.24870303
 outer loop
  vertex 43.174774 -28.17565 119.36766
  vertex 43.174774 -24.775656 119.36766
  vertex 42.97528 -28.17565 118.59073
 endloop
endfacet
facet normal -1 0 -0
 outer loop
  vertex 43.174774 -24.775656 119.36766
  vertex 43.174774 -28.17565 119.36766
  vertex 43.174774 -24.775656 120.1698
 endloop
endfacet
facet normal -1 0 0
 outer loop
  vertex 43.174774 -28.17565 120.1698
  vertex 43.174774 -24.775656 120.1698
  vertex 43.174774 -28.17565 119.36766
 endloop
endfacet
facet normal -0.96857977 0 -0.24870303
 outer loop
  vertex 43.174774 -24.775656 120.1698
  vertex 43.174774 -28.17565 120.1698
  vertex 42.97528 -24.775656 120.94673
 endloop
endfacet
facet normal -0.96857977 -0 -0.24870303
 outer loop
  vertex 42.97528 -28.17565 120.94673
  vertex 42.97528 -24.775656 120.94673
  vertex 43.174774 -28.17565 120.1698
 endloop
endfacet
facet normal -0.87630665 0 -0.48175368
 outer loop
  vertex 42.97528 -24.775656 120.94673
  vertex 42.97528 -28.17565 120.94673
  vertex 42.588852 -24.775656 121.64964
 endloop
endfacet
facet normal -0.87630665 -0 -0.48175368
 outer loop
  vertex 42.588852 -28.17565 121.64964
  vertex 42.588852 -24.775656 121.64964
  vertex 42.97528 -28.17565 120.94673
 endloop
endfacet
facet normal -0.72897637 0 -0.6845389
 outer loop
  vertex 42.588852 -24.775656 121.64964
  vertex 42.588852 -28.17565 121.64964
  vertex 42.039764 -24.775656 122.234375
 endloop
endfacet
facet normal -0.72897637 -0 -0.6845389
 outer loop
  vertex 42.039764 -28.17565 122.234375
  vertex 42.039764 -24.775656 122.234375
  vertex 42.588852 -28.17565 121.64964
 endloop
endfacet
facet normal -0.5358104 0 -0.8443384
 outer loop
  vertex 42.039764 -28.17565 122.234375
  vertex 41.362488 -24.775656 122.66417
  vertex 42.039764 -24.775656 122.234375
 endloop
endfacet
facet normal -0.5358104 0 -0.8443384
 outer loop
  vertex 41.362488 -24.775656 122.66417
  vertex 42.039764 -28.17565 122.234375
  vertex 41.362488 -28.17565 122.66417
 endloop
endfacet
facet normal -0.3090224 0 -0.9510547
 outer loop
  vertex 41.362488 -28.17565 122.66417
  vertex 40.59961 -24.775656 122.91205
  vertex 41.362488 -24.775656 122.66417
 endloop
endfacet
facet normal -0.3090224 0 -0.9510547
 outer loop
  vertex 40.59961 -24.775656 122.91205
  vertex 41.362488 -28.17565 122.66417
  vertex 40.59961 -28.17565 122.91205
 endloop
endfacet
facet normal -0.06279516 0 -0.99802643
 outer loop
  vertex 40.59961 -28.17565 122.91205
  vertex 39.799072 -24.775656 122.96242
  vertex 40.59961 -24.775656 122.91205
 endloop
endfacet
facet normal -0.06279516 0 -0.99802643
 outer loop
  vertex 39.799072 -24.775656 122.96242
  vertex 40.59961 -28.17565 122.91205
  vertex 39.799072 -28.17565 122.96242
 endloop
endfacet
facet normal 0.18739094 0 -0.98228544
 outer loop
  vertex 39.799072 -28.17565 122.96242
  vertex 39.01114 -24.775656 122.8121
  vertex 39.799072 -24.775656 122.96242
 endloop
endfacet
facet normal 0.18739094 0 -0.98228544
 outer loop
  vertex 39.01114 -24.775656 122.8121
  vertex 39.799072 -28.17565 122.96242
  vertex 39.01114 -28.17565 122.8121
 endloop
endfacet
facet normal 0.42577323 0 -0.9048299
 outer loop
  vertex 39.01114 -28.17565 122.8121
  vertex 38.285355 -24.775656 122.47058
  vertex 39.01114 -24.775656 122.8121
 endloop
endfacet
facet normal 0.42577323 0 -0.9048299
 outer loop
  vertex 38.285355 -24.775656 122.47058
  vertex 39.01114 -28.17565 122.8121
  vertex 38.285355 -28.17565 122.47058
 endloop
endfacet
facet normal 0.637428 0 -0.77050996
 outer loop
  vertex 38.285355 -28.17565 122.47058
  vertex 37.667297 -24.775656 121.959274
  vertex 38.285355 -24.775656 122.47058
 endloop
endfacet
facet normal 0.637428 0 -0.77050996
 outer loop
  vertex 37.667297 -24.775656 121.959274
  vertex 38.285355 -28.17565 122.47058
  vertex 37.667297 -28.17565 121.959274
 endloop
endfacet
facet normal 0.80901814 0 -0.5877837
 outer loop
  vertex 37.195816 -24.775656 121.31033
  vertex 37.667297 -24.775656 121.959274
  vertex 37.667297 -28.17565 121.959274
 endloop
endfacet
facet normal 0.80901814 0 -0.5877837
 outer loop
  vertex 37.667297 -28.17565 121.959274
  vertex 37.195816 -28.17565 121.31033
  vertex 37.195816 -24.775656 121.31033
 endloop
endfacet
facet normal 0.92978156 0 -0.36811185
 outer loop
  vertex 36.900543 -24.775656 120.56453
  vertex 37.195816 -24.775656 121.31033
  vertex 37.195816 -28.17565 121.31033
 endloop
endfacet
facet normal 0.92978156 0 -0.36811185
 outer loop
  vertex 37.195816 -28.17565 121.31033
  vertex 36.900543 -28.17565 120.56453
  vertex 36.900543 -24.775656 120.56453
 endloop
endfacet
facet normal -0 -1 0
 outer loop
  vertex 36.900543 -24.775656 120.56453
  vertex 36.800003 -24.775656 119.76872
  vertex 41.362488 -24.775656 122.66417
 endloop
endfacet
facet normal -0 -1 0
 outer loop
  vertex 36.800003 -24.775656 119.76872
  vertex 36.900543 -24.775656 118.972916
  vertex 41.362488 -24.775656 122.66417
 endloop
endfacet
facet normal -0 -1 0
 outer loop
  vertex 36.900543 -24.775656 118.972916
  vertex 37.195816 -24.775656 118.22711
  vertex 41.362488 -24.775656 122.66417
 endloop
endfacet
facet normal -0 -1 0
 outer loop
  vertex 37.195816 -24.775656 118.22711
  vertex 37.667297 -24.775656 117.57817
  vertex 41.362488 -24.775656 122.66417
 endloop
endfacet
facet normal -0 -1 0
 outer loop
  vertex 37.667297 -24.775656 117.57817
  vertex 38.285355 -24.775656 117.06688
  vertex 41.362488 -24.775656 122.66417
 endloop
endfacet
facet normal -0 -1 0
 outer loop
  vertex 38.285355 -24.775656 117.06688
  vertex 39.01114 -24.775656 116.72534
  vertex 41.362488 -24.775656 122.66417
 endloop
endfacet
facet normal -0 -1 0
 outer loop
  vertex 39.01114 -24.775656 116.72534
  vertex 39.799072 -24.775656 116.57504
  vertex 41.362488 -24.775656 122.66417
 endloop
endfacet
facet normal 0 -1 0
 outer loop
  vertex 39.799072 -24.775656 116.57504
  vertex 40.59961 -24.775656 116.62541
  vertex 41.362488 -24.775656 122.66417
 endloop
endfacet
facet normal 0 -1 -0
 outer loop
  vertex 40.59961 -24.775656 116.62541
  vertex 41.362488 -24.775656 116.873276
  vertex 41.362488 -24.775656 122.66417
 endloop
endfacet
facet normal 0 -1 0
 outer loop
  vertex 42.039764 -24.775656 122.234375
  vertex 41.362488 -24.775656 122.66417
  vertex 41.362488 -24.775656 116.873276
 endloop
endfacet
facet normal 0 -1 -0
 outer loop
  vertex 41.362488 -24.775656 116.873276
  vertex 42.039764 -24.775656 117.303085
  vertex 42.039764 -24.775656 122.234375
 endloop
endfacet
facet normal 0 -1 0
 outer loop
  vertex 42.588852 -24.775656 121.64964
  vertex 42.039764 -24.775656 122.234375
  vertex 42.039764 -24.775656 117.303085
 endloop
endfacet
facet normal 0 -1 -0
 outer loop
  vertex 42.039764 -24.775656 117.303085
  vertex 42.588852 -24.775656 117.88782
  vertex 42.588852 -24.775656 121.64964
 endloop
endfacet
facet normal 0 -1 0
 outer loop
  vertex 42.97528 -24.775656 120.94673
  vertex 42.588852 -24.775656 121.64964
  vertex 42.588852 -24.775656 117.88782
 endloop
endfacet
facet normal 0 -1 0
 outer loop
  vertex 42.97528 -24.775656 118.59073
  vertex 42.97528 -24.775656 120.94673
  vertex 42.588852 -24.775656 117.88782
 endloop
endfacet
facet normal -0 -1 0
 outer loop
  vertex 42.97528 -24.775656 120.94673
  vertex 42.97528 -24.775656 118.59073
  vertex 43.174774 -24.775656 120.1698
 endloop
endfacet
facet normal 0 -1 0
 outer loop
  vertex 43.174774 -24.775656 119.36766
  vertex 43.174774 -24.775656 120.1698
  vertex 42.97528 -24.775656 118.59073
 endloop
endfacet
facet normal 0 -1 0
 outer loop
  vertex 41.362488 -24.775656 122.66417
  vertex 40.59961 -24.775656 122.91205
  vertex 39.01114 -24.775656 122.8121
 endloop
endfacet
facet normal -0 -1 0
 outer loop
  vertex 39.01114 -24.775656 122.8121
  vertex 38.285355 -24.775656 122.47058
  vertex 41.362488 -24.775656 122.66417
 endloop
endfacet
facet normal -0 -1 0
 outer loop
  vertex 38.285355 -24.775656 122.47058
  vertex 37.667297 -24.775656 121.959274
  vertex 41.362488 -24.775656 122.66417
 endloop
endfacet
facet normal 0 -1 0
 outer loop
  vertex 40.59961 -24.775656 122.91205
  vertex 39.799072 -24.775656 122.96242
  vertex 39.01114 -24.775656 122.8121
 endloop
endfacet
facet normal -0 -1 0
 outer loop
  vertex 37.667297 -24.775656 121.959274
  vertex 37.195816 -24.775656 121.31033
  vertex 41.362488 -24.775656 122.66417
 endloop
endfacet
facet normal -0 -1 0
 outer loop
  vertex 37.195816 -24.775656 121.31033
  vertex 36.900543 -24.775656 120.56453
  vertex 41.362488 -24.775656 122.66417
 endloop
endfacet
facet normal 0.99211377 0 -0.12534106
 outer loop
  vertex -3.1999977 -24.775656 4.9999886
  vertex -3.0994575 -24.775656 5.7957954
  vertex -3.0994575 -28.17565 5.7957954
 endloop
endfacet
facet normal 0.99211377 0 -0.12534106
 outer loop
  vertex -3.0994575 -28.17565 5.7957954
  vertex -3.1999977 -28.17565 4.9999886
  vertex -3.1999977 -24.775656 4.9999886
 endloop
endfacet
facet normal 0.99211377 -0 0.12534106
 outer loop
  vertex -3.0994575 -24.775656 4.2041817
  vertex -3.1999977 -24.775656 4.9999886
  vertex -3.1999977 -28.17565 4.9999886
 endloop
endfacet
facet normal 0.99211377 0 0.12534106
 outer loop
  vertex -3.1999977 -28.17565 4.9999886
  vertex -3.0994575 -28.17565 4.2041817
  vertex -3.0994575 -24.775656 4.2041817
 endloop
endfacet
facet normal 0.92978156 -0 0.36811185
 outer loop
  vertex -2.8041847 -24.775656 3.4583778
  vertex -3.0994575 -24.775656 4.2041817
  vertex -3.0994575 -28.17565 4.2041817
 endloop
endfacet
facet normal 0.92978156 0 0.36811185
 outer loop
  vertex -3.0994575 -28.17565 4.2041817
  vertex -2.8041847 -28.17565 3.4583778
  vertex -2.8041847 -24.775656 3.4583778
 endloop
endfacet
facet normal 0.80901814 -0 0.5877837
 outer loop
  vertex -2.3327034 -24.775656 2.8094368
  vertex -2.8041847 -24.775656 3.4583778
  vertex -2.8041847 -28.17565 3.4583778
 endloop
endfacet
facet normal 0.80901814 0 0.5877837
 outer loop
  vertex -2.8041847 -28.17565 3.4583778
  vertex -2.3327034 -28.17565 2.8094368
  vertex -2.3327034 -24.775656 2.8094368
 endloop
endfacet
facet normal 0.63742226 -0 0.7705146
 outer loop
  vertex -2.3327034 -24.775656 2.8094368
  vertex -2.3327034 -28.17565 2.8094368
  vertex -1.7146461 -24.775656 2.2981377
 endloop
endfacet
facet normal 0.63742226 0 0.7705146
 outer loop
  vertex -1.7146461 -28.17565 2.2981377
  vertex -1.7146461 -24.775656 2.2981377
  vertex -2.3327034 -28.17565 2.8094368
 endloop
endfacet
facet normal 0.425781 -0 0.9048262
 outer loop
  vertex -1.7146461 -24.775656 2.2981377
  vertex -1.7146461 -28.17565 2.2981377
  vertex -0.9888618 -24.775656 1.9566078
 endloop
endfacet
facet normal 0.425781 0 0.9048262
 outer loop
  vertex -0.9888618 -28.17565 1.9566078
  vertex -0.9888618 -24.775656 1.9566078
  vertex -1.7146461 -28.17565 2.2981377
 endloop
endfacet
facet normal 0.18738176 -0 0.9822871
 outer loop
  vertex -0.9888618 -24.775656 1.9566078
  vertex -0.9888618 -28.17565 1.9566078
  vertex -0.20092845 -24.775656 1.8063011
 endloop
endfacet
facet normal 0.18738176 0 0.9822871
 outer loop
  vertex -0.20092845 -28.17565 1.8063011
  vertex -0.20092845 -24.775656 1.8063011
  vertex -0.9888618 -28.17565 1.9566078
 endloop
endfacet
facet normal -0.06279396 0 0.9980265
 outer loop
  vertex -0.20092845 -24.775656 1.8063011
  vertex -0.20092845 -28.17565 1.8063011
  vertex 0.5996239 -24.775656 1.8566704
 endloop
endfacet
facet normal -0.06279396 0 0.9980265
 outer loop
  vertex 0.5996239 -28.17565 1.8566704
  vertex 0.5996239 -24.775656 1.8566704
  vertex -0.20092845 -28.17565 1.8063011
 endloop
endfacet
facet normal -0.30901942 0 0.95105577
 outer loop
  vertex 0.5996239 -24.775656 1.8566704
  vertex 0.5996239 -28.17565 1.8566704
  vertex 1.3624871 -24.775656 2.1045418
 endloop
endfacet
facet normal -0.30901942 0 0.95105577
 outer loop
  vertex 1.3624871 -28.17565 2.1045418
  vertex 1.3624871 -24.775656 2.1045418
  vertex 0.5996239 -28.17565 1.8566704
 endloop
endfacet
facet normal -0.53582054 0 0.8443319
 outer loop
  vertex 1.3624871 -24.775656 2.1045418
  vertex 1.3624871 -28.17565 2.1045418
  vertex 2.0397637 -24.775656 2.5343475
 endloop
endfacet
facet normal -0.53582054 0 0.8443319
 outer loop
  vertex 2.0397637 -28.17565 2.5343475
  vertex 2.0397637 -24.775656 2.5343475
  vertex 1.3624871 -28.17565 2.1045418
 endloop
endfacet
facet normal -0.7289741 0 0.6845412
 outer loop
  vertex 2.0397637 -24.775656 2.5343475
  vertex 2.0397637 -28.17565 2.5343475
  vertex 2.5888512 -24.775656 3.1190758
 endloop
endfacet
facet normal -0.7289741 0 0.6845412
 outer loop
  vertex 2.5888512 -28.17565 3.1190758
  vertex 2.5888512 -24.775656 3.1190758
  vertex 2.0397637 -28.17565 2.5343475
 endloop
endfacet
facet normal -0.8763078 0 0.4817517
 outer loop
  vertex 2.5888512 -24.775656 3.1190758
  vertex 2.5888512 -28.17565 3.1190758
  vertex 2.97528 -24.775656 3.821991
 endloop
endfacet
facet normal -0.8763078 0 0.4817517
 outer loop
  vertex 2.97528 -28.17565 3.821991
  vertex 2.97528 -24.775656 3.821991
  vertex 2.5888512 -28.17565 3.1190758
 endloop
endfacet
facet normal -0.96857977 0 0.24870303
 outer loop
  vertex 2.97528 -24.775656 3.821991
  vertex 2.97528 -28.17565 3.821991
  vertex 3.1747735 -24.775656 4.5989227
 endloop
endfacet
facet normal -0.96857977 0 0.24870303
 outer loop
  vertex 3.1747735 -28.17565 4.5989227
  vertex 3.1747735 -24.775656 4.5989227
  vertex 2.97528 -28.17565 3.821991
 endloop
endfacet
facet normal -1 0 -0
 outer loop
  vertex 3.1747735 -24.775656 4.5989227
  vertex 3.1747735 -28.17565 4.5989227
  vertex 3.1747735 -24.775656 5.4010544
 endloop
endfacet
facet normal -1 0 0
 outer loop
  vertex 3.1747735 -28.17565 5.4010544
  vertex 3.1747735 -24.775656 5.4010544
  vertex 3.1747735 -28.17565 4.5989227
 endloop
endfacet
facet normal -0.96857977 0 -0.24870303
 outer loop
  vertex 3.1747735 -24.775656 5.4010544
  vertex 3.1747735 -28.17565 5.4010544
  vertex 2.97528 -24.775656 6.177986
 endloop
endfacet
facet normal -0.96857977 -0 -0.24870303
 outer loop
  vertex 2.97528 -28.17565 6.177986
  vertex 2.97528 -24.775656 6.177986
  vertex 3.1747735 -28.17565 5.4010544
 endloop
endfacet
facet normal -0.8763078 0 -0.4817517
 outer loop
  vertex 2.97528 -24.775656 6.177986
  vertex 2.97528 -28.17565 6.177986
  vertex 2.5888512 -24.775656 6.8809013
 endloop
endfacet
facet normal -0.8763078 -0 -0.4817517
 outer loop
  vertex 2.5888512 -28.17565 6.8809013
  vertex 2.5888512 -24.775656 6.8809013
  vertex 2.97528 -28.17565 6.177986
 endloop
endfacet
facet normal -0.7289741 0 -0.6845412
 outer loop
  vertex 2.5888512 -24.775656 6.8809013
  vertex 2.5888512 -28.17565 6.8809013
  vertex 2.0397637 -24.775656 7.4656296
 endloop
endfacet
facet normal -0.7289741 -0 -0.6845412
 outer loop
  vertex 2.0397637 -28.17565 7.4656296
  vertex 2.0397637 -24.775656 7.4656296
  vertex 2.5888512 -28.17565 6.8809013
 endloop
endfacet
facet normal -0.53582054 0 -0.8443319
 outer loop
  vertex 2.0397637 -28.17565 7.4656296
  vertex 1.3624871 -24.775656 7.8954353
  vertex 2.0397637 -24.775656 7.4656296
 endloop
endfacet
facet normal -0.53582054 0 -0.8443319
 outer loop
  vertex 1.3624871 -24.775656 7.8954353
  vertex 2.0397637 -28.17565 7.4656296
  vertex 1.3624871 -28.17565 7.8954353
 endloop
endfacet
facet normal -0.30901942 0 -0.95105577
 outer loop
  vertex 1.3624871 -28.17565 7.8954353
  vertex 0.5996239 -24.775656 8.143307
  vertex 1.3624871 -24.775656 7.8954353
 endloop
endfacet
facet normal -0.30901942 0 -0.95105577
 outer loop
  vertex 0.5996239 -24.775656 8.143307
  vertex 1.3624871 -28.17565 7.8954353
  vertex 0.5996239 -28.17565 8.143307
 endloop
endfacet
facet normal -0.06279396 0 -0.9980265
 outer loop
  vertex 0.5996239 -28.17565 8.143307
  vertex -0.20092845 -24.775656 8.193676
  vertex 0.5996239 -24.775656 8.143307
 endloop
endfacet
facet normal -0.06279396 0 -0.9980265
 outer loop
  vertex -0.20092845 -24.775656 8.193676
  vertex 0.5996239 -28.17565 8.143307
  vertex -0.20092845 -28.17565 8.193676
 endloop
endfacet
facet normal 0.18738176 0 -0.9822871
 outer loop
  vertex -0.20092845 -28.17565 8.193676
  vertex -0.9888618 -24.775656 8.043369
  vertex -0.20092845 -24.775656 8.193676
 endloop
endfacet
facet normal 0.18738176 0 -0.9822871
 outer loop
  vertex -0.9888618 -24.775656 8.043369
  vertex -0.20092845 -28.17565 8.193676
  vertex -0.9888618 -28.17565 8.043369
 endloop
endfacet
facet normal 0.425781 0 -0.9048262
 outer loop
  vertex -0.9888618 -28.17565 8.043369
  vertex -1.7146461 -24.775656 7.7018394
  vertex -0.9888618 -24.775656 8.043369
 endloop
endfacet
facet normal 0.425781 0 -0.9048262
 outer loop
  vertex -1.7146461 -24.775656 7.7018394
  vertex -0.9888618 -28.17565 8.043369
  vertex -1.7146461 -28.17565 7.7018394
 endloop
endfacet
facet normal 0.63742226 0 -0.7705146
 outer loop
  vertex -1.7146461 -28.17565 7.7018394
  vertex -2.3327034 -24.775656 7.1905403
  vertex -1.7146461 -24.775656 7.7018394
 endloop
endfacet
facet normal 0.63742226 0 -0.7705146
 outer loop
  vertex -2.3327034 -24.775656 7.1905403
  vertex -1.7146461 -28.17565 7.7018394
  vertex -2.3327034 -28.17565 7.1905403
 endloop
endfacet
facet normal 0.80901814 0 -0.5877837
 outer loop
  vertex -2.8041847 -24.775656 6.5415993
  vertex -2.3327034 -24.775656 7.1905403
  vertex -2.3327034 -28.17565 7.1905403
 endloop
endfacet
facet normal 0.80901814 0 -0.5877837
 outer loop
  vertex -2.3327034 -28.17565 7.1905403
  vertex -2.8041847 -28.17565 6.5415993
  vertex -2.8041847 -24.775656 6.5415993
 endloop
endfacet
facet normal 0.92978156 0 -0.36811185
 outer loop
  vertex -3.0994575 -24.775656 5.7957954
  vertex -2.8041847 -24.775656 6.5415993
  vertex -2.8041847 -28.17565 6.5415993
 endloop
endfacet
facet normal 0.92978156 0 -0.36811185
 outer loop
  vertex -2.8041847 -28.17565 6.5415993
  vertex -3.0994575 -28.17565 5.7957954
  vertex -3.0994575 -24.775656 5.7957954
 endloop
endfacet
facet normal -0 -1 0
 outer loop
  vertex -3.0994575 -24.775656 5.7957954
  vertex -3.1999977 -24.775656 4.9999886
  vertex 1.3624871 -24.775656 7.8954353
 endloop
endfacet
facet normal -0 -1 0
 outer loop
  vertex -3.1999977 -24.775656 4.9999886
  vertex -3.0994575 -24.775656 4.2041817
  vertex 1.3624871 -24.775656 7.8954353
 endloop
endfacet
facet normal -0 -1 0
 outer loop
  vertex -3.0994575 -24.775656 4.2041817
  vertex -2.8041847 -24.775656 3.4583778
  vertex 1.3624871 -24.775656 7.8954353
 endloop
endfacet
facet normal -0 -1 0
 outer loop
  vertex -2.8041847 -24.775656 3.4583778
  vertex -2.3327034 -24.775656 2.8094368
  vertex 1.3624871 -24.775656 7.8954353
 endloop
endfacet
facet normal -0 -1 0
 outer loop
  vertex -2.3327034 -24.775656 2.8094368
  vertex -1.7146461 -24.775656 2.2981377
  vertex 1.3624871 -24.775656 7.8954353
 endloop
endfacet
facet normal -0 -1 0
 outer loop
  vertex -1.7146461 -24.775656 2.2981377
  vertex -0.9888618 -24.775656 1.9566078
  vertex 1.3624871 -24.775656 7.8954353
 endloop
endfacet
facet normal -0 -1 0
 outer loop
  vertex -0.9888618 -24.775656 1.9566078
  vertex -0.20092845 -24.775656 1.8063011
  vertex 1.3624871 -24.775656 7.8954353
 endloop
endfacet
facet normal 0 -1 0
 outer loop
  vertex -0.20092845 -24.775656 1.8063011
  vertex 0.5996239 -24.775656 1.8566704
  vertex 1.3624871 -24.775656 7.8954353
 endloop
endfacet
facet normal 0 -1 -0
 outer loop
  vertex 0.5996239 -24.775656 1.8566704
  vertex 1.3624871 -24.775656 2.1045418
  vertex 1.3624871 -24.775656 7.8954353
 endloop
endfacet
facet normal 0 -1 0
 outer loop
  vertex 2.0397637 -24.775656 7.4656296
  vertex 1.3624871 -24.775656 7.8954353
  vertex 1.3624871 -24.775656 2.1045418
 endloop
endfacet
facet normal 0 -1 -0
 outer loop
  vertex 1.3624871 -24.775656 2.1045418
  vertex 2.0397637 -24.775656 2.5343475
  vertex 2.0397637 -24.775656 7.4656296
 endloop
endfacet
facet normal 0 -1 0
 outer loop
  vertex 2.5888512 -24.775656 6.8809013
  vertex 2.0397637 -24.775656 7.4656296
  vertex 2.0397637 -24.775656 2.5343475
 endloop
endfacet
facet normal 0 -1 -0
 outer loop
  vertex 2.0397637 -24.775656 2.5343475
  vertex 2.5888512 -24.775656 3.1190758
  vertex 2.5888512 -24.775656 6.8809013
 endloop
endfacet
facet normal 0 -1 0
 outer loop
  vertex 2.97528 -24.775656 6.177986
  vertex 2.5888512 -24.775656 6.8809013
  vertex 2.5888512 -24.775656 3.1190758
 endloop
endfacet
facet normal 0 -1 0
 outer loop
  vertex 2.97528 -24.775656 3.821991
  vertex 2.97528 -24.775656 6.177986
  vertex 2.5888512 -24.775656 3.1190758
 endloop
endfacet
facet normal -0 -1 0
 outer loop
  vertex 2.97528 -24.775656 6.177986
  vertex 2.97528 -24.775656 3.821991
  vertex 3.1747735 -24.775656 5.4010544
 endloop
endfacet
facet normal 0 -1 0
 outer loop
  vertex 3.1747735 -24.775656 4.5989227
  vertex 3.1747735 -24.775656 5.4010544
  vertex 2.97528 -24.775656 3.821991
 endloop
endfacet
facet normal 0 -1 0
 outer loop
  vertex 1.3624871 -24.775656 7.8954353
  vertex 0.5996239 -24.775656 8.143307
  vertex -0.9888618 -24.775656 8.043369
 endloop
endfacet
facet normal -0 -1 0
 outer loop
  vertex -0.9888618 -24.775656 8.043369
  vertex -1.7146461 -24.775656 7.7018394
  vertex 1.3624871 -24.775656 7.8954353
 endloop
endfacet
facet normal -0 -1 0
 outer loop
  vertex -1.7146461 -24.775656 7.7018394
  vertex -2.3327034 -24.775656 7.1905403
  vertex 1.3624871 -24.775656 7.8954353
 endloop
endfacet
facet normal 0 -1 0
 outer loop
  vertex 0.5996239 -24.775656 8.143307
  vertex -0.20092845 -24.775656 8.193676
  vertex -0.9888618 -24.775656 8.043369
 endloop
endfacet
facet normal -0 -1 0
 outer loop
  vertex -2.3327034 -24.775656 7.1905403
  vertex -2.8041847 -24.775656 6.5415993
  vertex 1.3624871 -24.775656 7.8954353
 endloop
endfacet
facet normal -0 -1 0
 outer loop
  vertex -2.8041847 -24.775656 6.5415993
  vertex -3.0994575 -24.775656 5.7957954
  vertex 1.3624871 -24.775656 7.8954353
 endloop
endfacet
facet normal 0.9921149 0 -0.12533168
 outer loop
  vertex -43.199997 -24.775656 119.999985
  vertex -43.099464 -24.775656 120.79579
  vertex -43.099464 -28.17565 120.79579
 endloop
endfacet
facet normal 0.9921149 0 -0.12533168
 outer loop
  vertex -43.099464 -28.17565 120.79579
  vertex -43.199997 -28.17565 119.999985
  vertex -43.199997 -24.775656 119.999985
 endloop
endfacet
facet normal 0.9921149 -0 0.12533168
 outer loop
  vertex -43.099464 -24.775656 119.20418
  vertex -43.199997 -24.775656 119.999985
  vertex -43.199997 -28.17565 119.999985
 endloop
endfacet
facet normal 0.9921149 0 0.12533168
 outer loop
  vertex -43.199997 -28.17565 119.999985
  vertex -43.099464 -28.17565 119.20418
  vertex -43.099464 -24.775656 119.20418
 endloop
endfacet
facet normal 0.9297782 -0 0.36812007
 outer loop
  vertex -42.804184 -24.775656 118.458374
  vertex -43.099464 -24.775656 119.20418
  vertex -43.099464 -28.17565 119.20418
 endloop
endfacet
facet normal 0.9297782 0 0.36812007
 outer loop
  vertex -43.099464 -28.17565 119.20418
  vertex -42.804184 -28.17565 118.458374
  vertex -42.804184 -24.775656 118.458374
 endloop
endfacet
facet normal 0.80901814 -0 0.5877837
 outer loop
  vertex -42.332703 -24.775656 117.80943
  vertex -42.804184 -24.775656 118.458374
  vertex -42.804184 -28.17565 118.458374
 endloop
endfacet
facet normal 0.80901814 0 0.5877837
 outer loop
  vertex -42.804184 -28.17565 118.458374
  vertex -42.332703 -28.17565 117.80943
  vertex -42.332703 -24.775656 117.80943
 endloop
endfacet
facet normal 0.63741666 -0 0.7705193
 outer loop
  vertex -42.332703 -24.775656 117.80943
  vertex -42.332703 -28.17565 117.80943
  vertex -41.714645 -24.775656 117.29814
 endloop
endfacet
facet normal 0.63741666 0 0.7705193
 outer loop
  vertex -41.714645 -28.17565 117.29814
  vertex -41.714645 -24.775656 117.29814
  vertex -42.332703 -28.17565 117.80943
 endloop
endfacet
facet normal 0.4257888 -0 0.9048226
 outer loop
  vertex -41.714645 -24.775656 117.29814
  vertex -41.714645 -28.17565 117.29814
  vertex -40.98886 -24.775656 116.956604
 endloop
endfacet
facet normal 0.4257888 0 0.9048226
 outer loop
  vertex -40.98886 -28.17565 116.956604
  vertex -40.98886 -24.775656 116.956604
  vertex -41.714645 -28.17565 117.29814
 endloop
endfacet
facet normal 0.1873726 -0 0.98228896
 outer loop
  vertex -40.98886 -24.775656 116.956604
  vertex -40.98886 -28.17565 116.956604
  vertex -40.200928 -24.775656 116.806305
 endloop
endfacet
facet normal 0.1873726 0 0.98228896
 outer loop
  vertex -40.200928 -28.17565 116.806305
  vertex -40.200928 -24.775656 116.806305
  vertex -40.98886 -28.17565 116.956604
 endloop
endfacet
facet normal -0.06279396 0 0.9980265
 outer loop
  vertex -40.200928 -24.775656 116.806305
  vertex -40.200928 -28.17565 116.806305
  vertex -39.400375 -24.775656 116.856674
 endloop
endfacet
facet normal -0.06279396 0 0.9980265
 outer loop
  vertex -39.400375 -28.17565 116.856674
  vertex -39.400375 -24.775656 116.856674
  vertex -40.200928 -28.17565 116.806305
 endloop
endfacet
facet normal -0.3090108 0 0.9510585
 outer loop
  vertex -39.400375 -24.775656 116.856674
  vertex -39.400375 -28.17565 116.856674
  vertex -38.637512 -24.775656 117.10454
 endloop
endfacet
facet normal -0.3090108 0 0.9510585
 outer loop
  vertex -38.637512 -28.17565 117.10454
  vertex -38.637512 -24.775656 117.10454
  vertex -39.400375 -28.17565 116.856674
 endloop
endfacet
facet normal -0.53582394 0 0.8443298
 outer loop
  vertex -38.637512 -24.775656 117.10454
  vertex -38.637512 -28.17565 117.10454
  vertex -37.960236 -24.775656 117.53435
 endloop
endfacet
facet normal -0.53582394 0 0.8443298
 outer loop
  vertex -37.960236 -28.17565 117.53435
  vertex -37.960236 -24.775656 117.53435
  vertex -38.637512 -28.17565 117.10454
 endloop
endfacet
facet normal -0.72897637 0 0.6845389
 outer loop
  vertex -37.960236 -24.775656 117.53435
  vertex -37.960236 -28.17565 117.53435
  vertex -37.411148 -24.775656 118.11908
 endloop
endfacet
facet normal -0.72897637 0 0.6845389
 outer loop
  vertex -37.411148 -28.17565 118.11908
  vertex -37.411148 -24.775656 118.11908
  vertex -37.960236 -28.17565 117.53435
 endloop
endfacet
facet normal -0.87630665 0 0.48175368
 outer loop
  vertex -37.411148 -24.775656 118.11908
  vertex -37.411148 -28.17565 118.11908
  vertex -37.02472 -24.775656 118.82199
 endloop
endfacet
facet normal -0.87630665 0 0.48175368
 outer loop
  vertex -37.02472 -28.17565 118.82199
  vertex -37.02472 -24.775656 118.82199
  vertex -37.411148 -28.17565 118.11908
 endloop
endfacet
facet normal -0.96857977 0 0.24870303
 outer loop
  vertex -37.02472 -24.775656 118.82199
  vertex -37.02472 -28.17565 118.82199
  vertex -36.825226 -24.775656 119.59892
 endloop
endfacet
facet normal -0.96857977 0 0.24870303
 outer loop
  vertex -36.825226 -28.17565 119.59892
  vertex -36.825226 -24.775656 119.59892
  vertex -37.02472 -28.17565 118.82199
 endloop
endfacet
facet normal -1 0 -0
 outer loop
  vertex -36.825226 -24.775656 119.59892
  vertex -36.825226 -28.17565 119.59892
  vertex -36.825226 -24.775656 120.40106
 endloop
endfacet
facet normal -1 0 0
 outer loop
  vertex -36.825226 -28.17565 120.40106
  vertex -36.825226 -24.775656 120.40106
  vertex -36.825226 -28.17565 119.59892
 endloop
endfacet
facet normal -0.96857977 0 -0.24870303
 outer loop
  vertex -36.825226 -24.775656 120.40106
  vertex -36.825226 -28.17565 120.40106
  vertex -37.02472 -24.775656 121.17799
 endloop
endfacet
facet normal -0.96857977 -0 -0.24870303
 outer loop
  vertex -37.02472 -28.17565 121.17799
  vertex -37.02472 -24.775656 121.17799
  vertex -36.825226 -28.17565 120.40106
 endloop
endfacet
facet normal -0.87630665 0 -0.48175368
 outer loop
  vertex -37.02472 -24.775656 121.17799
  vertex -37.02472 -28.17565 121.17799
  vertex -37.411148 -24.775656 121.880905
 endloop
endfacet
facet normal -0.87630665 -0 -0.48175368
 outer loop
  vertex -37.411148 -28.17565 121.880905
  vertex -37.411148 -24.775656 121.880905
  vertex -37.02472 -28.17565 121.17799
 endloop
endfacet
facet normal -0.72897637 0 -0.6845389
 outer loop
  vertex -37.411148 -24.775656 121.880905
  vertex -37.411148 -28.17565 121.880905
  vertex -37.960236 -24.775656 122.46564
 endloop
endfacet
facet normal -0.72897637 -0 -0.6845389
 outer loop
  vertex -37.960236 -28.17565 122.46564
  vertex -37.960236 -24.775656 122.46564
  vertex -37.411148 -28.17565 121.880905
 endloop
endfacet
facet normal -0.5358104 0 -0.8443384
 outer loop
  vertex -37.960236 -28.17565 122.46564
  vertex -38.637512 -24.775656 122.89543
  vertex -37.960236 -24.775656 122.46564
 endloop
endfacet
facet normal -0.5358104 0 -0.8443384
 outer loop
  vertex -38.637512 -24.775656 122.89543
  vertex -37.960236 -28.17565 122.46564
  vertex -38.637512 -28.17565 122.89543
 endloop
endfacet
facet normal -0.30902803 0 -0.95105296
 outer loop
  vertex -38.637512 -28.17565 122.89543
  vertex -39.400375 -24.775656 123.14331
  vertex -38.637512 -24.775656 122.89543
 endloop
endfacet
facet normal -0.30902803 0 -0.95105296
 outer loop
  vertex -39.400375 -24.775656 123.14331
  vertex -38.637512 -28.17565 122.89543
  vertex -39.400375 -28.17565 123.14331
 endloop
endfacet
facet normal -0.06279396 0 -0.9980265
 outer loop
  vertex -39.400375 -28.17565 123.14331
  vertex -40.200928 -24.775656 123.19368
  vertex -39.400375 -24.775656 123.14331
 endloop
endfacet
facet normal -0.06279396 0 -0.9980265
 outer loop
  vertex -40.200928 -24.775656 123.19368
  vertex -39.400375 -28.17565 123.14331
  vertex -40.200928 -28.17565 123.19368
 endloop
endfacet
facet normal 0.18739094 0 -0.98228544
 outer loop
  vertex -40.200928 -28.17565 123.19368
  vertex -40.98886 -24.775656 123.043365
  vertex -40.200928 -24.775656 123.19368
 endloop
endfacet
facet normal 0.18739094 0 -0.98228544
 outer loop
  vertex -40.98886 -24.775656 123.043365
  vertex -40.200928 -28.17565 123.19368
  vertex -40.98886 -28.17565 123.043365
 endloop
endfacet
facet normal 0.42577323 0 -0.9048299
 outer loop
  vertex -40.98886 -28.17565 123.043365
  vertex -41.714645 -24.775656 122.70184
  vertex -40.98886 -24.775656 123.043365
 endloop
endfacet
facet normal 0.42577323 0 -0.9048299
 outer loop
  vertex -41.714645 -24.775656 122.70184
  vertex -40.98886 -28.17565 123.043365
  vertex -41.714645 -28.17565 122.70184
 endloop
endfacet
facet normal 0.637428 0 -0.77050996
 outer loop
  vertex -41.714645 -28.17565 122.70184
  vertex -42.332703 -24.775656 122.19054
  vertex -41.714645 -24.775656 122.70184
 endloop
endfacet
facet normal 0.637428 0 -0.77050996
 outer loop
  vertex -42.332703 -24.775656 122.19054
  vertex -41.714645 -28.17565 122.70184
  vertex -42.332703 -28.17565 122.19054
 endloop
endfacet
facet normal 0.80901814 0 -0.5877837
 outer loop
  vertex -42.804184 -24.775656 121.541595
  vertex -42.332703 -24.775656 122.19054
  vertex -42.332703 -28.17565 122.19054
 endloop
endfacet
facet normal 0.80901814 0 -0.5877837
 outer loop
  vertex -42.332703 -28.17565 122.19054
  vertex -42.804184 -28.17565 121.541595
  vertex -42.804184 -24.775656 121.541595
 endloop
endfacet
facet normal 0.9297782 0 -0.36812007
 outer loop
  vertex -43.099464 -24.775656 120.79579
  vertex -42.804184 -24.775656 121.541595
  vertex -42.804184 -28.17565 121.541595
 endloop
endfacet
facet normal 0.9297782 0 -0.36812007
 outer loop
  vertex -42.804184 -28.17565 121.541595
  vertex -43.099464 -28.17565 120.79579
  vertex -43.099464 -24.775656 120.79579
 endloop
endfacet
facet normal -0 -1 0
 outer loop
  vertex -43.099464 -24.775656 120.79579
  vertex -43.199997 -24.775656 119.999985
  vertex -38.637512 -24.775656 122.89543
 endloop
endfacet
facet normal -0 -1 0
 outer loop
  vertex -43.199997 -24.775656 119.999985
  vertex -43.099464 -24.775656 119.20418
  vertex -38.637512 -24.775656 122.89543
 endloop
endfacet
facet normal -0 -1 0
 outer loop
  vertex -43.099464 -24.775656 119.20418
  vertex -42.804184 -24.775656 118.458374
  vertex -38.637512 -24.775656 122.89543
 endloop
endfacet
facet normal -0 -1 0
 outer loop
  vertex -42.804184 -24.775656 118.458374
  vertex -42.332703 -24.775656 117.80943
  vertex -38.637512 -24.775656 122.89543
 endloop
endfacet
facet normal -0 -1 0
 outer loop
  vertex -42.332703 -24.775656 117.80943
  vertex -41.714645 -24.775656 117.29814
  vertex -38.637512 -24.775656 122.89543
 endloop
endfacet
facet normal -0 -1 0
 outer loop
  vertex -41.714645 -24.775656 117.29814
  vertex -40.98886 -24.775656 116.956604
  vertex -38.637512 -24.775656 122.89543
 endloop
endfacet
facet normal -0 -1 0
 outer loop
  vertex -40.98886 -24.775656 116.956604
  vertex -40.200928 -24.775656 116.806305
  vertex -38.637512 -24.775656 122.89543
 endloop
endfacet
facet normal 0 -1 0
 outer loop
  vertex -40.200928 -24.775656 116.806305
  vertex -39.400375 -24.775656 116.856674
  vertex -38.637512 -24.775656 122.89543
 endloop
endfacet
facet normal 0 -1 -0
 outer loop
  vertex -39.400375 -24.775656 116.856674
  vertex -38.637512 -24.775656 117.10454
  vertex -38.637512 -24.775656 122.89543
 endloop
endfacet
facet normal 0 -1 0
 outer loop
  vertex -37.960236 -24.775656 122.46564
  vertex -38.637512 -24.775656 122.89543
  vertex -38.637512 -24.775656 117.10454
 endloop
endfacet
facet normal 0 -1 -0
 outer loop
  vertex -38.637512 -24.775656 117.10454
  vertex -37.960236 -24.775656 117.53435
  vertex -37.960236 -24.775656 122.46564
 endloop
endfacet
facet normal 0 -1 0
 outer loop
  vertex -37.411148 -24.775656 121.880905
  vertex -37.960236 -24.775656 122.46564
  vertex -37.960236 -24.775656 117.53435
 endloop
endfacet
facet normal 0 -1 -0
 outer loop
  vertex -37.960236 -24.775656 117.53435
  vertex -37.411148 -24.775656 118.11908
  vertex -37.411148 -24.775656 121.880905
 endloop
endfacet
facet normal 0 -1 0
 outer loop
  vertex -37.02472 -24.775656 121.17799
  vertex -37.411148 -24.775656 121.880905
  vertex -37.411148 -24.775656 118.11908
 endloop
endfacet
facet normal 0 -1 0
 outer loop
  vertex -37.02472 -24.775656 118.82199
  vertex -37.02472 -24.775656 121.17799
  vertex -37.411148 -24.775656 118.11908
 endloop
endfacet
facet normal -0 -1 0
 outer loop
  vertex -37.02472 -24.775656 121.17799
  vertex -37.02472 -24.775656 118.82199
  vertex -36.825226 -24.775656 120.40106
 endloop
endfacet
facet normal 0 -1 0
 outer loop
  vertex -36.825226 -24.775656 119.59892
  vertex -36.825226 -24.775656 120.40106
  vertex -37.02472 -24.775656 118.82199
 endloop
endfacet
facet normal 0 -1 0
 outer loop
  vertex -38.637512 -24.775656 122.89543
  vertex -39.400375 -24.775656 123.14331
  vertex -40.98886 -24.775656 123.043365
 endloop
endfacet
facet normal -0 -1 0
 outer loop
  vertex -40.98886 -24.775656 123.043365
  vertex -41.714645 -24.775656 122.70184
  vertex -38.637512 -24.775656 122.89543
 endloop
endfacet
facet normal -0 -1 0
 outer loop
  vertex -41.714645 -24.775656 122.70184
  vertex -42.332703 -24.775656 122.19054
  vertex -38.637512 -24.775656 122.89543
 endloop
endfacet
facet normal 0 -1 0
 outer loop
  vertex -39.400375 -24.775656 123.14331
  vertex -40.200928 -24.775656 123.19368
  vertex -40.98886 -24.775656 123.043365
 endloop
endfacet
facet normal -0 -1 0
 outer loop
  vertex -42.332703 -24.775656 122.19054
  vertex -42.804184 -24.775656 121.541595
  vertex -38.637512 -24.775656 122.89543
 endloop
endfacet
facet normal -0 -1 0
 outer loop
  vertex -42.804184 -24.775656 121.541595
  vertex -43.099464 -24.775656 120.79579
  vertex -38.637512 -24.775656 122.89543
 endloop
endfacet
facet normal 0.9921149 0 -0.12533168
 outer loop
  vertex -43.199997 -24.775656 4.9999886
  vertex -43.099464 -24.775656 5.7957954
  vertex -43.099464 -28.17565 5.7957954
 endloop
endfacet
facet normal 0.9921149 0 -0.12533168
 outer loop
  vertex -43.099464 -28.17565 5.7957954
  vertex -43.199997 -28.17565 4.9999886
  vertex -43.199997 -24.775656 4.9999886
 endloop
endfacet
facet normal 0.9921149 -0 0.12533168
 outer loop
  vertex -43.099464 -24.775656 4.2041817
  vertex -43.199997 -24.775656 4.9999886
  vertex -43.199997 -28.17565 4.9999886
 endloop
endfacet
facet normal 0.9921149 0 0.12533168
 outer loop
  vertex -43.199997 -28.17565 4.9999886
  vertex -43.099464 -28.17565 4.2041817
  vertex -43.099464 -24.775656 4.2041817
 endloop
endfacet
facet normal 0.9297782 -0 0.36812007
 outer loop
  vertex -42.804184 -24.775656 3.4583778
  vertex -43.099464 -24.775656 4.2041817
  vertex -43.099464 -28.17565 4.2041817
 endloop
endfacet
facet normal 0.9297782 0 0.36812007
 outer loop
  vertex -43.099464 -28.17565 4.2041817
  vertex -42.804184 -28.17565 3.4583778
  vertex -42.804184 -24.775656 3.4583778
 endloop
endfacet
facet normal 0.80901814 -0 0.5877837
 outer loop
  vertex -42.332703 -24.775656 2.8094368
  vertex -42.804184 -24.775656 3.4583778
  vertex -42.804184 -28.17565 3.4583778
 endloop
endfacet
facet normal 0.80901814 0 0.5877837
 outer loop
  vertex -42.804184 -28.17565 3.4583778
  vertex -42.332703 -28.17565 2.8094368
  vertex -42.332703 -24.775656 2.8094368
 endloop
endfacet
facet normal 0.63742226 -0 0.7705146
 outer loop
  vertex -42.332703 -24.775656 2.8094368
  vertex -42.332703 -28.17565 2.8094368
  vertex -41.714645 -24.775656 2.2981377
 endloop
endfacet
facet normal 0.63742226 0 0.7705146
 outer loop
  vertex -41.714645 -28.17565 2.2981377
  vertex -41.714645 -24.775656 2.2981377
  vertex -42.332703 -28.17565 2.8094368
 endloop
endfacet
facet normal 0.425781 -0 0.9048262
 outer loop
  vertex -41.714645 -24.775656 2.2981377
  vertex -41.714645 -28.17565 2.2981377
  vertex -40.98886 -24.775656 1.9566078
 endloop
endfacet
facet normal 0.425781 0 0.9048262
 outer loop
  vertex -40.98886 -28.17565 1.9566078
  vertex -40.98886 -24.775656 1.9566078
  vertex -41.714645 -28.17565 2.2981377
 endloop
endfacet
facet normal 0.18738176 -0 0.9822871
 outer loop
  vertex -40.98886 -24.775656 1.9566078
  vertex -40.98886 -28.17565 1.9566078
  vertex -40.200928 -24.775656 1.8063011
 endloop
endfacet
facet normal 0.18738176 0 0.9822871
 outer loop
  vertex -40.200928 -28.17565 1.8063011
  vertex -40.200928 -24.775656 1.8063011
  vertex -40.98886 -28.17565 1.9566078
 endloop
endfacet
facet normal -0.06279396 0 0.9980265
 outer loop
  vertex -40.200928 -24.775656 1.8063011
  vertex -40.200928 -28.17565 1.8063011
  vertex -39.400375 -24.775656 1.8566704
 endloop
endfacet
facet normal -0.06279396 0 0.9980265
 outer loop
  vertex -39.400375 -28.17565 1.8566704
  vertex -39.400375 -24.775656 1.8566704
  vertex -40.200928 -28.17565 1.8063011
 endloop
endfacet
facet normal -0.30901942 0 0.95105577
 outer loop
  vertex -39.400375 -24.775656 1.8566704
  vertex -39.400375 -28.17565 1.8566704
  vertex -38.637512 -24.775656 2.1045418
 endloop
endfacet
facet normal -0.30901942 0 0.95105577
 outer loop
  vertex -38.637512 -28.17565 2.1045418
  vertex -38.637512 -24.775656 2.1045418
  vertex -39.400375 -28.17565 1.8566704
 endloop
endfacet
facet normal -0.53582054 0 0.8443319
 outer loop
  vertex -38.637512 -24.775656 2.1045418
  vertex -38.637512 -28.17565 2.1045418
  vertex -37.960236 -24.775656 2.5343475
 endloop
endfacet
facet normal -0.53582054 0 0.8443319
 outer loop
  vertex -37.960236 -28.17565 2.5343475
  vertex -37.960236 -24.775656 2.5343475
  vertex -38.637512 -28.17565 2.1045418
 endloop
endfacet
facet normal -0.7289741 0 0.6845412
 outer loop
  vertex -37.960236 -24.775656 2.5343475
  vertex -37.960236 -28.17565 2.5343475
  vertex -37.411148 -24.775656 3.1190758
 endloop
endfacet
facet normal -0.7289741 0 0.6845412
 outer loop
  vertex -37.411148 -28.17565 3.1190758
  vertex -37.411148 -24.775656 3.1190758
  vertex -37.960236 -28.17565 2.5343475
 endloop
endfacet
facet normal -0.8763078 0 0.4817517
 outer loop
  vertex -37.411148 -24.775656 3.1190758
  vertex -37.411148 -28.17565 3.1190758
  vertex -37.02472 -24.775656 3.821991
 endloop
endfacet
facet normal -0.8763078 0 0.4817517
 outer loop
  vertex -37.02472 -28.17565 3.821991
  vertex -37.02472 -24.775656 3.821991
  vertex -37.411148 -28.17565 3.1190758
 endloop
endfacet
facet normal -0.96857977 0 0.24870303
 outer loop
  vertex -37.02472 -24.775656 3.821991
  vertex -37.02472 -28.17565 3.821991
  vertex -36.825226 -24.775656 4.5989227
 endloop
endfacet
facet normal -0.96857977 0 0.24870303
 outer loop
  vertex -36.825226 -28.17565 4.5989227
  vertex -36.825226 -24.775656 4.5989227
  vertex -37.02472 -28.17565 3.821991
 endloop
endfacet
facet normal -1 0 -0
 outer loop
  vertex -36.825226 -24.775656 4.5989227
  vertex -36.825226 -28.17565 4.5989227
  vertex -36.825226 -24.775656 5.4010544
 endloop
endfacet
facet normal -1 0 0
 outer loop
  vertex -36.825226 -28.17565 5.4010544
  vertex -36.825226 -24.775656 5.4010544
  vertex -36.825226 -28.17565 4.5989227
 endloop
endfacet
facet normal -0.96857977 0 -0.24870303
 outer loop
  vertex -36.825226 -24.775656 5.4010544
  vertex -36.825226 -28.17565 5.4010544
  vertex -37.02472 -24.775656 6.177986
 endloop
endfacet
facet normal -0.96857977 -0 -0.24870303
 outer loop
  vertex -37.02472 -28.17565 6.177986
  vertex -37.02472 -24.775656 6.177986
  vertex -36.825226 -28.17565 5.4010544
 endloop
endfacet
facet normal -0.8763078 0 -0.4817517
 outer loop
  vertex -37.02472 -24.775656 6.177986
  vertex -37.02472 -28.17565 6.177986
  vertex -37.411148 -24.775656 6.8809013
 endloop
endfacet
facet normal -0.8763078 -0 -0.4817517
 outer loop
  vertex -37.411148 -28.17565 6.8809013
  vertex -37.411148 -24.775656 6.8809013
  vertex -37.02472 -28.17565 6.177986
 endloop
endfacet
facet normal -0.7289741 0 -0.6845412
 outer loop
  vertex -37.411148 -24.775656 6.8809013
  vertex -37.411148 -28.17565 6.8809013
  vertex -37.960236 -24.775656 7.4656296
 endloop
endfacet
facet normal -0.7289741 -0 -0.6845412
 outer loop
  vertex -37.960236 -28.17565 7.4656296
  vertex -37.960236 -24.775656 7.4656296
  vertex -37.411148 -28.17565 6.8809013
 endloop
endfacet
facet normal -0.53582054 0 -0.8443319
 outer loop
  vertex -37.960236 -28.17565 7.4656296
  vertex -38.637512 -24.775656 7.8954353
  vertex -37.960236 -24.775656 7.4656296
 endloop
endfacet
facet normal -0.53582054 0 -0.8443319
 outer loop
  vertex -38.637512 -24.775656 7.8954353
  vertex -37.960236 -28.17565 7.4656296
  vertex -38.637512 -28.17565 7.8954353
 endloop
endfacet
facet normal -0.30901942 0 -0.95105577
 outer loop
  vertex -38.637512 -28.17565 7.8954353
  vertex -39.400375 -24.775656 8.143307
  vertex -38.637512 -24.775656 7.8954353
 endloop
endfacet
facet normal -0.30901942 0 -0.95105577
 outer loop
  vertex -39.400375 -24.775656 8.143307
  vertex -38.637512 -28.17565 7.8954353
  vertex -39.400375 -28.17565 8.143307
 endloop
endfacet
facet normal -0.06279396 0 -0.9980265
 outer loop
  vertex -39.400375 -28.17565 8.143307
  vertex -40.200928 -24.775656 8.193676
  vertex -39.400375 -24.775656 8.143307
 endloop
endfacet
facet normal -0.06279396 0 -0.9980265
 outer loop
  vertex -40.200928 -24.775656 8.193676
  vertex -39.400375 -28.17565 8.143307
  vertex -40.200928 -28.17565 8.193676
 endloop
endfacet
facet normal 0.18738176 0 -0.9822871
 outer loop
  vertex -40.200928 -28.17565 8.193676
  vertex -40.98886 -24.775656 8.043369
  vertex -40.200928 -24.775656 8.193676
 endloop
endfacet
facet normal 0.18738176 0 -0.9822871
 outer loop
  vertex -40.98886 -24.775656 8.043369
  vertex -40.200928 -28.17565 8.193676
  vertex -40.98886 -28.17565 8.043369
 endloop
endfacet
facet normal 0.425781 0 -0.9048262
 outer loop
  vertex -40.98886 -28.17565 8.043369
  vertex -41.714645 -24.775656 7.7018394
  vertex -40.98886 -24.775656 8.043369
 endloop
endfacet
facet normal 0.425781 0 -0.9048262
 outer loop
  vertex -41.714645 -24.775656 7.7018394
  vertex -40.98886 -28.17565 8.043369
  vertex -41.714645 -28.17565 7.7018394
 endloop
endfacet
facet normal 0.63742226 0 -0.7705146
 outer loop
  vertex -41.714645 -28.17565 7.7018394
  vertex -42.332703 -24.775656 7.1905403
  vertex -41.714645 -24.775656 7.7018394
 endloop
endfacet
facet normal 0.63742226 0 -0.7705146
 outer loop
  vertex -42.332703 -24.775656 7.1905403
  vertex -41.714645 -28.17565 7.7018394
  vertex -42.332703 -28.17565 7.1905403
 endloop
endfacet
facet normal 0.80901814 0 -0.5877837
 outer loop
  vertex -42.804184 -24.775656 6.5415993
  vertex -42.332703 -24.775656 7.1905403
  vertex -42.332703 -28.17565 7.1905403
 endloop
endfacet
facet normal 0.80901814 0 -0.5877837
 outer loop
  vertex -42.332703 -28.17565 7.1905403
  vertex -42.804184 -28.17565 6.5415993
  vertex -42.804184 -24.775656 6.5415993
 endloop
endfacet
facet normal 0.9297782 0 -0.36812007
 outer loop
  vertex -43.099464 -24.775656 5.7957954
  vertex -42.804184 -24.775656 6.5415993
  vertex -42.804184 -28.17565 6.5415993
 endloop
endfacet
facet normal 0.9297782 0 -0.36812007
 outer loop
  vertex -42.804184 -28.17565 6.5415993
  vertex -43.099464 -28.17565 5.7957954
  vertex -43.099464 -24.775656 5.7957954
 endloop
endfacet
facet normal -0 -1 0
 outer loop
  vertex -43.099464 -24.775656 5.7957954
  vertex -43.199997 -24.775656 4.9999886
  vertex -38.637512 -24.775656 7.8954353
 endloop
endfacet
facet normal -0 -1 0
 outer loop
  vertex -43.199997 -24.775656 4.9999886
  vertex -43.099464 -24.775656 4.2041817
  vertex -38.637512 -24.775656 7.8954353
 endloop
endfacet
facet normal -0 -1 0
 outer loop
  vertex -43.099464 -24.775656 4.2041817
  vertex -42.804184 -24.775656 3.4583778
  vertex -38.637512 -24.775656 7.8954353
 endloop
endfacet
facet normal -0 -1 0
 outer loop
  vertex -42.804184 -24.775656 3.4583778
  vertex -42.332703 -24.775656 2.8094368
  vertex -38.637512 -24.775656 7.8954353
 endloop
endfacet
facet normal -0 -1 0
 outer loop
  vertex -42.332703 -24.775656 2.8094368
  vertex -41.714645 -24.775656 2.2981377
  vertex -38.637512 -24.775656 7.8954353
 endloop
endfacet
facet normal -0 -1 0
 outer loop
  vertex -41.714645 -24.775656 2.2981377
  vertex -40.98886 -24.775656 1.9566078
  vertex -38.637512 -24.775656 7.8954353
 endloop
endfacet
facet normal -0 -1 0
 outer loop
  vertex -40.98886 -24.775656 1.9566078
  vertex -40.200928 -24.775656 1.8063011
  vertex -38.637512 -24.775656 7.8954353
 endloop
endfacet
facet normal 0 -1 0
 outer loop
  vertex -40.200928 -24.775656 1.8063011
  vertex -39.400375 -24.775656 1.8566704
  vertex -38.637512 -24.775656 7.8954353
 endloop
endfacet
facet normal 0 -1 -0
 outer loop
  vertex -39.400375 -24.775656 1.8566704
  vertex -38.637512 -24.775656 2.1045418
  vertex -38.637512 -24.775656 7.8954353
 endloop
endfacet
facet normal 0 -1 0
 outer loop
  vertex -37.960236 -24.775656 7.4656296
  vertex -38.637512 -24.775656 7.8954353
  vertex -38.637512 -24.775656 2.1045418
 endloop
endfacet
facet normal 0 -1 -0
 outer loop
  vertex -38.637512 -24.775656 2.1045418
  vertex -37.960236 -24.775656 2.5343475
  vertex -37.960236 -24.775656 7.4656296
 endloop
endfacet
facet normal 0 -1 0
 outer loop
  vertex -37.411148 -24.775656 6.8809013
  vertex -37.960236 -24.775656 7.4656296
  vertex -37.960236 -24.775656 2.5343475
 endloop
endfacet
facet normal 0 -1 -0
 outer loop
  vertex -37.960236 -24.775656 2.5343475
  vertex -37.411148 -24.775656 3.1190758
  vertex -37.411148 -24.775656 6.8809013
 endloop
endfacet
facet normal 0 -1 0
 outer loop
  vertex -37.02472 -24.775656 6.177986
  vertex -37.411148 -24.775656 6.8809013
  vertex -37.411148 -24.775656 3.1190758
 endloop
endfacet
facet normal 0 -1 0
 outer loop
  vertex -37.02472 -24.775656 3.821991
  vertex -37.02472 -24.775656 6.177986
  vertex -37.411148 -24.775656 3.1190758
 endloop
endfacet
facet normal -0 -1 0
 outer loop
  vertex -37.02472 -24.775656 6.177986
  vertex -37.02472 -24.775656 3.821991
  vertex -36.825226 -24.775656 5.4010544
 endloop
endfacet
facet normal 0 -1 0
 outer loop
  vertex -36.825226 -24.775656 4.5989227
  vertex -36.825226 -24.775656 5.4010544
  vertex -37.02472 -24.775656 3.821991
 endloop
endfacet
facet normal 0 -1 0
 outer loop
  vertex -38.637512 -24.775656 7.8954353
  vertex -39.400375 -24.775656 8.143307
  vertex -40.98886 -24.775656 8.043369
 endloop
endfacet
facet normal -0 -1 0
 outer loop
  vertex -40.98886 -24.775656 8.043369
  vertex -41.714645 -24.775656 7.7018394
  vertex -38.637512 -24.775656 7.8954353
 endloop
endfacet
facet normal -0 -1 0
 outer loop
  vertex -41.714645 -24.775656 7.7018394
  vertex -42.332703 -24.775656 7.1905403
  vertex -38.637512 -24.775656 7.8954353
 endloop
endfacet
facet normal 0 -1 0
 outer loop
  vertex -39.400375 -24.775656 8.143307
  vertex -40.200928 -24.775656 8.193676
  vertex -40.98886 -24.775656 8.043369
 endloop
endfacet
facet normal -0 -1 0
 outer loop
  vertex -42.332703 -24.775656 7.1905403
  vertex -42.804184 -24.775656 6.5415993
  vertex -38.637512 -24.775656 7.8954353
 endloop
endfacet
facet normal -0 -1 0
 outer loop
  vertex -42.804184 -24.775656 6.5415993
  vertex -43.099464 -24.775656 5.7957954
  vertex -38.637512 -24.775656 7.8954353
 endloop
endfacet
facet normal -0 0 1
 outer loop
  vertex 35 -28.17565 9.999989
  vertex 35 -23.17565 9.999989
  vertex -35 -23.17565 9.999989
 endloop
endfacet
facet normal 0 -0 1
 outer loop
  vertex -35 -23.17565 9.999989
  vertex -35 -28.17565 9.999989
  vertex 35 -28.17565 9.999989
 endloop
endfacet
facet normal -1 -0 -0
 outer loop
  vertex 35 -23.17565 9.999989
  vertex 35 -28.17565 130
  vertex 35 -23.17565 130
 endloop
endfacet
facet normal -1 0 0
 outer loop
  vertex 35 -28.17565 130
  vertex 35 -23.17565 9.999989
  vertex 35 -28.17565 9.999989
 endloop
endfacet
facet normal 1 -0 0
 outer loop
  vertex -35 -23.17565 9.999989
  vertex -35 -23.17565 130
  vertex -35 -28.17565 9.999989
 endloop
endfacet
facet normal 1 0 -0
 outer loop
  vertex -35 -28.17565 130
  vertex -35 -28.17565 9.999989
  vertex -35 -23.17565 130
 endloop
endfacet
facet normal 0 1 0
 outer loop
  vertex -35 -23.17565 9.999989
  vertex -40 -23.17565 130
  vertex -35 -23.17565 130
 endloop
endfacet
facet normal 0 1 -0
 outer loop
  vertex -40 -23.17565 130
  vertex -35 -23.17565 9.999989
  vertex -40 -23.17565 4.9999886
 endloop
endfacet
facet normal 0 1 -0
 outer loop
  vertex -35 -23.17565 9.999989
  vertex 35 -23.17565 9.999989
  vertex -40 -23.17565 4.9999886
 endloop
endfacet
facet normal -0 1 0
 outer loop
  vertex 40 -23.17565 4.9999886
  vertex -40 -23.17565 4.9999886
  vertex 35 -23.17565 9.999989
 endloop
endfacet
facet normal 0 1 0
 outer loop
  vertex 40 -23.17565 4.9999886
  vertex 35 -23.17565 9.999989
  vertex 40 -23.17565 130
 endloop
endfacet
facet normal 0 1 -0
 outer loop
  vertex 35 -23.17565 130
  vertex 40 -23.17565 130
  vertex 35 -23.17565 9.999989
 endloop
endfacet
facet normal -1 0 -0
 outer loop
  vertex 40 6.8243494 4.9999886
  vertex 40 -23.17565 4.9999886
  vertex 40 6.8243494 130
 endloop
endfacet
facet normal -1 0 0
 outer loop
  vertex 40 -23.17565 130
  vertex 40 6.8243494 130
  vertex 40 -23.17565 4.9999886
 endloop
endfacet
facet normal 1 0 -0
 outer loop
  vertex -40 -23.17565 130
  vertex -40 -23.17565 4.9999886
  vertex -40 6.8243494 4.9999886
 endloop
endfacet
facet normal 1 -0 0
 outer loop
  vertex -40 6.8243494 4.9999886
  vertex -40 6.8243494 130
  vertex -40 -23.17565 130
 endloop
endfacet
facet normal 0.9989331 -0.04618278 0
 outer loop
  vertex -40 6.8243494 4.9999886
  vertex -39.893356 9.131051 4.9999886
  vertex -39.893356 9.131051 46.666656
 endloop
endfacet
facet normal 0.998933 -0.046182778 0
 outer loop
  vertex -39.893356 9.131051 46.666656
  vertex -39.893356 9.131051 88.33333
  vertex -40 6.8243494 4.9999886
 endloop
endfacet
facet normal 0.998933 -0.046182778 0
 outer loop
  vertex -40 6.8243494 130
  vertex -40 6.8243494 4.9999886
  vertex -39.893356 9.131051 88.33333
 endloop
endfacet
facet normal 0.998933 -0.046182778 0
 outer loop
  vertex -39.893356 9.131051 88.33333
  vertex -39.893356 9.131051 130
  vertex -40 6.8243494 130
 endloop
endfacet
facet normal 0.99041027 -0.13815774 0
 outer loop
  vertex -39.893356 9.131051 130
  vertex -39.893356 9.131051 88.33333
  vertex -39.574326 11.418084 130
 endloop
endfacet
facet normal 0.99041027 -0.13815774 0
 outer loop
  vertex -39.574326 11.418084 88.33333
  vertex -39.574326 11.418084 130
  vertex -39.893356 9.131051 88.33333
 endloop
endfacet
facet normal 0.97343826 -0.22894947 0
 outer loop
  vertex -39.574326 11.418084 130
  vertex -39.574326 11.418084 88.33333
  vertex -39.04564 13.665933 130
 endloop
endfacet
facet normal 0.97343826 -0.22894947 0
 outer loop
  vertex -39.04564 13.665933 88.33333
  vertex -39.04564 13.665933 130
  vertex -39.574326 11.418084 88.33333
 endloop
endfacet
facet normal 0.9481593 -0.31779537 0
 outer loop
  vertex -39.04564 13.665933 130
  vertex -39.04564 13.665933 88.33333
  vertex -38.3118 15.855386 130
 endloop
endfacet
facet normal 0.9481593 -0.31779537 0
 outer loop
  vertex -38.3118 15.855386 88.33333
  vertex -38.3118 15.855386 130
  vertex -39.04564 13.665933 88.33333
 endloop
endfacet
facet normal 0.91479695 -0.403914 0
 outer loop
  vertex -38.3118 15.855386 130
  vertex -38.3118 15.855386 88.33333
  vertex -37.37909 17.967813 130
 endloop
endfacet
facet normal 0.91479695 -0.403914 0
 outer loop
  vertex -37.37909 17.967813 88.33333
  vertex -37.37909 17.967813 130
  vertex -38.3118 15.855386 88.33333
 endloop
endfacet
facet normal 0.8736207 -0.48660764 0
 outer loop
  vertex -37.37909 17.967813 130
  vertex -37.37909 17.967813 88.33333
  vertex -36.255432 19.985147 130
 endloop
endfacet
facet normal 0.8736207 -0.48660764 0
 outer loop
  vertex -36.255432 19.985147 88.33333
  vertex -36.255432 19.985147 130
  vertex -37.37909 17.967813 88.33333
 endloop
endfacet
facet normal 0.8249982 -0.56513536 0
 outer loop
  vertex -36.255432 19.985147 130
  vertex -36.255432 19.985147 88.33333
  vertex -34.95044 21.890207 130
 endloop
endfacet
facet normal 0.8249982 -0.56513536 0
 outer loop
  vertex -34.95044 21.890207 88.33333
  vertex -34.95044 21.890207 130
  vertex -36.255432 19.985147 88.33333
 endloop
endfacet
facet normal 0.7693332 -0.6388478 0
 outer loop
  vertex -34.95044 21.890207 130
  vertex -34.95044 21.890207 88.33333
  vertex -33.47522 23.666742 130
 endloop
endfacet
facet normal 0.7693332 -0.6388478 0
 outer loop
  vertex -33.47522 23.666742 88.33333
  vertex -33.47522 23.666742 130
  vertex -34.95044 21.890207 88.33333
 endloop
endfacet
facet normal 0.70710677 -0.70710677 0
 outer loop
  vertex -33.47522 23.666742 130
  vertex -33.47522 23.666742 88.33333
  vertex -31.842392 25.29957 130
 endloop
endfacet
facet normal 0.70710677 -0.70710677 0
 outer loop
  vertex -31.842392 25.29957 88.33333
  vertex -31.842392 25.29957 130
  vertex -33.47522 23.666742 88.33333
 endloop
endfacet
facet normal 0.6388478 -0.7693332 0
 outer loop
  vertex -31.842392 25.29957 130
  vertex -31.842392 25.29957 88.33333
  vertex -30.065857 26.77479 130
 endloop
endfacet
facet normal 0.6388478 -0.7693332 0
 outer loop
  vertex -30.065857 26.77479 88.33333
  vertex -30.065857 26.77479 130
  vertex -31.842392 25.29957 88.33333
 endloop
endfacet
facet normal 0.56513536 -0.8249982 0
 outer loop
  vertex -30.065857 26.77479 130
  vertex -30.065857 26.77479 88.33333
  vertex -28.160797 28.079782 130
 endloop
endfacet
facet normal 0.56513536 -0.8249982 0
 outer loop
  vertex -28.160797 28.079782 88.33333
  vertex -28.160797 28.079782 130
  vertex -30.065857 26.77479 88.33333
 endloop
endfacet
facet normal 0.48660764 -0.8736207 0
 outer loop
  vertex -28.160797 28.079782 130
  vertex -28.160797 28.079782 88.33333
  vertex -26.143463 29.20344 130
 endloop
endfacet
facet normal 0.48660764 -0.8736207 0
 outer loop
  vertex -26.143463 29.20344 88.33333
  vertex -26.143463 29.20344 130
  vertex -28.160797 28.079782 88.33333
 endloop
endfacet
facet normal 0.40391415 -0.9147969 0
 outer loop
  vertex -26.143463 29.20344 130
  vertex -26.143463 29.20344 88.33333
  vertex -24.031036 30.136148 130
 endloop
endfacet
facet normal 0.40391415 -0.9147969 0
 outer loop
  vertex -24.031036 30.136148 88.33333
  vertex -24.031036 30.136148 130
  vertex -26.143463 29.20344 88.33333
 endloop
endfacet
facet normal 0.31779537 -0.9481593 0
 outer loop
  vertex -24.031036 30.136148 130
  vertex -24.031036 30.136148 88.33333
  vertex -21.841583 30.86999 130
 endloop
endfacet
facet normal 0.31779537 -0.9481593 0
 outer loop
  vertex -21.841583 30.86999 88.33333
  vertex -21.841583 30.86999 130
  vertex -24.031036 30.136148 88.33333
 endloop
endfacet
facet normal 0.22894947 -0.97343826 0
 outer loop
  vertex -21.841583 30.86999 130
  vertex -21.841583 30.86999 88.33333
  vertex -19.593735 31.398676 130
 endloop
endfacet
facet normal 0.22894947 -0.97343826 0
 outer loop
  vertex -19.593735 31.398676 88.33333
  vertex -19.593735 31.398676 130
  vertex -21.841583 30.86999 88.33333
 endloop
endfacet
facet normal 0.13815774 -0.99041027 0
 outer loop
  vertex -19.593735 31.398676 130
  vertex -19.593735 31.398676 88.33333
  vertex -17.306702 31.717707 130
 endloop
endfacet
facet normal 0.13815774 -0.99041027 0
 outer loop
  vertex -17.306702 31.717707 88.33333
  vertex -17.306702 31.717707 130
  vertex -19.593735 31.398676 88.33333
 endloop
endfacet
facet normal 0.0461828 -0.9989331 0
 outer loop
  vertex -15.000001 31.82435 130
  vertex -17.306702 31.717707 130
  vertex -17.306702 31.717707 88.33333
 endloop
endfacet
facet normal 0.0461828 -0.9989331 0
 outer loop
  vertex -17.306702 31.717707 88.33333
  vertex -17.306702 31.717707 46.666656
  vertex -15.000001 31.82435 130
 endloop
endfacet
facet normal 0.0461828 -0.998933 0
 outer loop
  vertex -15.000001 31.82435 4.9999886
  vertex -15.000001 31.82435 130
  vertex -17.306702 31.717707 46.666656
 endloop
endfacet
facet normal 0.046182796 -0.998933 0
 outer loop
  vertex -17.306702 31.717707 46.666656
  vertex -17.306702 31.717707 4.9999886
  vertex -15.000001 31.82435 4.9999886
 endloop
endfacet
facet normal 0.13815776 -0.99041027 0
 outer loop
  vertex -17.306702 31.717707 4.9999886
  vertex -17.306702 31.717707 46.666656
  vertex -19.593735 31.398676 4.9999886
 endloop
endfacet
facet normal 0.13815776 -0.99041027 0
 outer loop
  vertex -19.593735 31.398676 46.666656
  vertex -19.593735 31.398676 4.9999886
  vertex -17.306702 31.717707 46.666656
 endloop
endfacet
facet normal 0.22894949 -0.9734383 0
 outer loop
  vertex -19.593735 31.398676 4.9999886
  vertex -19.593735 31.398676 46.666656
  vertex -21.841583 30.86999 4.9999886
 endloop
endfacet
facet normal 0.22894949 -0.9734383 0
 outer loop
  vertex -21.841583 30.86999 46.666656
  vertex -21.841583 30.86999 4.9999886
  vertex -19.593735 31.398676 46.666656
 endloop
endfacet
facet normal 0.3177954 -0.94815934 0
 outer loop
  vertex -21.841583 30.86999 4.9999886
  vertex -21.841583 30.86999 46.666656
  vertex -24.031036 30.136148 4.9999886
 endloop
endfacet
facet normal 0.3177954 -0.94815934 0
 outer loop
  vertex -24.031036 30.136148 46.666656
  vertex -24.031036 30.136148 4.9999886
  vertex -21.841583 30.86999 46.666656
 endloop
endfacet
facet normal 0.40391412 -0.9147969 0
 outer loop
  vertex -24.031036 30.136148 4.9999886
  vertex -24.031036 30.136148 46.666656
  vertex -26.143463 29.20344 4.9999886
 endloop
endfacet
facet normal 0.40391412 -0.9147969 0
 outer loop
  vertex -26.143463 29.20344 46.666656
  vertex -26.143463 29.20344 4.9999886
  vertex -24.031036 30.136148 46.666656
 endloop
endfacet
facet normal 0.48660764 -0.8736206 0
 outer loop
  vertex -26.143463 29.20344 4.9999886
  vertex -26.143463 29.20344 46.666656
  vertex -28.160797 28.079782 4.9999886
 endloop
endfacet
facet normal 0.48660764 -0.8736206 0
 outer loop
  vertex -28.160797 28.079782 46.666656
  vertex -28.160797 28.079782 4.9999886
  vertex -26.143463 29.20344 46.666656
 endloop
endfacet
facet normal 0.5651353 -0.8249982 0
 outer loop
  vertex -28.160797 28.079782 4.9999886
  vertex -28.160797 28.079782 46.666656
  vertex -30.065857 26.77479 4.9999886
 endloop
endfacet
facet normal 0.5651353 -0.8249982 0
 outer loop
  vertex -30.065857 26.77479 46.666656
  vertex -30.065857 26.77479 4.9999886
  vertex -28.160797 28.079782 46.666656
 endloop
endfacet
facet normal 0.63884777 -0.7693331 0
 outer loop
  vertex -30.065857 26.77479 4.9999886
  vertex -30.065857 26.77479 46.666656
  vertex -31.842392 25.29957 4.9999886
 endloop
endfacet
facet normal 0.63884777 -0.7693331 0
 outer loop
  vertex -31.842392 25.29957 46.666656
  vertex -31.842392 25.29957 4.9999886
  vertex -30.065857 26.77479 46.666656
 endloop
endfacet
facet normal 0.70710677 -0.70710677 0
 outer loop
  vertex -31.842392 25.29957 4.9999886
  vertex -31.842392 25.29957 46.666656
  vertex -33.47522 23.666742 4.9999886
 endloop
endfacet
facet normal 0.70710677 -0.70710677 0
 outer loop
  vertex -33.47522 23.666742 46.666656
  vertex -33.47522 23.666742 4.9999886
  vertex -31.842392 25.29957 46.666656
 endloop
endfacet
facet normal 0.7693331 -0.63884777 0
 outer loop
  vertex -33.47522 23.666742 4.9999886
  vertex -33.47522 23.666742 46.666656
  vertex -34.95044 21.890207 4.9999886
 endloop
endfacet
facet normal 0.7693331 -0.63884777 0
 outer loop
  vertex -34.95044 21.890207 46.666656
  vertex -34.95044 21.890207 4.9999886
  vertex -33.47522 23.666742 46.666656
 endloop
endfacet
facet normal 0.8249982 -0.5651353 0
 outer loop
  vertex -34.95044 21.890207 4.9999886
  vertex -34.95044 21.890207 46.666656
  vertex -36.255432 19.985147 4.9999886
 endloop
endfacet
facet normal 0.8249982 -0.5651353 0
 outer loop
  vertex -36.255432 19.985147 46.666656
  vertex -36.255432 19.985147 4.9999886
  vertex -34.95044 21.890207 46.666656
 endloop
endfacet
facet normal 0.8736206 -0.48660764 0
 outer loop
  vertex -36.255432 19.985147 4.9999886
  vertex -36.255432 19.985147 46.666656
  vertex -37.37909 17.967813 4.9999886
 endloop
endfacet
facet normal 0.8736206 -0.48660764 0
 outer loop
  vertex -37.37909 17.967813 46.666656
  vertex -37.37909 17.967813 4.9999886
  vertex -36.255432 19.985147 46.666656
 endloop
endfacet
facet normal 0.91479695 -0.403914 0
 outer loop
  vertex -37.37909 17.967813 4.9999886
  vertex -37.37909 17.967813 46.666656
  vertex -38.3118 15.855386 4.9999886
 endloop
endfacet
facet normal 0.91479695 -0.403914 0
 outer loop
  vertex -38.3118 15.855386 46.666656
  vertex -38.3118 15.855386 4.9999886
  vertex -37.37909 17.967813 46.666656
 endloop
endfacet
facet normal 0.94815934 -0.3177954 0
 outer loop
  vertex -38.3118 15.855386 4.9999886
  vertex -38.3118 15.855386 46.666656
  vertex -39.04564 13.665933 4.9999886
 endloop
endfacet
facet normal 0.94815934 -0.3177954 0
 outer loop
  vertex -39.04564 13.665933 46.666656
  vertex -39.04564 13.665933 4.9999886
  vertex -38.3118 15.855386 46.666656
 endloop
endfacet
facet normal 0.9734383 -0.22894949 0
 outer loop
  vertex -39.04564 13.665933 4.9999886
  vertex -39.04564 13.665933 46.666656
  vertex -39.574326 11.418084 4.9999886
 endloop
endfacet
facet normal 0.9734383 -0.22894949 0
 outer loop
  vertex -39.574326 11.418084 46.666656
  vertex -39.574326 11.418084 4.9999886
  vertex -39.04564 13.665933 46.666656
 endloop
endfacet
facet normal 0.99041027 -0.13815776 0
 outer loop
  vertex -39.574326 11.418084 4.9999886
  vertex -39.574326 11.418084 46.666656
  vertex -39.893356 9.131051 4.9999886
 endloop
endfacet
facet normal 0.99041027 -0.13815776 0
 outer loop
  vertex -39.893356 9.131051 46.666656
  vertex -39.893356 9.131051 4.9999886
  vertex -39.574326 11.418084 46.666656
 endloop
endfacet
facet normal 0.99041027 -0.13815774 0
 outer loop
  vertex -39.893356 9.131051 88.33333
  vertex -39.893356 9.131051 46.666656
  vertex -39.574326 11.418084 88.33333
 endloop
endfacet
facet normal 0.99041027 -0.13815774 0
 outer loop
  vertex -39.574326 11.418084 46.666656
  vertex -39.574326 11.418084 88.33333
  vertex -39.893356 9.131051 46.666656
 endloop
endfacet
facet normal 0.97343826 -0.22894947 0
 outer loop
  vertex -39.574326 11.418084 88.33333
  vertex -39.574326 11.418084 46.666656
  vertex -39.04564 13.665933 88.33333
 endloop
endfacet
facet normal 0.97343826 -0.22894947 0
 outer loop
  vertex -39.04564 13.665933 46.666656
  vertex -39.04564 13.665933 88.33333
  vertex -39.574326 11.418084 46.666656
 endloop
endfacet
facet normal 0.9481593 -0.31779537 0
 outer loop
  vertex -39.04564 13.665933 88.33333
  vertex -39.04564 13.665933 46.666656
  vertex -38.3118 15.855386 88.33333
 endloop
endfacet
facet normal 0.9481593 -0.31779537 0
 outer loop
  vertex -38.3118 15.855386 46.666656
  vertex -38.3118 15.855386 88.33333
  vertex -39.04564 13.665933 46.666656
 endloop
endfacet
facet normal 0.91479695 -0.403914 0
 outer loop
  vertex -38.3118 15.855386 88.33333
  vertex -38.3118 15.855386 46.666656
  vertex -37.37909 17.967813 88.33333
 endloop
endfacet
facet normal 0.91479695 -0.403914 0
 outer loop
  vertex -37.37909 17.967813 46.666656
  vertex -37.37909 17.967813 88.33333
  vertex -38.3118 15.855386 46.666656
 endloop
endfacet
facet normal 0.8736207 -0.48660764 0
 outer loop
  vertex -37.37909 17.967813 88.33333
  vertex -37.37909 17.967813 46.666656
  vertex -36.255432 19.985147 88.33333
 endloop
endfacet
facet normal 0.8736207 -0.48660764 0
 outer loop
  vertex -36.255432 19.985147 46.666656
  vertex -36.255432 19.985147 88.33333
  vertex -37.37909 17.967813 46.666656
 endloop
endfacet
facet normal 0.8249982 -0.56513536 0
 outer loop
  vertex -36.255432 19.985147 88.33333
  vertex -36.255432 19.985147 46.666656
  vertex -34.95044 21.890207 88.33333
 endloop
endfacet
facet normal 0.8249982 -0.56513536 0
 outer loop
  vertex -34.95044 21.890207 46.666656
  vertex -34.95044 21.890207 88.33333
  vertex -36.255432 19.985147 46.666656
 endloop
endfacet
facet normal 0.7693332 -0.6388478 0
 outer loop
  vertex -34.95044 21.890207 88.33333
  vertex -34.95044 21.890207 46.666656
  vertex -33.47522 23.666742 88.33333
 endloop
endfacet
facet normal 0.7693332 -0.6388478 0
 outer loop
  vertex -33.47522 23.666742 46.666656
  vertex -33.47522 23.666742 88.33333
  vertex -34.95044 21.890207 46.666656
 endloop
endfacet
facet normal 0.70710677 -0.70710677 0
 outer loop
  vertex -33.47522 23.666742 88.33333
  vertex -33.47522 23.666742 46.666656
  vertex -31.842392 25.29957 88.33333
 endloop
endfacet
facet normal 0.70710677 -0.70710677 0
 outer loop
  vertex -31.842392 25.29957 46.666656
  vertex -31.842392 25.29957 88.33333
  vertex -33.47522 23.666742 46.666656
 endloop
endfacet
facet normal 0.6388478 -0.7693332 0
 outer loop
  vertex -31.842392 25.29957 88.33333
  vertex -31.842392 25.29957 46.666656
  vertex -30.065857 26.77479 88.33333
 endloop
endfacet
facet normal 0.6388478 -0.7693332 0
 outer loop
  vertex -30.065857 26.77479 46.666656
  vertex -30.065857 26.77479 88.33333
  vertex -31.842392 25.29957 46.666656
 endloop
endfacet
facet normal 0.56513536 -0.8249982 0
 outer loop
  vertex -30.065857 26.77479 88.33333
  vertex -30.065857 26.77479 46.666656
  vertex -28.160797 28.079782 88.33333
 endloop
endfacet
facet normal 0.56513536 -0.8249982 0
 outer loop
  vertex -28.160797 28.079782 46.666656
  vertex -28.160797 28.079782 88.33333
  vertex -30.065857 26.77479 46.666656
 endloop
endfacet
facet normal 0.48660764 -0.8736207 0
 outer loop
  vertex -28.160797 28.079782 88.33333
  vertex -28.160797 28.079782 46.666656
  vertex -26.143463 29.20344 88.33333
 endloop
endfacet
facet normal 0.48660764 -0.8736207 0
 outer loop
  vertex -26.143463 29.20344 46.666656
  vertex -26.143463 29.20344 88.33333
  vertex -28.160797 28.079782 46.666656
 endloop
endfacet
facet normal 0.40391415 -0.9147969 0
 outer loop
  vertex -26.143463 29.20344 88.33333
  vertex -26.143463 29.20344 46.666656
  vertex -24.031036 30.136148 88.33333
 endloop
endfacet
facet normal 0.40391415 -0.9147969 0
 outer loop
  vertex -24.031036 30.136148 46.666656
  vertex -24.031036 30.136148 88.33333
  vertex -26.143463 29.20344 46.666656
 endloop
endfacet
facet normal 0.31779537 -0.9481593 0
 outer loop
  vertex -24.031036 30.136148 88.33333
  vertex -24.031036 30.136148 46.666656
  vertex -21.841583 30.86999 88.33333
 endloop
endfacet
facet normal 0.31779537 -0.9481593 0
 outer loop
  vertex -21.841583 30.86999 46.666656
  vertex -21.841583 30.86999 88.33333
  vertex -24.031036 30.136148 46.666656
 endloop
endfacet
facet normal 0.22894947 -0.97343826 0
 outer loop
  vertex -21.841583 30.86999 88.33333
  vertex -21.841583 30.86999 46.666656
  vertex -19.593735 31.398676 88.33333
 endloop
endfacet
facet normal 0.22894947 -0.97343826 0
 outer loop
  vertex -19.593735 31.398676 46.666656
  vertex -19.593735 31.398676 88.33333
  vertex -21.841583 30.86999 46.666656
 endloop
endfacet
facet normal 0.13815774 -0.99041027 0
 outer loop
  vertex -19.593735 31.398676 88.33333
  vertex -19.593735 31.398676 46.666656
  vertex -17.306702 31.717707 88.33333
 endloop
endfacet
facet normal 0.13815774 -0.99041027 0
 outer loop
  vertex -17.306702 31.717707 46.666656
  vertex -17.306702 31.717707 88.33333
  vertex -19.593735 31.398676 46.666656
 endloop
endfacet
facet normal 0 -1 0
 outer loop
  vertex -15.000001 31.82435 130
  vertex -15.000001 31.82435 4.9999886
  vertex 14.999999 31.82435 4.9999886
 endloop
endfacet
facet normal 0 -1 0
 outer loop
  vertex 14.999999 31.82435 4.9999886
  vertex 14.999999 31.82435 130
  vertex -15.000001 31.82435 130
 endloop
endfacet
facet normal -0.04618276 -0.998933 -0
 outer loop
  vertex 14.999999 31.82435 4.9999886
  vertex 17.306702 31.717707 4.9999886
  vertex 17.306702 31.717707 46.666656
 endloop
endfacet
facet normal -0.046182763 -0.9989331 -0
 outer loop
  vertex 17.306702 31.717707 46.666656
  vertex 17.306702 31.717707 88.33333
  vertex 14.999999 31.82435 4.9999886
 endloop
endfacet
facet normal -0.04618276 -0.998933 0
 outer loop
  vertex 14.999999 31.82435 130
  vertex 14.999999 31.82435 4.9999886
  vertex 17.306702 31.717707 88.33333
 endloop
endfacet
facet normal -0.046182763 -0.9989331 -0
 outer loop
  vertex 17.306702 31.717707 88.33333
  vertex 17.306702 31.717707 130
  vertex 14.999999 31.82435 130
 endloop
endfacet
facet normal -0.13815774 -0.99041027 0
 outer loop
  vertex 17.306702 31.717707 130
  vertex 17.306702 31.717707 88.33333
  vertex 19.593735 31.398676 130
 endloop
endfacet
facet normal -0.13815774 -0.99041027 -0
 outer loop
  vertex 19.593735 31.398676 88.33333
  vertex 19.593735 31.398676 130
  vertex 17.306702 31.717707 88.33333
 endloop
endfacet
facet normal -0.22894947 -0.97343826 0
 outer loop
  vertex 19.593735 31.398676 130
  vertex 19.593735 31.398676 88.33333
  vertex 21.841583 30.86999 130
 endloop
endfacet
facet normal -0.22894947 -0.97343826 -0
 outer loop
  vertex 21.841583 30.86999 88.33333
  vertex 21.841583 30.86999 130
  vertex 19.593735 31.398676 88.33333
 endloop
endfacet
facet normal -0.31779537 -0.9481593 0
 outer loop
  vertex 21.841583 30.86999 130
  vertex 21.841583 30.86999 88.33333
  vertex 24.031036 30.136148 130
 endloop
endfacet
facet normal -0.31779537 -0.9481593 -0
 outer loop
  vertex 24.031036 30.136148 88.33333
  vertex 24.031036 30.136148 130
  vertex 21.841583 30.86999 88.33333
 endloop
endfacet
facet normal -0.40391415 -0.9147969 0
 outer loop
  vertex 24.031036 30.136148 130
  vertex 24.031036 30.136148 88.33333
  vertex 26.143463 29.20344 130
 endloop
endfacet
facet normal -0.40391415 -0.9147969 -0
 outer loop
  vertex 26.143463 29.20344 88.33333
  vertex 26.143463 29.20344 130
  vertex 24.031036 30.136148 88.33333
 endloop
endfacet
facet normal -0.48660764 -0.8736207 0
 outer loop
  vertex 26.143463 29.20344 130
  vertex 26.143463 29.20344 88.33333
  vertex 28.160797 28.079782 130
 endloop
endfacet
facet normal -0.48660764 -0.8736207 -0
 outer loop
  vertex 28.160797 28.079782 88.33333
  vertex 28.160797 28.079782 130
  vertex 26.143463 29.20344 88.33333
 endloop
endfacet
facet normal -0.56513536 -0.8249982 0
 outer loop
  vertex 28.160797 28.079782 130
  vertex 28.160797 28.079782 88.33333
  vertex 30.065857 26.77479 130
 endloop
endfacet
facet normal -0.56513536 -0.8249982 -0
 outer loop
  vertex 30.065857 26.77479 88.33333
  vertex 30.065857 26.77479 130
  vertex 28.160797 28.079782 88.33333
 endloop
endfacet
facet normal -0.6388478 -0.7693332 0
 outer loop
  vertex 30.065857 26.77479 130
  vertex 30.065857 26.77479 88.33333
  vertex 31.842392 25.29957 130
 endloop
endfacet
facet normal -0.6388478 -0.7693332 -0
 outer loop
  vertex 31.842392 25.29957 88.33333
  vertex 31.842392 25.29957 130
  vertex 30.065857 26.77479 88.33333
 endloop
endfacet
facet normal -0.70710677 -0.70710677 0
 outer loop
  vertex 31.842392 25.29957 130
  vertex 31.842392 25.29957 88.33333
  vertex 33.47522 23.666742 130
 endloop
endfacet
facet normal -0.70710677 -0.70710677 -0
 outer loop
  vertex 33.47522 23.666742 88.33333
  vertex 33.47522 23.666742 130
  vertex 31.842392 25.29957 88.33333
 endloop
endfacet
facet normal -0.7693332 -0.6388478 0
 outer loop
  vertex 33.47522 23.666742 88.33333
  vertex 34.95044 21.890207 130
  vertex 33.47522 23.666742 130
 endloop
endfacet
facet normal -0.7693332 -0.6388478 0
 outer loop
  vertex 34.95044 21.890207 130
  vertex 33.47522 23.666742 88.33333
  vertex 34.95044 21.890207 88.33333
 endloop
endfacet
facet normal -0.8249982 -0.56513536 0
 outer loop
  vertex 34.95044 21.890207 88.33333
  vertex 36.255432 19.985147 130
  vertex 34.95044 21.890207 130
 endloop
endfacet
facet normal -0.8249982 -0.56513536 0
 outer loop
  vertex 36.255432 19.985147 130
  vertex 34.95044 21.890207 88.33333
  vertex 36.255432 19.985147 88.33333
 endloop
endfacet
facet normal -0.8736207 -0.48660764 0
 outer loop
  vertex 36.255432 19.985147 88.33333
  vertex 37.37909 17.967813 130
  vertex 36.255432 19.985147 130
 endloop
endfacet
facet normal -0.8736207 -0.48660764 0
 outer loop
  vertex 37.37909 17.967813 130
  vertex 36.255432 19.985147 88.33333
  vertex 37.37909 17.967813 88.33333
 endloop
endfacet
facet normal -0.91479695 -0.403914 0
 outer loop
  vertex 37.37909 17.967813 88.33333
  vertex 38.3118 15.855386 130
  vertex 37.37909 17.967813 130
 endloop
endfacet
facet normal -0.91479695 -0.403914 0
 outer loop
  vertex 38.3118 15.855386 130
  vertex 37.37909 17.967813 88.33333
  vertex 38.3118 15.855386 88.33333
 endloop
endfacet
facet normal -0.9481593 -0.31779537 0
 outer loop
  vertex 38.3118 15.855386 88.33333
  vertex 39.04564 13.665933 130
  vertex 38.3118 15.855386 130
 endloop
endfacet
facet normal -0.9481593 -0.31779537 0
 outer loop
  vertex 39.04564 13.665933 130
  vertex 38.3118 15.855386 88.33333
  vertex 39.04564 13.665933 88.33333
 endloop
endfacet
facet normal -0.97343826 -0.22894947 0
 outer loop
  vertex 39.04564 13.665933 88.33333
  vertex 39.574326 11.418084 130
  vertex 39.04564 13.665933 130
 endloop
endfacet
facet normal -0.97343826 -0.22894947 0
 outer loop
  vertex 39.574326 11.418084 130
  vertex 39.04564 13.665933 88.33333
  vertex 39.574326 11.418084 88.33333
 endloop
endfacet
facet normal -0.99041027 -0.13815774 0
 outer loop
  vertex 39.574326 11.418084 88.33333
  vertex 39.893356 9.131051 130
  vertex 39.574326 11.418084 130
 endloop
endfacet
facet normal -0.99041027 -0.13815774 0
 outer loop
  vertex 39.893356 9.131051 130
  vertex 39.574326 11.418084 88.33333
  vertex 39.893356 9.131051 88.33333
 endloop
endfacet
facet normal -0.998933 -0.046182778 0
 outer loop
  vertex 39.893356 9.131051 88.33333
  vertex 40 6.8243494 130
  vertex 39.893356 9.131051 130
 endloop
endfacet
facet normal -0.998933 -0.046182778 0
 outer loop
  vertex 39.893356 9.131051 46.666656
  vertex 40 6.8243494 130
  vertex 39.893356 9.131051 88.33333
 endloop
endfacet
facet normal -0.998933 -0.046182778 0
 outer loop
  vertex 40 6.8243494 130
  vertex 39.893356 9.131051 46.666656
  vertex 40 6.8243494 4.9999886
 endloop
endfacet
facet normal -0.9989331 -0.04618278 0
 outer loop
  vertex 40 6.8243494 4.9999886
  vertex 39.893356 9.131051 46.666656
  vertex 39.893356 9.131051 4.9999886
 endloop
endfacet
facet normal -0.99041027 -0.13815776 0
 outer loop
  vertex 39.893356 9.131051 46.666656
  vertex 39.574326 11.418084 4.9999886
  vertex 39.893356 9.131051 4.9999886
 endloop
endfacet
facet normal -0.99041027 -0.13815776 0
 outer loop
  vertex 39.574326 11.418084 4.9999886
  vertex 39.893356 9.131051 46.666656
  vertex 39.574326 11.418084 46.666656
 endloop
endfacet
facet normal -0.9734383 -0.22894949 0
 outer loop
  vertex 39.574326 11.418084 46.666656
  vertex 39.04564 13.665933 4.9999886
  vertex 39.574326 11.418084 4.9999886
 endloop
endfacet
facet normal -0.9734383 -0.22894949 0
 outer loop
  vertex 39.04564 13.665933 4.9999886
  vertex 39.574326 11.418084 46.666656
  vertex 39.04564 13.665933 46.666656
 endloop
endfacet
facet normal -0.94815934 -0.3177954 0
 outer loop
  vertex 39.04564 13.665933 46.666656
  vertex 38.3118 15.855386 4.9999886
  vertex 39.04564 13.665933 4.9999886
 endloop
endfacet
facet normal -0.94815934 -0.3177954 0
 outer loop
  vertex 38.3118 15.855386 4.9999886
  vertex 39.04564 13.665933 46.666656
  vertex 38.3118 15.855386 46.666656
 endloop
endfacet
facet normal -0.91479695 -0.403914 0
 outer loop
  vertex 38.3118 15.855386 46.666656
  vertex 37.37909 17.967813 4.9999886
  vertex 38.3118 15.855386 4.9999886
 endloop
endfacet
facet normal -0.91479695 -0.403914 0
 outer loop
  vertex 37.37909 17.967813 4.9999886
  vertex 38.3118 15.855386 46.666656
  vertex 37.37909 17.967813 46.666656
 endloop
endfacet
facet normal -0.8736206 -0.48660764 0
 outer loop
  vertex 37.37909 17.967813 46.666656
  vertex 36.255432 19.985147 4.9999886
  vertex 37.37909 17.967813 4.9999886
 endloop
endfacet
facet normal -0.8736206 -0.48660764 0
 outer loop
  vertex 36.255432 19.985147 4.9999886
  vertex 37.37909 17.967813 46.666656
  vertex 36.255432 19.985147 46.666656
 endloop
endfacet
facet normal -0.8249982 -0.5651353 0
 outer loop
  vertex 36.255432 19.985147 46.666656
  vertex 34.95044 21.890207 4.9999886
  vertex 36.255432 19.985147 4.9999886
 endloop
endfacet
facet normal -0.8249982 -0.5651353 0
 outer loop
  vertex 34.95044 21.890207 4.9999886
  vertex 36.255432 19.985147 46.666656
  vertex 34.95044 21.890207 46.666656
 endloop
endfacet
facet normal -0.7693331 -0.63884777 0
 outer loop
  vertex 34.95044 21.890207 46.666656
  vertex 33.47522 23.666742 4.9999886
  vertex 34.95044 21.890207 4.9999886
 endloop
endfacet
facet normal -0.7693331 -0.63884777 0
 outer loop
  vertex 33.47522 23.666742 4.9999886
  vertex 34.95044 21.890207 46.666656
  vertex 33.47522 23.666742 46.666656
 endloop
endfacet
facet normal -0.70710677 -0.70710677 -0
 outer loop
  vertex 33.47522 23.666742 4.9999886
  vertex 33.47522 23.666742 46.666656
  vertex 31.842392 25.29957 4.9999886
 endloop
endfacet
facet normal -0.70710677 -0.70710677 0
 outer loop
  vertex 31.842392 25.29957 46.666656
  vertex 31.842392 25.29957 4.9999886
  vertex 33.47522 23.666742 46.666656
 endloop
endfacet
facet normal -0.63884777 -0.7693331 -0
 outer loop
  vertex 31.842392 25.29957 4.9999886
  vertex 31.842392 25.29957 46.666656
  vertex 30.065857 26.77479 4.9999886
 endloop
endfacet
facet normal -0.63884777 -0.7693331 0
 outer loop
  vertex 30.065857 26.77479 46.666656
  vertex 30.065857 26.77479 4.9999886
  vertex 31.842392 25.29957 46.666656
 endloop
endfacet
facet normal -0.5651353 -0.8249982 -0
 outer loop
  vertex 30.065857 26.77479 4.9999886
  vertex 30.065857 26.77479 46.666656
  vertex 28.160797 28.079782 4.9999886
 endloop
endfacet
facet normal -0.5651353 -0.8249982 0
 outer loop
  vertex 28.160797 28.079782 46.666656
  vertex 28.160797 28.079782 4.9999886
  vertex 30.065857 26.77479 46.666656
 endloop
endfacet
facet normal -0.48660764 -0.8736206 -0
 outer loop
  vertex 28.160797 28.079782 4.9999886
  vertex 28.160797 28.079782 46.666656
  vertex 26.143463 29.20344 4.9999886
 endloop
endfacet
facet normal -0.48660764 -0.8736206 0
 outer loop
  vertex 26.143463 29.20344 46.666656
  vertex 26.143463 29.20344 4.9999886
  vertex 28.160797 28.079782 46.666656
 endloop
endfacet
facet normal -0.40391412 -0.9147969 -0
 outer loop
  vertex 26.143463 29.20344 4.9999886
  vertex 26.143463 29.20344 46.666656
  vertex 24.031036 30.136148 4.9999886
 endloop
endfacet
facet normal -0.40391412 -0.9147969 0
 outer loop
  vertex 24.031036 30.136148 46.666656
  vertex 24.031036 30.136148 4.9999886
  vertex 26.143463 29.20344 46.666656
 endloop
endfacet
facet normal -0.3177954 -0.94815934 -0
 outer loop
  vertex 24.031036 30.136148 4.9999886
  vertex 24.031036 30.136148 46.666656
  vertex 21.841583 30.86999 4.9999886
 endloop
endfacet
facet normal -0.3177954 -0.94815934 0
 outer loop
  vertex 21.841583 30.86999 46.666656
  vertex 21.841583 30.86999 4.9999886
  vertex 24.031036 30.136148 46.666656
 endloop
endfacet
facet normal -0.22894949 -0.9734383 -0
 outer loop
  vertex 21.841583 30.86999 4.9999886
  vertex 21.841583 30.86999 46.666656
  vertex 19.593735 31.398676 4.9999886
 endloop
endfacet
facet normal -0.22894949 -0.9734383 0
 outer loop
  vertex 19.593735 31.398676 46.666656
  vertex 19.593735 31.398676 4.9999886
  vertex 21.841583 30.86999 46.666656
 endloop
endfacet
facet normal -0.13815776 -0.99041027 -0
 outer loop
  vertex 19.593735 31.398676 4.9999886
  vertex 19.593735 31.398676 46.666656
  vertex 17.306702 31.717707 4.9999886
 endloop
endfacet
facet normal -0.13815776 -0.99041027 0
 outer loop
  vertex 17.306702 31.717707 46.666656
  vertex 17.306702 31.717707 4.9999886
  vertex 19.593735 31.398676 46.666656
 endloop
endfacet
facet normal -0.13815774 -0.99041027 0
 outer loop
  vertex 17.306702 31.717707 88.33333
  vertex 17.306702 31.717707 46.666656
  vertex 19.593735 31.398676 88.33333
 endloop
endfacet
facet normal -0.13815774 -0.99041027 -0
 outer loop
  vertex 19.593735 31.398676 46.666656
  vertex 19.593735 31.398676 88.33333
  vertex 17.306702 31.717707 46.666656
 endloop
endfacet
facet normal -0.22894947 -0.97343826 0
 outer loop
  vertex 19.593735 31.398676 88.33333
  vertex 19.593735 31.398676 46.666656
  vertex 21.841583 30.86999 88.33333
 endloop
endfacet
facet normal -0.22894947 -0.97343826 -0
 outer loop
  vertex 21.841583 30.86999 46.666656
  vertex 21.841583 30.86999 88.33333
  vertex 19.593735 31.398676 46.666656
 endloop
endfacet
facet normal -0.31779537 -0.9481593 0
 outer loop
  vertex 21.841583 30.86999 88.33333
  vertex 21.841583 30.86999 46.666656
  vertex 24.031036 30.136148 88.33333
 endloop
endfacet
facet normal -0.31779537 -0.9481593 -0
 outer loop
  vertex 24.031036 30.136148 46.666656
  vertex 24.031036 30.136148 88.33333
  vertex 21.841583 30.86999 46.666656
 endloop
endfacet
facet normal -0.40391415 -0.9147969 0
 outer loop
  vertex 24.031036 30.136148 88.33333
  vertex 24.031036 30.136148 46.666656
  vertex 26.143463 29.20344 88.33333
 endloop
endfacet
facet normal -0.40391415 -0.9147969 -0
 outer loop
  vertex 26.143463 29.20344 46.666656
  vertex 26.143463 29.20344 88.33333
  vertex 24.031036 30.136148 46.666656
 endloop
endfacet
facet normal -0.48660764 -0.8736207 0
 outer loop
  vertex 26.143463 29.20344 88.33333
  vertex 26.143463 29.20344 46.666656
  vertex 28.160797 28.079782 88.33333
 endloop
endfacet
facet normal -0.48660764 -0.8736207 -0
 outer loop
  vertex 28.160797 28.079782 46.666656
  vertex 28.160797 28.079782 88.33333
  vertex 26.143463 29.20344 46.666656
 endloop
endfacet
facet normal -0.56513536 -0.8249982 0
 outer loop
  vertex 28.160797 28.079782 88.33333
  vertex 28.160797 28.079782 46.666656
  vertex 30.065857 26.77479 88.33333
 endloop
endfacet
facet normal -0.56513536 -0.8249982 -0
 outer loop
  vertex 30.065857 26.77479 46.666656
  vertex 30.065857 26.77479 88.33333
  vertex 28.160797 28.079782 46.666656
 endloop
endfacet
facet normal -0.6388478 -0.7693332 0
 outer loop
  vertex 30.065857 26.77479 88.33333
  vertex 30.065857 26.77479 46.666656
  vertex 31.842392 25.29957 88.33333
 endloop
endfacet
facet normal -0.6388478 -0.7693332 -0
 outer loop
  vertex 31.842392 25.29957 46.666656
  vertex 31.842392 25.29957 88.33333
  vertex 30.065857 26.77479 46.666656
 endloop
endfacet
facet normal -0.70710677 -0.70710677 0
 outer loop
  vertex 31.842392 25.29957 88.33333
  vertex 31.842392 25.29957 46.666656
  vertex 33.47522 23.666742 88.33333
 endloop
endfacet
facet normal -0.70710677 -0.70710677 -0
 outer loop
  vertex 33.47522 23.666742 46.666656
  vertex 33.47522 23.666742 88.33333
  vertex 31.842392 25.29957 46.666656
 endloop
endfacet
facet normal -0.7693332 -0.6388478 0
 outer loop
  vertex 33.47522 23.666742 46.666656
  vertex 34.95044 21.890207 88.33333
  vertex 33.47522 23.666742 88.33333
 endloop
endfacet
facet normal -0.7693332 -0.6388478 0
 outer loop
  vertex 34.95044 21.890207 88.33333
  vertex 33.47522 23.666742 46.666656
  vertex 34.95044 21.890207 46.666656
 endloop
endfacet
facet normal -0.8249982 -0.56513536 0
 outer loop
  vertex 34.95044 21.890207 46.666656
  vertex 36.255432 19.985147 88.33333
  vertex 34.95044 21.890207 88.33333
 endloop
endfacet
facet normal -0.8249982 -0.56513536 0
 outer loop
  vertex 36.255432 19.985147 88.33333
  vertex 34.95044 21.890207 46.666656
  vertex 36.255432 19.985147 46.666656
 endloop
endfacet
facet normal -0.8736207 -0.48660764 0
 outer loop
  vertex 36.255432 19.985147 46.666656
  vertex 37.37909 17.967813 88.33333
  vertex 36.255432 19.985147 88.33333
 endloop
endfacet
facet normal -0.8736207 -0.48660764 0
 outer loop
  vertex 37.37909 17.967813 88.33333
  vertex 36.255432 19.985147 46.666656
  vertex 37.37909 17.967813 46.666656
 endloop
endfacet
facet normal -0.91479695 -0.403914 0
 outer loop
  vertex 37.37909 17.967813 46.666656
  vertex 38.3118 15.855386 88.33333
  vertex 37.37909 17.967813 88.33333
 endloop
endfacet
facet normal -0.91479695 -0.403914 0
 outer loop
  vertex 38.3118 15.855386 88.33333
  vertex 37.37909 17.967813 46.666656
  vertex 38.3118 15.855386 46.666656
 endloop
endfacet
facet normal -0.9481593 -0.31779537 0
 outer loop
  vertex 38.3118 15.855386 46.666656
  vertex 39.04564 13.665933 88.33333
  vertex 38.3118 15.855386 88.33333
 endloop
endfacet
facet normal -0.9481593 -0.31779537 0
 outer loop
  vertex 39.04564 13.665933 88.33333
  vertex 38.3118 15.855386 46.666656
  vertex 39.04564 13.665933 46.666656
 endloop
endfacet
facet normal -0.97343826 -0.22894947 0
 outer loop
  vertex 39.04564 13.665933 46.666656
  vertex 39.574326 11.418084 88.33333
  vertex 39.04564 13.665933 88.33333
 endloop
endfacet
facet normal -0.97343826 -0.22894947 0
 outer loop
  vertex 39.574326 11.418084 88.33333
  vertex 39.04564 13.665933 46.666656
  vertex 39.574326 11.418084 46.666656
 endloop
endfacet
facet normal -0.99041027 -0.13815774 0
 outer loop
  vertex 39.574326 11.418084 46.666656
  vertex 39.893356 9.131051 88.33333
  vertex 39.574326 11.418084 88.33333
 endloop
endfacet
facet normal -0.99041027 -0.13815774 0
 outer loop
  vertex 39.893356 9.131051 88.33333
  vertex 39.574326 11.418084 46.666656
  vertex 39.893356 9.131051 46.666656
 endloop
endfacet
facet normal 0 0 1
 outer loop
  vertex 40 6.8243494 4.9999886
  vertex 39.893356 9.131051 4.9999886
  vertex 14.999999 31.82435 4.9999886
 endloop
endfacet
facet normal -0 0 1
 outer loop
  vertex 40 6.8243494 4.9999886
  vertex 14.999999 31.82435 4.9999886
  vertex -15.000001 31.82435 4.9999886
 endloop
endfacet
facet normal 0 -0 1
 outer loop
  vertex -15.000001 31.82435 4.9999886
  vertex -40 6.8243494 4.9999886
  vertex 40 6.8243494 4.9999886
 endloop
endfacet
facet normal 0 -0 1
 outer loop
  vertex -39.893356 9.131051 4.9999886
  vertex -40 6.8243494 4.9999886
  vertex -15.000001 31.82435 4.9999886
 endloop
endfacet
facet normal 0 -0 1
 outer loop
  vertex -39.574326 11.418084 4.9999886
  vertex -39.893356 9.131051 4.9999886
  vertex -15.000001 31.82435 4.9999886
 endloop
endfacet
facet normal 0 -0 1
 outer loop
  vertex -39.04564 13.665933 4.9999886
  vertex -39.574326 11.418084 4.9999886
  vertex -15.000001 31.82435 4.9999886
 endloop
endfacet
facet normal 0 -0 1
 outer loop
  vertex -38.3118 15.855386 4.9999886
  vertex -39.04564 13.665933 4.9999886
  vertex -15.000001 31.82435 4.9999886
 endloop
endfacet
facet normal 0 -0 1
 outer loop
  vertex -37.37909 17.967813 4.9999886
  vertex -38.3118 15.855386 4.9999886
  vertex -15.000001 31.82435 4.9999886
 endloop
endfacet
facet normal 0 -0 1
 outer loop
  vertex -36.255432 19.985147 4.9999886
  vertex -37.37909 17.967813 4.9999886
  vertex -15.000001 31.82435 4.9999886
 endloop
endfacet
facet normal 0 -0 1
 outer loop
  vertex -34.95044 21.890207 4.9999886
  vertex -36.255432 19.985147 4.9999886
  vertex -15.000001 31.82435 4.9999886
 endloop
endfacet
facet normal 0 -0 1
 outer loop
  vertex -33.47522 23.666742 4.9999886
  vertex -34.95044 21.890207 4.9999886
  vertex -15.000001 31.82435 4.9999886
 endloop
endfacet
facet normal 0 -0 1
 outer loop
  vertex -31.842392 25.29957 4.9999886
  vertex -33.47522 23.666742 4.9999886
  vertex -15.000001 31.82435 4.9999886
 endloop
endfacet
facet normal 0 -0 1
 outer loop
  vertex -30.065857 26.77479 4.9999886
  vertex -31.842392 25.29957 4.9999886
  vertex -15.000001 31.82435 4.9999886
 endloop
endfacet
facet normal 0 -0 1
 outer loop
  vertex -28.160797 28.079782 4.9999886
  vertex -30.065857 26.77479 4.9999886
  vertex -15.000001 31.82435 4.9999886
 endloop
endfacet
facet normal 0 -0 1
 outer loop
  vertex -26.143463 29.20344 4.9999886
  vertex -28.160797 28.079782 4.9999886
  vertex -15.000001 31.82435 4.9999886
 endloop
endfacet
facet normal 0 0 1
 outer loop
  vertex -15.000001 31.82435 4.9999886
  vertex -24.031036 30.136148 4.9999886
  vertex -26.143463 29.20344 4.9999886
 endloop
endfacet
facet normal 0 -0 1
 outer loop
  vertex -21.841583 30.86999 4.9999886
  vertex -24.031036 30.136148 4.9999886
  vertex -15.000001 31.82435 4.9999886
 endloop
endfacet
facet normal 0 0 1
 outer loop
  vertex -15.000001 31.82435 4.9999886
  vertex -19.593735 31.398676 4.9999886
  vertex -21.841583 30.86999 4.9999886
 endloop
endfacet
facet normal 0 -0 1
 outer loop
  vertex -17.306702 31.717707 4.9999886
  vertex -19.593735 31.398676 4.9999886
  vertex -15.000001 31.82435 4.9999886
 endloop
endfacet
facet normal 0 0 1
 outer loop
  vertex 39.893356 9.131051 4.9999886
  vertex 39.574326 11.418084 4.9999886
  vertex 14.999999 31.82435 4.9999886
 endloop
endfacet
facet normal 0 0 1
 outer loop
  vertex 39.574326 11.418084 4.9999886
  vertex 39.04564 13.665933 4.9999886
  vertex 14.999999 31.82435 4.9999886
 endloop
endfacet
facet normal 0 0 1
 outer loop
  vertex 39.04564 13.665933 4.9999886
  vertex 38.3118 15.855386 4.9999886
  vertex 14.999999 31.82435 4.9999886
 endloop
endfacet
facet normal 0 0 1
 outer loop
  vertex 38.3118 15.855386 4.9999886
  vertex 37.37909 17.967813 4.9999886
  vertex 14.999999 31.82435 4.9999886
 endloop
endfacet
facet normal 0 0 1
 outer loop
  vertex 37.37909 17.967813 4.9999886
  vertex 36.255432 19.985147 4.9999886
  vertex 14.999999 31.82435 4.9999886
 endloop
endfacet
facet normal 0 0 1
 outer loop
  vertex 36.255432 19.985147 4.9999886
  vertex 34.95044 21.890207 4.9999886
  vertex 14.999999 31.82435 4.9999886
 endloop
endfacet
facet normal 0 0 1
 outer loop
  vertex 34.95044 21.890207 4.9999886
  vertex 33.47522 23.666742 4.9999886
  vertex 14.999999 31.82435 4.9999886
 endloop
endfacet
facet normal 0 0 1
 outer loop
  vertex 33.47522 23.666742 4.9999886
  vertex 31.842392 25.29957 4.9999886
  vertex 14.999999 31.82435 4.9999886
 endloop
endfacet
facet normal 0 0 1
 outer loop
  vertex 31.842392 25.29957 4.9999886
  vertex 30.065857 26.77479 4.9999886
  vertex 14.999999 31.82435 4.9999886
 endloop
endfacet
facet normal 0 0 1
 outer loop
  vertex 30.065857 26.77479 4.9999886
  vertex 28.160797 28.079782 4.9999886
  vertex 14.999999 31.82435 4.9999886
 endloop
endfacet
facet normal 0 0 1
 outer loop
  vertex 28.160797 28.079782 4.9999886
  vertex 26.143463 29.20344 4.9999886
  vertex 14.999999 31.82435 4.9999886
 endloop
endfacet
facet normal 0 0 1
 outer loop
  vertex 26.143463 29.20344 4.9999886
  vertex 24.031036 30.136148 4.9999886
  vertex 14.999999 31.82435 4.9999886
 endloop
endfacet
facet normal 0 0 1
 outer loop
  vertex 14.999999 31.82435 4.9999886
  vertex 24.031036 30.136148 4.9999886
  vertex 21.841583 30.86999 4.9999886
 endloop
endfacet
facet normal 0 0 1
 outer loop
  vertex 21.841583 30.86999 4.9999886
  vertex 19.593735 31.398676 4.9999886
  vertex 14.999999 31.82435 4.9999886
 endloop
endfacet
facet normal -0 -0 1
 outer loop
  vertex 17.306702 31.717707 4.9999886
  vertex 14.999999 31.82435 4.9999886
  vertex 19.593735 31.398676 4.9999886
 endloop
endfacet
facet normal 0 -0 1
 outer loop
  vertex -40 6.8243494 4.9999886
  vertex -40 -23.17565 4.9999886
  vertex 40 -23.17565 4.9999886
 endloop
endfacet
facet normal -0 0 1
 outer loop
  vertex 40 -23.17565 4.9999886
  vertex 40 6.8243494 4.9999886
  vertex -40 6.8243494 4.9999886
 endloop
endfacet
facet normal 1 0 -0
 outer loop
  vertex 45 -28.17565 130
  vertex 45 -28.17565 -1.1444092e-05
  vertex 45 6.8243494 -1.1444092e-05
 endloop
endfacet
facet normal 1 -0 0
 outer loop
  vertex 45 6.8243494 -1.1444092e-05
  vertex 45 6.8243494 130
  vertex 45 -28.17565 130
 endloop
endfacet
facet normal 0 -1 0
 outer loop
  vertex 36.900543 -28.17565 4.2041817
  vertex 36.800003 -28.17565 4.9999886
  vertex 35 -28.17565 9.999989
 endloop
endfacet
facet normal -0 -1 0
 outer loop
  vertex 35 -28.17565 9.999989
  vertex 36.800003 -28.17565 4.9999886
  vertex 36.900543 -28.17565 5.7957954
 endloop
endfacet
facet normal 0 -1 -0
 outer loop
  vertex 36.900543 -28.17565 5.7957954
  vertex 37.195816 -28.17565 6.5415993
  vertex 35 -28.17565 9.999989
 endloop
endfacet
facet normal 0 -1 -0
 outer loop
  vertex 37.195816 -28.17565 6.5415993
  vertex 37.667297 -28.17565 7.1905403
  vertex 35 -28.17565 9.999989
 endloop
endfacet
facet normal 0 -1 -0
 outer loop
  vertex 37.667297 -28.17565 7.1905403
  vertex 38.285355 -28.17565 7.7018394
  vertex 35 -28.17565 9.999989
 endloop
endfacet
facet normal 0 -1 -0
 outer loop
  vertex 38.285355 -28.17565 7.7018394
  vertex 39.01114 -28.17565 8.043369
  vertex 35 -28.17565 9.999989
 endloop
endfacet
facet normal -0 -1 0
 outer loop
  vertex 35 -28.17565 9.999989
  vertex 39.01114 -28.17565 8.043369
  vertex 39.799072 -28.17565 8.193676
 endloop
endfacet
facet normal -0 -1 -0
 outer loop
  vertex 39.799072 -28.17565 8.193676
  vertex 40.59961 -28.17565 8.143307
  vertex 35 -28.17565 9.999989
 endloop
endfacet
facet normal -0 -1 -0
 outer loop
  vertex 40.59316 -28.17565 61.432014
  vertex 40.59961 -28.17565 61.428566
  vertex 40.59961 -28.17565 108.571434
 endloop
endfacet
facet normal 0 -1 -0
 outer loop
  vertex 40.59316 -28.17565 61.432014
  vertex 40.59961 -28.17565 108.571434
  vertex 40.59316 -28.17565 108.567986
 endloop
endfacet
facet normal -0 -1 -0
 outer loop
  vertex 40.30239 -28.17565 61.520218
  vertex 40.59316 -28.17565 61.432014
  vertex 40.59316 -28.17565 108.567986
 endloop
endfacet
facet normal 0 -1 0
 outer loop
  vertex 40.30239 -28.17565 108.47978
  vertex 40.17115 -28.17565 108.46686
  vertex 35 -28.17565 9.999989
 endloop
endfacet
facet normal 0 -1 -0
 outer loop
  vertex 40.30239 -28.17565 61.520218
  vertex 40.59316 -28.17565 108.567986
  vertex 40.30239 -28.17565 108.47978
 endloop
endfacet
facet normal -0 -1 -0
 outer loop
  vertex 40 -28.17565 61.55
  vertex 40.30239 -28.17565 61.520218
  vertex 40.30239 -28.17565 108.47978
 endloop
endfacet
facet normal -0 -1 -0
 outer loop
  vertex 35 -28.17565 9.999989
  vertex 40.59961 -28.17565 8.143307
  vertex 40.59961 -28.17565 13.571434
 endloop
endfacet
facet normal 0 -1 -0
 outer loop
  vertex 35 -28.17565 9.999989
  vertex 40.59961 -28.17565 13.571434
  vertex 40.59316 -28.17565 13.567986
 endloop
endfacet
facet normal 0 -1 0
 outer loop
  vertex 39.69761 -28.17565 61.520218
  vertex 40 -28.17565 61.55
  vertex 40.30239 -28.17565 108.47978
 endloop
endfacet
facet normal 0 -1 0
 outer loop
  vertex 39.40684 -28.17565 61.432014
  vertex 39.69761 -28.17565 61.520218
  vertex 40.30239 -28.17565 108.47978
 endloop
endfacet
facet normal 0 -1 -0
 outer loop
  vertex 35 -28.17565 9.999989
  vertex 40.59316 -28.17565 13.567986
  vertex 40.30239 -28.17565 13.479782
 endloop
endfacet
facet normal 0 -1 -0
 outer loop
  vertex 35 -28.17565 9.999989
  vertex 40.30239 -28.17565 13.479782
  vertex 40 -28.17565 13.450001
 endloop
endfacet
facet normal 0 -1 0
 outer loop
  vertex 39.138866 -28.17565 61.288776
  vertex 39.40684 -28.17565 61.432014
  vertex 40.30239 -28.17565 108.47978
 endloop
endfacet
facet normal 0 -1 0
 outer loop
  vertex 38.903984 -28.17565 61.096016
  vertex 39.138866 -28.17565 61.288776
  vertex 40.30239 -28.17565 108.47978
 endloop
endfacet
facet normal 0 -1 -0
 outer loop
  vertex 35 -28.17565 9.999989
  vertex 40 -28.17565 13.450001
  vertex 39.69761 -28.17565 13.479782
 endloop
endfacet
facet normal 0 -1 -0
 outer loop
  vertex 35 -28.17565 9.999989
  vertex 39.69761 -28.17565 13.479782
  vertex 39.40684 -28.17565 13.567986
 endloop
endfacet
facet normal 0 -1 0
 outer loop
  vertex 38.711224 -28.17565 60.861134
  vertex 38.903984 -28.17565 61.096016
  vertex 40.30239 -28.17565 108.47978
 endloop
endfacet
facet normal 0 -1 0
 outer loop
  vertex 38.567986 -28.17565 60.59316
  vertex 38.711224 -28.17565 60.861134
  vertex 40.30239 -28.17565 108.47978
 endloop
endfacet
facet normal 0 -1 -0
 outer loop
  vertex 35 -28.17565 9.999989
  vertex 39.40684 -28.17565 13.567986
  vertex 39.138866 -28.17565 13.711224
 endloop
endfacet
facet normal 0 -1 -0
 outer loop
  vertex 35 -28.17565 9.999989
  vertex 39.138866 -28.17565 13.711224
  vertex 38.903984 -28.17565 13.903984
 endloop
endfacet
facet normal 0 -1 0
 outer loop
  vertex 38.479782 -28.17565 60.30239
  vertex 38.567986 -28.17565 60.59316
  vertex 40.30239 -28.17565 108.47978
 endloop
endfacet
facet normal 0 -1 0
 outer loop
  vertex 38.45 -28.17565 60
  vertex 38.479782 -28.17565 60.30239
  vertex 40.30239 -28.17565 108.47978
 endloop
endfacet
facet normal 0 -1 -0
 outer loop
  vertex 35 -28.17565 9.999989
  vertex 38.903984 -28.17565 13.903984
  vertex 38.711224 -28.17565 14.138866
 endloop
endfacet
facet normal 0 -1 -0
 outer loop
  vertex 35 -28.17565 9.999989
  vertex 38.711224 -28.17565 14.138866
  vertex 38.567986 -28.17565 14.406841
 endloop
endfacet
facet normal 0 -1 -0
 outer loop
  vertex 38.45 -28.17565 60
  vertex 40.30239 -28.17565 108.47978
  vertex 35 -28.17565 9.999989
 endloop
endfacet
facet normal 0 -1 0
 outer loop
  vertex 38.479782 -28.17565 59.69761
  vertex 38.45 -28.17565 60
  vertex 35 -28.17565 9.999989
 endloop
endfacet
facet normal 0 -1 -0
 outer loop
  vertex 35 -28.17565 9.999989
  vertex 38.567986 -28.17565 14.406841
  vertex 38.479782 -28.17565 14.697609
 endloop
endfacet
facet normal 0 -1 -0
 outer loop
  vertex 35 -28.17565 9.999989
  vertex 38.479782 -28.17565 14.697609
  vertex 38.45 -28.17565 15
 endloop
endfacet
facet normal 0 -1 0
 outer loop
  vertex 38.567986 -28.17565 59.40684
  vertex 38.479782 -28.17565 59.69761
  vertex 35 -28.17565 9.999989
 endloop
endfacet
facet normal 0 -1 0
 outer loop
  vertex 38.711224 -28.17565 59.138866
  vertex 38.567986 -28.17565 59.40684
  vertex 35 -28.17565 9.999989
 endloop
endfacet
facet normal 0 -1 0
 outer loop
  vertex 35 -28.17565 9.999989
  vertex 38.45 -28.17565 15
  vertex 38.479782 -28.17565 15.302391
 endloop
endfacet
facet normal 0 -1 0
 outer loop
  vertex 35 -28.17565 9.999989
  vertex 38.479782 -28.17565 15.302391
  vertex 38.567986 -28.17565 15.593159
 endloop
endfacet
facet normal 0 -1 0
 outer loop
  vertex 38.903984 -28.17565 58.903984
  vertex 38.711224 -28.17565 59.138866
  vertex 35 -28.17565 9.999989
 endloop
endfacet
facet normal 0 -1 0
 outer loop
  vertex 39.138866 -28.17565 58.711224
  vertex 38.903984 -28.17565 58.903984
  vertex 35 -28.17565 9.999989
 endloop
endfacet
facet normal 0 -1 0
 outer loop
  vertex 35 -28.17565 9.999989
  vertex 38.567986 -28.17565 15.593159
  vertex 38.711224 -28.17565 15.861134
 endloop
endfacet
facet normal -0 -1 0
 outer loop
  vertex 39.138866 -28.17565 58.711224
  vertex 35 -28.17565 9.999989
  vertex 38.711224 -28.17565 15.861134
 endloop
endfacet
facet normal 0 -1 0
 outer loop
  vertex 39.40684 -28.17565 58.567986
  vertex 39.138866 -28.17565 58.711224
  vertex 38.711224 -28.17565 15.861134
 endloop
endfacet
facet normal -0 -1 0
 outer loop
  vertex 39.40684 -28.17565 58.567986
  vertex 38.711224 -28.17565 15.861134
  vertex 38.903984 -28.17565 16.096016
 endloop
endfacet
facet normal 0 -1 0
 outer loop
  vertex 39.69761 -28.17565 58.479782
  vertex 39.40684 -28.17565 58.567986
  vertex 38.903984 -28.17565 16.096016
 endloop
endfacet
facet normal -0 -1 0
 outer loop
  vertex 39.69761 -28.17565 58.479782
  vertex 38.903984 -28.17565 16.096016
  vertex 39.138866 -28.17565 16.288776
 endloop
endfacet
facet normal 0 -1 0
 outer loop
  vertex 40 -28.17565 58.45
  vertex 39.69761 -28.17565 58.479782
  vertex 39.138866 -28.17565 16.288776
 endloop
endfacet
facet normal -0 -1 0
 outer loop
  vertex 40 -28.17565 58.45
  vertex 39.138866 -28.17565 16.288776
  vertex 39.40684 -28.17565 16.432014
 endloop
endfacet
facet normal 0 -1 0
 outer loop
  vertex 40.30239 -28.17565 58.479782
  vertex 40 -28.17565 58.45
  vertex 39.40684 -28.17565 16.432014
 endloop
endfacet
facet normal -0 -1 0
 outer loop
  vertex 40.30239 -28.17565 58.479782
  vertex 39.40684 -28.17565 16.432014
  vertex 39.69761 -28.17565 16.520218
 endloop
endfacet
facet normal 0 -1 0
 outer loop
  vertex 40.59961 -28.17565 16.428566
  vertex 40.59961 -28.17565 58.571434
  vertex 40.59316 -28.17565 58.567986
 endloop
endfacet
facet normal 0 -1 0
 outer loop
  vertex 40.59316 -28.17565 58.567986
  vertex 40.30239 -28.17565 58.479782
  vertex 39.69761 -28.17565 16.520218
 endloop
endfacet
facet normal -0 -1 0
 outer loop
  vertex 40.59316 -28.17565 58.567986
  vertex 39.69761 -28.17565 16.520218
  vertex 40 -28.17565 16.55
 endloop
endfacet
facet normal -0 -1 -0
 outer loop
  vertex 40.59316 -28.17565 16.432014
  vertex 40.59961 -28.17565 16.428566
  vertex 40.59316 -28.17565 58.567986
 endloop
endfacet
facet normal 0 -1 0
 outer loop
  vertex 40.59316 -28.17565 58.567986
  vertex 40 -28.17565 16.55
  vertex 40.30239 -28.17565 16.520218
 endloop
endfacet
facet normal -0 -1 -0
 outer loop
  vertex 40.30239 -28.17565 16.520218
  vertex 40.59316 -28.17565 16.432014
  vertex 40.59316 -28.17565 58.567986
 endloop
endfacet
facet normal -0 -1 -0
 outer loop
  vertex 40.59316 -28.17565 111.432014
  vertex 40.59961 -28.17565 111.428566
  vertex 40.59961 -28.17565 116.62541
 endloop
endfacet
facet normal 0 -1 -0
 outer loop
  vertex 40.59316 -28.17565 111.432014
  vertex 40.59961 -28.17565 116.62541
  vertex 40.331047 -28.17565 111.51152
 endloop
endfacet
facet normal 0 -1 0
 outer loop
  vertex 40.861134 -28.17565 58.711224
  vertex 40.59961 -28.17565 58.571434
  vertex 40.59961 -28.17565 16.428566
 endloop
endfacet
facet normal 0 -1 0
 outer loop
  vertex 40.861134 -28.17565 58.711224
  vertex 40.59961 -28.17565 16.428566
  vertex 40.861134 -28.17565 16.288776
 endloop
endfacet
facet normal 0 -1 0
 outer loop
  vertex 41.306835 -28.17565 15.827347
  vertex 41.005123 -28.17565 58.82939
  vertex 40.861134 -28.17565 58.711224
 endloop
endfacet
facet normal -0 -1 -0
 outer loop
  vertex 41.288776 -28.17565 15.861134
  vertex 41.306835 -28.17565 15.827347
  vertex 40.861134 -28.17565 58.711224
 endloop
endfacet
facet normal 0 -1 0
 outer loop
  vertex 40.861134 -28.17565 58.711224
  vertex 40.861134 -28.17565 16.288776
  vertex 41.096016 -28.17565 16.096016
 endloop
endfacet
facet normal -0 -1 -0
 outer loop
  vertex 41.096016 -28.17565 16.096016
  vertex 41.288776 -28.17565 15.861134
  vertex 40.861134 -28.17565 58.711224
 endloop
endfacet
facet normal 0 -1 0
 outer loop
  vertex 40.59961 -28.17565 13.571434
  vertex 40.59961 -28.17565 8.143307
  vertex 41.362488 -28.17565 7.8954353
 endloop
endfacet
facet normal 0 -1 0
 outer loop
  vertex 41.362488 -28.17565 7.8954353
  vertex 41.318295 -28.17565 14.194092
  vertex 41.288776 -28.17565 14.138866
 endloop
endfacet
facet normal 0 -1 0
 outer loop
  vertex 41.362488 -28.17565 7.8954353
  vertex 41.288776 -28.17565 14.138866
  vertex 41.096016 -28.17565 13.903984
 endloop
endfacet
facet normal 0 -1 0
 outer loop
  vertex 40.861134 -28.17565 13.711224
  vertex 40.59961 -28.17565 13.571434
  vertex 41.362488 -28.17565 7.8954353
 endloop
endfacet
facet normal 0 -1 0
 outer loop
  vertex 41.362488 -28.17565 7.8954353
  vertex 41.096016 -28.17565 13.903984
  vertex 40.861134 -28.17565 13.711224
 endloop
endfacet
facet normal -0 -1 -0
 outer loop
  vertex 40.861134 -28.17565 61.288776
  vertex 40.9886 -28.17565 61.18417
  vertex 40.655907 -28.17565 108.601524
 endloop
endfacet
facet normal 0 -1 0
 outer loop
  vertex 40.655907 -28.17565 108.601524
  vertex 40.59961 -28.17565 108.571434
  vertex 40.59961 -28.17565 61.428566
 endloop
endfacet
facet normal 0 -1 0
 outer loop
  vertex 40.861134 -28.17565 61.288776
  vertex 40.655907 -28.17565 108.601524
  vertex 40.59961 -28.17565 61.428566
 endloop
endfacet
facet normal -0 -1 -0
 outer loop
  vertex 40.59961 -28.17565 111.428566
  vertex 40.636208 -28.17565 111.409004
  vertex 40.59961 -28.17565 116.62541
 endloop
endfacet
facet normal -0 -1 -0
 outer loop
  vertex 41.288776 -28.17565 60.861134
  vertex 41.362488 -28.17565 60.723232
  vertex 41.362488 -28.17565 109.276764
 endloop
endfacet
facet normal 0 -1 -0
 outer loop
  vertex 41.288776 -28.17565 60.861134
  vertex 41.362488 -28.17565 109.276764
  vertex 41.288776 -28.17565 109.13887
 endloop
endfacet
facet normal 0 -1 0
 outer loop
  vertex 40.655907 -28.17565 108.601524
  vertex 40.9886 -28.17565 61.18417
  vertex 41.096016 -28.17565 61.096016
 endloop
endfacet
facet normal -0 -1 -0
 outer loop
  vertex 41.096016 -28.17565 61.096016
  vertex 41.288776 -28.17565 60.861134
  vertex 41.288776 -28.17565 109.13887
 endloop
endfacet
facet normal 0 -1 -0
 outer loop
  vertex 41.096016 -28.17565 61.096016
  vertex 41.288776 -28.17565 109.13887
  vertex 41.096016 -28.17565 108.903984
 endloop
endfacet
facet normal 0 -1 0
 outer loop
  vertex 40.861134 -28.17565 108.71123
  vertex 40.655907 -28.17565 108.601524
  vertex 41.096016 -28.17565 61.096016
 endloop
endfacet
facet normal 0 -1 0
 outer loop
  vertex 41.096016 -28.17565 108.903984
  vertex 40.861134 -28.17565 108.71123
  vertex 41.096016 -28.17565 61.096016
 endloop
endfacet
facet normal 0 -1 0
 outer loop
  vertex 41.096016 -28.17565 58.903984
  vertex 41.005123 -28.17565 58.82939
  vertex 41.306835 -28.17565 15.827347
 endloop
endfacet
facet normal -0 -1 -0
 outer loop
  vertex 41.306835 -28.17565 15.827347
  vertex 41.362488 -28.17565 15.723232
  vertex 41.362488 -28.17565 59.276768
 endloop
endfacet
facet normal 0 -1 0
 outer loop
  vertex 41.288776 -28.17565 59.138866
  vertex 41.096016 -28.17565 58.903984
  vertex 41.306835 -28.17565 15.827347
 endloop
endfacet
facet normal 0 -1 -0
 outer loop
  vertex 41.306835 -28.17565 15.827347
  vertex 41.362488 -28.17565 59.276768
  vertex 41.288776 -28.17565 59.138866
 endloop
endfacet
facet normal 0 -1 0
 outer loop
  vertex 41.362488 -28.17565 14.276768
  vertex 41.318295 -28.17565 14.194092
  vertex 41.362488 -28.17565 7.8954353
 endloop
endfacet
facet normal -0 -1 -0
 outer loop
  vertex 41.288776 -28.17565 110.86113
  vertex 41.362488 -28.17565 110.723236
  vertex 41.362488 -28.17565 116.873276
 endloop
endfacet
facet normal 0 -1 0
 outer loop
  vertex 41.362488 -28.17565 116.873276
  vertex 40.59961 -28.17565 116.62541
  vertex 40.636208 -28.17565 111.409004
 endloop
endfacet
facet normal 0 -1 0
 outer loop
  vertex 41.362488 -28.17565 116.873276
  vertex 40.636208 -28.17565 111.409004
  vertex 40.861134 -28.17565 111.28877
 endloop
endfacet
facet normal -0 -1 0
 outer loop
  vertex 41.096016 -28.17565 111.096016
  vertex 41.288776 -28.17565 110.86113
  vertex 41.362488 -28.17565 116.873276
 endloop
endfacet
facet normal 0 -1 0
 outer loop
  vertex 41.362488 -28.17565 116.873276
  vertex 40.861134 -28.17565 111.28877
  vertex 41.096016 -28.17565 111.096016
 endloop
endfacet
facet normal 0 -1 0
 outer loop
  vertex 41.362488 -28.17565 14.276768
  vertex 41.362488 -28.17565 7.8954353
  vertex 42.039764 -28.17565 7.4656296
 endloop
endfacet
facet normal 0 -1 0
 outer loop
  vertex 42.039764 -28.17565 7.4656296
  vertex 41.408974 -28.17565 109.36374
  vertex 41.362488 -28.17565 109.276764
 endloop
endfacet
facet normal 0 -1 0
 outer loop
  vertex 41.362488 -28.17565 109.276764
  vertex 41.362488 -28.17565 60.723232
  vertex 41.432014 -28.17565 60.59316
 endloop
endfacet
facet normal 0 -1 0
 outer loop
  vertex 41.362488 -28.17565 109.276764
  vertex 41.432014 -28.17565 60.59316
  vertex 41.520218 -28.17565 60.30239
 endloop
endfacet
facet normal 0 -1 0
 outer loop
  vertex 41.432014 -28.17565 14.406841
  vertex 41.362488 -28.17565 14.276768
  vertex 42.039764 -28.17565 7.4656296
 endloop
endfacet
facet normal 0 -1 0
 outer loop
  vertex 41.520218 -28.17565 14.697609
  vertex 41.432014 -28.17565 14.406841
  vertex 42.039764 -28.17565 7.4656296
 endloop
endfacet
facet normal 0 -1 0
 outer loop
  vertex 41.362488 -28.17565 109.276764
  vertex 41.520218 -28.17565 60.30239
  vertex 41.55 -28.17565 60
 endloop
endfacet
facet normal 0 -1 0
 outer loop
  vertex 42.039764 -28.17565 7.4656296
  vertex 41.362488 -28.17565 109.276764
  vertex 41.55 -28.17565 60
 endloop
endfacet
facet normal 0 -1 0
 outer loop
  vertex 41.55 -28.17565 15
  vertex 41.520218 -28.17565 14.697609
  vertex 42.039764 -28.17565 7.4656296
 endloop
endfacet
facet normal -0 -1 -0
 outer loop
  vertex 41.55 -28.17565 15
  vertex 42.039764 -28.17565 7.4656296
  vertex 41.55 -28.17565 60
 endloop
endfacet
facet normal 0 -1 0
 outer loop
  vertex 41.55 -28.17565 15
  vertex 41.55 -28.17565 60
  vertex 41.520218 -28.17565 59.69761
 endloop
endfacet
facet normal -0 -1 -0
 outer loop
  vertex 41.520218 -28.17565 15.302391
  vertex 41.55 -28.17565 15
  vertex 41.520218 -28.17565 59.69761
 endloop
endfacet
facet normal 0 -1 0
 outer loop
  vertex 41.432014 -28.17565 59.40684
  vertex 41.362488 -28.17565 59.276768
  vertex 41.362488 -28.17565 15.723232
 endloop
endfacet
facet normal 0 -1 0
 outer loop
  vertex 41.520218 -28.17565 15.302391
  vertex 41.520218 -28.17565 59.69761
  vertex 41.432014 -28.17565 59.40684
 endloop
endfacet
facet normal 0 -1 0
 outer loop
  vertex 41.432014 -28.17565 59.40684
  vertex 41.362488 -28.17565 15.723232
  vertex 41.432014 -28.17565 15.593159
 endloop
endfacet
facet normal 0 -1 0
 outer loop
  vertex 41.432014 -28.17565 59.40684
  vertex 41.432014 -28.17565 15.593159
  vertex 41.520218 -28.17565 15.302391
 endloop
endfacet
facet normal -0 -1 -0
 outer loop
  vertex 41.362488 -28.17565 110.723236
  vertex 41.401005 -28.17565 110.65117
  vertex 41.362488 -28.17565 116.873276
 endloop
endfacet
facet normal 0 -1 0
 outer loop
  vertex 41.432014 -28.17565 109.406845
  vertex 41.408974 -28.17565 109.36374
  vertex 42.039764 -28.17565 7.4656296
 endloop
endfacet
facet normal 0 -1 0
 outer loop
  vertex 42.039764 -28.17565 117.303085
  vertex 41.362488 -28.17565 116.873276
  vertex 41.401005 -28.17565 110.65117
 endloop
endfacet
facet normal 0 -1 0
 outer loop
  vertex 42.039764 -28.17565 117.303085
  vertex 41.401005 -28.17565 110.65117
  vertex 41.432014 -28.17565 110.593155
 endloop
endfacet
facet normal 0 -1 0
 outer loop
  vertex 41.520218 -28.17565 109.69761
  vertex 41.432014 -28.17565 109.406845
  vertex 42.039764 -28.17565 7.4656296
 endloop
endfacet
facet normal 0 -1 0
 outer loop
  vertex 41.55 -28.17565 110
  vertex 41.520218 -28.17565 109.69761
  vertex 42.039764 -28.17565 7.4656296
 endloop
endfacet
facet normal 0 -1 0
 outer loop
  vertex 42.039764 -28.17565 117.303085
  vertex 41.432014 -28.17565 110.593155
  vertex 41.520218 -28.17565 110.30239
 endloop
endfacet
facet normal -0 -1 -0
 outer loop
  vertex 41.55 -28.17565 110
  vertex 42.039764 -28.17565 7.4656296
  vertex 42.039764 -28.17565 117.303085
 endloop
endfacet
facet normal 0 -1 0
 outer loop
  vertex 42.039764 -28.17565 117.303085
  vertex 41.520218 -28.17565 110.30239
  vertex 41.55 -28.17565 110
 endloop
endfacet
facet normal -0 -1 -0
 outer loop
  vertex 42.039764 -28.17565 7.4656296
  vertex 42.588852 -28.17565 6.8809013
  vertex 42.039764 -28.17565 117.303085
 endloop
endfacet
facet normal 0 -1 0
 outer loop
  vertex 42.588852 -28.17565 117.88782
  vertex 42.039764 -28.17565 117.303085
  vertex 42.588852 -28.17565 6.8809013
 endloop
endfacet
facet normal -0 -1 -0
 outer loop
  vertex 42.588852 -28.17565 6.8809013
  vertex 42.97528 -28.17565 6.177986
  vertex 42.588852 -28.17565 117.88782
 endloop
endfacet
facet normal 0 -1 0
 outer loop
  vertex 42.97528 -28.17565 118.59073
  vertex 42.588852 -28.17565 117.88782
  vertex 42.97528 -28.17565 6.177986
 endloop
endfacet
facet normal -0 -1 -0
 outer loop
  vertex 42.97528 -28.17565 6.177986
  vertex 45 -28.17565 -1.1444092e-05
  vertex 42.97528 -28.17565 118.59073
 endloop
endfacet
facet normal 0 -1 0
 outer loop
  vertex 43.174774 -28.17565 119.36766
  vertex 42.97528 -28.17565 118.59073
  vertex 45 -28.17565 -1.1444092e-05
 endloop
endfacet
facet normal 0 -1 0
 outer loop
  vertex 45 -28.17565 -1.1444092e-05
  vertex 45 -28.17565 130
  vertex 43.174774 -28.17565 119.36766
 endloop
endfacet
facet normal 0 -1 0
 outer loop
  vertex 45 -28.17565 130
  vertex 43.174774 -28.17565 120.1698
  vertex 43.174774 -28.17565 119.36766
 endloop
endfacet
facet normal 0 -1 -0
 outer loop
  vertex 43.174774 -28.17565 120.1698
  vertex 45 -28.17565 130
  vertex 42.97528 -28.17565 120.94673
 endloop
endfacet
facet normal -0 -1 0
 outer loop
  vertex 42.588852 -28.17565 121.64964
  vertex 42.97528 -28.17565 120.94673
  vertex 45 -28.17565 130
 endloop
endfacet
facet normal 0 -1 -0
 outer loop
  vertex 42.588852 -28.17565 121.64964
  vertex 45 -28.17565 130
  vertex 42.039764 -28.17565 122.234375
 endloop
endfacet
facet normal 0 -1 -0
 outer loop
  vertex 42.039764 -28.17565 122.234375
  vertex 45 -28.17565 130
  vertex 41.362488 -28.17565 122.66417
 endloop
endfacet
facet normal 0 -1 -0
 outer loop
  vertex 41.362488 -28.17565 122.66417
  vertex 45 -28.17565 130
  vertex 40.59961 -28.17565 122.91205
 endloop
endfacet
facet normal -0 -1 0
 outer loop
  vertex 39.799072 -28.17565 122.96242
  vertex 40.59961 -28.17565 122.91205
  vertex 45 -28.17565 130
 endloop
endfacet
facet normal 0 -1 -0
 outer loop
  vertex 39.799072 -28.17565 122.96242
  vertex 45 -28.17565 130
  vertex 35 -28.17565 130
 endloop
endfacet
facet normal -0 -1 0
 outer loop
  vertex 35 -28.17565 130
  vertex 39.01114 -28.17565 122.8121
  vertex 39.799072 -28.17565 122.96242
 endloop
endfacet
facet normal 0 -1 -0
 outer loop
  vertex 38.285355 -28.17565 122.47058
  vertex 39.01114 -28.17565 122.8121
  vertex 35 -28.17565 130
 endloop
endfacet
facet normal 0 -1 -0
 outer loop
  vertex 37.667297 -28.17565 121.959274
  vertex 38.285355 -28.17565 122.47058
  vertex 35 -28.17565 130
 endloop
endfacet
facet normal 0 -1 -0
 outer loop
  vertex 37.195816 -28.17565 121.31033
  vertex 37.667297 -28.17565 121.959274
  vertex 35 -28.17565 130
 endloop
endfacet
facet normal 0 -1 -0
 outer loop
  vertex 36.900543 -28.17565 120.56453
  vertex 37.195816 -28.17565 121.31033
  vertex 35 -28.17565 130
 endloop
endfacet
facet normal -0 -1 0
 outer loop
  vertex 35 -28.17565 130
  vertex 36.800003 -28.17565 119.76872
  vertex 36.900543 -28.17565 120.56453
 endloop
endfacet
facet normal 0 -1 0
 outer loop
  vertex 36.800003 -28.17565 119.76872
  vertex 35 -28.17565 130
  vertex 36.900543 -28.17565 118.972916
 endloop
endfacet
facet normal -0 -1 0
 outer loop
  vertex 35 -28.17565 130
  vertex 35 -28.17565 9.999989
  vertex 36.900543 -28.17565 118.972916
 endloop
endfacet
facet normal 0 -1 0
 outer loop
  vertex 37.195816 -28.17565 118.22711
  vertex 36.900543 -28.17565 118.972916
  vertex 35 -28.17565 9.999989
 endloop
endfacet
facet normal 0 -1 0
 outer loop
  vertex 37.667297 -28.17565 117.57817
  vertex 37.195816 -28.17565 118.22711
  vertex 35 -28.17565 9.999989
 endloop
endfacet
facet normal 0 -1 0
 outer loop
  vertex 38.285355 -28.17565 117.06688
  vertex 37.667297 -28.17565 117.57817
  vertex 35 -28.17565 9.999989
 endloop
endfacet
facet normal 0 -1 -0
 outer loop
  vertex 35 -28.17565 9.999989
  vertex 38.725365 -28.17565 109.121635
  vertex 38.711224 -28.17565 109.13887
 endloop
endfacet
facet normal 0 -1 -0
 outer loop
  vertex 35 -28.17565 9.999989
  vertex 38.711224 -28.17565 109.13887
  vertex 38.567986 -28.17565 109.406845
 endloop
endfacet
facet normal 0 -1 -0
 outer loop
  vertex 38.794556 -28.17565 110.96268
  vertex 39.01114 -28.17565 116.72534
  vertex 38.285355 -28.17565 117.06688
 endloop
endfacet
facet normal 0 -1 -0
 outer loop
  vertex 38.711224 -28.17565 110.86113
  vertex 38.794556 -28.17565 110.96268
  vertex 38.285355 -28.17565 117.06688
 endloop
endfacet
facet normal 0 -1 -0
 outer loop
  vertex 35 -28.17565 9.999989
  vertex 38.567986 -28.17565 109.406845
  vertex 38.479782 -28.17565 109.69761
 endloop
endfacet
facet normal 0 -1 -0
 outer loop
  vertex 35 -28.17565 9.999989
  vertex 38.479782 -28.17565 109.69761
  vertex 38.45 -28.17565 110
 endloop
endfacet
facet normal 0 -1 -0
 outer loop
  vertex 38.567986 -28.17565 110.593155
  vertex 38.711224 -28.17565 110.86113
  vertex 38.285355 -28.17565 117.06688
 endloop
endfacet
facet normal 0 -1 -0
 outer loop
  vertex 38.479782 -28.17565 110.30239
  vertex 38.567986 -28.17565 110.593155
  vertex 38.285355 -28.17565 117.06688
 endloop
endfacet
facet normal -0 -1 0
 outer loop
  vertex 38.285355 -28.17565 117.06688
  vertex 35 -28.17565 9.999989
  vertex 38.45 -28.17565 110
 endloop
endfacet
facet normal -0 -1 0
 outer loop
  vertex 38.285355 -28.17565 117.06688
  vertex 38.45 -28.17565 110
  vertex 38.479782 -28.17565 110.30239
 endloop
endfacet
facet normal 0 -1 0
 outer loop
  vertex 38.903984 -28.17565 108.903984
  vertex 38.725365 -28.17565 109.121635
  vertex 35 -28.17565 9.999989
 endloop
endfacet
facet normal 0 -1 -0
 outer loop
  vertex 35 -28.17565 9.999989
  vertex 39.438087 -28.17565 108.5585
  vertex 39.40684 -28.17565 108.567986
 endloop
endfacet
facet normal 0 -1 0
 outer loop
  vertex 39.138866 -28.17565 108.71123
  vertex 38.903984 -28.17565 108.903984
  vertex 35 -28.17565 9.999989
 endloop
endfacet
facet normal 0 -1 -0
 outer loop
  vertex 35 -28.17565 9.999989
  vertex 39.40684 -28.17565 108.567986
  vertex 39.138866 -28.17565 108.71123
 endloop
endfacet
facet normal 0 -1 0
 outer loop
  vertex 39.799072 -28.17565 116.57504
  vertex 39.01114 -28.17565 116.72534
  vertex 38.794556 -28.17565 110.96268
 endloop
endfacet
facet normal -0 -1 0
 outer loop
  vertex 39.799072 -28.17565 116.57504
  vertex 38.794556 -28.17565 110.96268
  vertex 38.903984 -28.17565 111.096016
 endloop
endfacet
facet normal 0 -1 0
 outer loop
  vertex 39.40684 -28.17565 111.432014
  vertex 39.569706 -28.17565 111.481415
  vertex 39.799072 -28.17565 116.57504
 endloop
endfacet
facet normal -0 -1 0
 outer loop
  vertex 39.799072 -28.17565 116.57504
  vertex 38.903984 -28.17565 111.096016
  vertex 39.138866 -28.17565 111.28877
 endloop
endfacet
facet normal 0 -1 0
 outer loop
  vertex 39.138866 -28.17565 111.28877
  vertex 39.40684 -28.17565 111.432014
  vertex 39.799072 -28.17565 116.57504
 endloop
endfacet
facet normal -0 -1 0
 outer loop
  vertex 40.30239 -28.17565 111.52022
  vertex 40.331047 -28.17565 111.51152
  vertex 40.59961 -28.17565 116.62541
 endloop
endfacet
facet normal 0 -1 0
 outer loop
  vertex 40.59961 -28.17565 116.62541
  vertex 39.799072 -28.17565 116.57504
  vertex 39.569706 -28.17565 111.481415
 endloop
endfacet
facet normal -0 -1 0
 outer loop
  vertex 40.59961 -28.17565 116.62541
  vertex 39.569706 -28.17565 111.481415
  vertex 39.69761 -28.17565 111.52022
 endloop
endfacet
facet normal -0 -1 0
 outer loop
  vertex 40 -28.17565 111.55
  vertex 40.30239 -28.17565 111.52022
  vertex 40.59961 -28.17565 116.62541
 endloop
endfacet
facet normal -0 -1 0
 outer loop
  vertex 40.59961 -28.17565 116.62541
  vertex 39.69761 -28.17565 111.52022
  vertex 40 -28.17565 111.55
 endloop
endfacet
facet normal 0 -1 0
 outer loop
  vertex 39.69761 -28.17565 108.47978
  vertex 39.438087 -28.17565 108.5585
  vertex 35 -28.17565 9.999989
 endloop
endfacet
facet normal 0 -1 -0
 outer loop
  vertex 35 -28.17565 9.999989
  vertex 40.17115 -28.17565 108.46686
  vertex 40 -28.17565 108.45
 endloop
endfacet
facet normal -0 -1 0
 outer loop
  vertex 39.69761 -28.17565 108.47978
  vertex 35 -28.17565 9.999989
  vertex 40 -28.17565 108.45
 endloop
endfacet
facet normal -0 -1 -0
 outer loop
  vertex 43.174774 -28.17565 5.4010544
  vertex 45 -28.17565 -1.1444092e-05
  vertex 42.97528 -28.17565 6.177986
 endloop
endfacet
facet normal 0 -1 0
 outer loop
  vertex 43.174774 -28.17565 5.4010544
  vertex 43.174774 -28.17565 4.5989227
  vertex 45 -28.17565 -1.1444092e-05
 endloop
endfacet
facet normal 0 -1 0
 outer loop
  vertex 45 -28.17565 -1.1444092e-05
  vertex 43.174774 -28.17565 4.5989227
  vertex 42.97528 -28.17565 3.821991
 endloop
endfacet
facet normal 0 -1 0
 outer loop
  vertex 45 -28.17565 -1.1444092e-05
  vertex 42.97528 -28.17565 3.821991
  vertex 42.588852 -28.17565 3.1190758
 endloop
endfacet
facet normal 0 -1 0
 outer loop
  vertex 42.588852 -28.17565 3.1190758
  vertex 42.039764 -28.17565 2.5343475
  vertex 45 -28.17565 -1.1444092e-05
 endloop
endfacet
facet normal 0 -1 0
 outer loop
  vertex 45 -28.17565 -1.1444092e-05
  vertex 42.039764 -28.17565 2.5343475
  vertex 41.362488 -28.17565 2.1045418
 endloop
endfacet
facet normal 0 -1 0
 outer loop
  vertex 45 -28.17565 -1.1444092e-05
  vertex 41.362488 -28.17565 2.1045418
  vertex 40.59961 -28.17565 1.8566704
 endloop
endfacet
facet normal 0 -1 0
 outer loop
  vertex 40.59961 -28.17565 1.8566704
  vertex 39.799072 -28.17565 1.8063011
  vertex 45 -28.17565 -1.1444092e-05
 endloop
endfacet
facet normal 0 -1 0
 outer loop
  vertex 45 -28.17565 -1.1444092e-05
  vertex 39.799072 -28.17565 1.8063011
  vertex 39.01114 -28.17565 1.9566078
 endloop
endfacet
facet normal 0 -1 0
 outer loop
  vertex 39.01114 -28.17565 1.9566078
  vertex 38.285355 -28.17565 2.2981377
  vertex 1.3624871 -28.17565 2.1045418
 endloop
endfacet
facet normal -0 -1 0
 outer loop
  vertex 1.3624871 -28.17565 2.1045418
  vertex 0.5996239 -28.17565 1.8566704
  vertex 39.01114 -28.17565 1.9566078
 endloop
endfacet
facet normal 0 -1 0
 outer loop
  vertex 45 -28.17565 -1.1444092e-05
  vertex 39.01114 -28.17565 1.9566078
  vertex 0.5996239 -28.17565 1.8566704
 endloop
endfacet
facet normal 0 -1 0
 outer loop
  vertex 0.5996239 -28.17565 1.8566704
  vertex -0.20092845 -28.17565 1.8063011
  vertex 45 -28.17565 -1.1444092e-05
 endloop
endfacet
facet normal 0 -1 0
 outer loop
  vertex -0.20092845 -28.17565 1.8063011
  vertex -45 -28.17565 -1.1444092e-05
  vertex 45 -28.17565 -1.1444092e-05
 endloop
endfacet
facet normal 0 -1 0
 outer loop
  vertex -0.20092845 -28.17565 1.8063011
  vertex -0.9888618 -28.17565 1.9566078
  vertex -45 -28.17565 -1.1444092e-05
 endloop
endfacet
facet normal -0 -1 0
 outer loop
  vertex -39.400375 -28.17565 1.8566704
  vertex -45 -28.17565 -1.1444092e-05
  vertex -0.9888618 -28.17565 1.9566078
 endloop
endfacet
facet normal -0 -1 0
 outer loop
  vertex -38.637512 -28.17565 2.1045418
  vertex -39.400375 -28.17565 1.8566704
  vertex -0.9888618 -28.17565 1.9566078
 endloop
endfacet
facet normal 0 -1 0
 outer loop
  vertex -0.9888618 -28.17565 1.9566078
  vertex -1.7146461 -28.17565 2.2981377
  vertex -38.637512 -28.17565 2.1045418
 endloop
endfacet
facet normal -0 -1 0
 outer loop
  vertex -37.960236 -28.17565 2.5343475
  vertex -38.637512 -28.17565 2.1045418
  vertex -1.7146461 -28.17565 2.2981377
 endloop
endfacet
facet normal 0 -1 0
 outer loop
  vertex -25.593159 -28.17565 2.5803185
  vertex -25.68448 -28.17565 2.6291313
  vertex -37.960236 -28.17565 2.5343475
 endloop
endfacet
facet normal 0 -1 0
 outer loop
  vertex -1.7146461 -28.17565 2.2981377
  vertex -2.3327034 -28.17565 2.8094368
  vertex -24.295454 -28.17565 2.6398582
 endloop
endfacet
facet normal 0 -1 0
 outer loop
  vertex -1.7146461 -28.17565 2.2981377
  vertex -24.295454 -28.17565 2.6398582
  vertex -24.406841 -28.17565 2.5803185
 endloop
endfacet
facet normal 0 -1 0
 outer loop
  vertex -25.30239 -28.17565 2.492115
  vertex -25.593159 -28.17565 2.5803185
  vertex -37.960236 -28.17565 2.5343475
 endloop
endfacet
facet normal 0 -1 0
 outer loop
  vertex -25 -28.17565 2.4623337
  vertex -25.30239 -28.17565 2.492115
  vertex -37.960236 -28.17565 2.5343475
 endloop
endfacet
facet normal 0 -1 0
 outer loop
  vertex -1.7146461 -28.17565 2.2981377
  vertex -24.406841 -28.17565 2.5803185
  vertex -24.69761 -28.17565 2.492115
 endloop
endfacet
facet normal 0 -1 0
 outer loop
  vertex -25 -28.17565 2.4623337
  vertex -37.960236 -28.17565 2.5343475
  vertex -1.7146461 -28.17565 2.2981377
 endloop
endfacet
facet normal 0 -1 0
 outer loop
  vertex -1.7146461 -28.17565 2.2981377
  vertex -24.69761 -28.17565 2.492115
  vertex -25 -28.17565 2.4623337
 endloop
endfacet
facet normal -0 -1 0
 outer loop
  vertex -24.138866 -28.17565 2.7235565
  vertex -24.295454 -28.17565 2.6398582
  vertex -2.3327034 -28.17565 2.8094368
 endloop
endfacet
facet normal 0 -1 0
 outer loop
  vertex -2.3327034 -28.17565 2.8094368
  vertex -23.835926 -28.17565 2.9992485
  vertex -23.903984 -28.17565 2.916317
 endloop
endfacet
facet normal 0 -1 -0
 outer loop
  vertex -24.138866 -28.17565 2.7235565
  vertex -2.3327034 -28.17565 2.8094368
  vertex -23.903984 -28.17565 2.916317
 endloop
endfacet
facet normal 0 -1 0
 outer loop
  vertex -26.096016 -28.17565 2.916317
  vertex -26.181063 -28.17565 3.019947
  vertex -37.411148 -28.17565 3.1190758
 endloop
endfacet
facet normal -0 -1 0
 outer loop
  vertex -37.411148 -28.17565 3.1190758
  vertex -37.960236 -28.17565 2.5343475
  vertex -25.68448 -28.17565 2.6291313
 endloop
endfacet
facet normal 0 -1 0
 outer loop
  vertex -25.861134 -28.17565 2.7235565
  vertex -26.096016 -28.17565 2.916317
  vertex -37.411148 -28.17565 3.1190758
 endloop
endfacet
facet normal -0 -1 -0
 outer loop
  vertex -37.411148 -28.17565 3.1190758
  vertex -25.68448 -28.17565 2.6291313
  vertex -25.861134 -28.17565 2.7235565
 endloop
endfacet
facet normal 0 -1 0
 outer loop
  vertex -23.711222 -28.17565 3.1511993
  vertex -23.835926 -28.17565 2.9992485
  vertex -2.3327034 -28.17565 2.8094368
 endloop
endfacet
facet normal 0 -1 0
 outer loop
  vertex -2.3327034 -28.17565 2.8094368
  vertex -2.8041847 -28.17565 3.4583778
  vertex -23.65631 -28.17565 3.253933
 endloop
endfacet
facet normal -0 -1 -0
 outer loop
  vertex -23.711222 -28.17565 3.1511993
  vertex -2.3327034 -28.17565 2.8094368
  vertex -23.65631 -28.17565 3.253933
 endloop
endfacet
facet normal 0 -1 0
 outer loop
  vertex -26.288778 -28.17565 3.1511993
  vertex -26.329681 -28.17565 3.2277222
  vertex -37.411148 -28.17565 3.1190758
 endloop
endfacet
facet normal 0 -1 0
 outer loop
  vertex -26.288778 -28.17565 3.1511993
  vertex -37.411148 -28.17565 3.1190758
  vertex -26.181063 -28.17565 3.019947
 endloop
endfacet
facet normal -0 -1 0
 outer loop
  vertex -23.567987 -28.17565 3.4191742
  vertex -23.65631 -28.17565 3.253933
  vertex -2.8041847 -28.17565 3.4583778
 endloop
endfacet
facet normal 0 -1 -0
 outer loop
  vertex -23.567987 -28.17565 3.4191742
  vertex -2.8041847 -28.17565 3.4583778
  vertex -23.48942 -28.17565 3.6781693
 endloop
endfacet
facet normal 0 -1 0
 outer loop
  vertex -26.520218 -28.17565 3.7099419
  vertex -26.52026 -28.17565 3.7103767
  vertex -37.02472 -28.17565 3.821991
 endloop
endfacet
facet normal -0 -1 0
 outer loop
  vertex -37.02472 -28.17565 3.821991
  vertex -37.411148 -28.17565 3.1190758
  vertex -26.329681 -28.17565 3.2277222
 endloop
endfacet
facet normal 0 -1 0
 outer loop
  vertex -26.432013 -28.17565 3.4191742
  vertex -26.520218 -28.17565 3.7099419
  vertex -37.02472 -28.17565 3.821991
 endloop
endfacet
facet normal -0 -1 -0
 outer loop
  vertex -37.02472 -28.17565 3.821991
  vertex -26.329681 -28.17565 3.2277222
  vertex -26.432013 -28.17565 3.4191742
 endloop
endfacet
facet normal -0 -1 -0
 outer loop
  vertex -23.48942 -28.17565 3.6781693
  vertex -2.8041847 -28.17565 3.4583778
  vertex -3.0994575 -28.17565 4.2041817
 endloop
endfacet
facet normal 0 -1 0
 outer loop
  vertex -3.0994575 -28.17565 4.2041817
  vertex -23.45369 -28.17565 3.9748764
  vertex -23.479782 -28.17565 3.7099419
 endloop
endfacet
facet normal 0 -1 0
 outer loop
  vertex -3.0994575 -28.17565 4.2041817
  vertex -23.479782 -28.17565 3.7099419
  vertex -23.48942 -28.17565 3.6781693
 endloop
endfacet
facet normal 0 -1 0
 outer loop
  vertex -26.52026 -28.17565 3.7103767
  vertex -26.542883 -28.17565 3.940075
  vertex -37.02472 -28.17565 3.821991
 endloop
endfacet
facet normal 0 -1 0
 outer loop
  vertex -3.0994575 -28.17565 4.2041817
  vertex -23.51875 -28.17565 4.4431763
  vertex -23.479782 -28.17565 4.314724
 endloop
endfacet
facet normal -0 -1 0
 outer loop
  vertex -23.45 -28.17565 4.012333
  vertex -23.45369 -28.17565 3.9748764
  vertex -3.0994575 -28.17565 4.2041817
 endloop
endfacet
facet normal 0 -1 0
 outer loop
  vertex -3.0994575 -28.17565 4.2041817
  vertex -23.479782 -28.17565 4.314724
  vertex -23.45 -28.17565 4.012333
 endloop
endfacet
facet normal 0 -1 -0
 outer loop
  vertex -26.520218 -28.17565 4.314724
  vertex -26.47077 -28.17565 4.47773
  vertex -36.825226 -28.17565 4.5989227
 endloop
endfacet
facet normal -0 -1 0
 outer loop
  vertex -36.825226 -28.17565 4.5989227
  vertex -37.02472 -28.17565 3.821991
  vertex -26.542883 -28.17565 3.940075
 endloop
endfacet
facet normal 0 -1 -0
 outer loop
  vertex -26.55 -28.17565 4.012333
  vertex -26.520218 -28.17565 4.314724
  vertex -36.825226 -28.17565 4.5989227
 endloop
endfacet
facet normal -0 -1 -0
 outer loop
  vertex -36.825226 -28.17565 4.5989227
  vertex -26.542883 -28.17565 3.940075
  vertex -26.55 -28.17565 4.012333
 endloop
endfacet
facet normal 0 -1 0
 outer loop
  vertex -23.567987 -28.17565 4.6054916
  vertex -23.51875 -28.17565 4.4431763
  vertex -3.0994575 -28.17565 4.2041817
 endloop
endfacet
facet normal 0 -1 0
 outer loop
  vertex -35 -28.17565 9.999989
  vertex -36.825226 -28.17565 4.5989227
  vertex -26.47077 -28.17565 4.47773
 endloop
endfacet
facet normal -0 -1 0
 outer loop
  vertex -35 -28.17565 9.999989
  vertex -26.47077 -28.17565 4.47773
  vertex -26.432013 -28.17565 4.6054916
 endloop
endfacet
facet normal 0 -1 0
 outer loop
  vertex -23.711222 -28.17565 4.8734665
  vertex -23.567987 -28.17565 4.6054916
  vertex -3.0994575 -28.17565 4.2041817
 endloop
endfacet
facet normal 0 -1 0
 outer loop
  vertex -23.903984 -28.17565 5.108349
  vertex -23.711222 -28.17565 4.8734665
  vertex -3.0994575 -28.17565 4.2041817
 endloop
endfacet
facet normal -0 -1 0
 outer loop
  vertex -35 -28.17565 9.999989
  vertex -26.432013 -28.17565 4.6054916
  vertex -26.288778 -28.17565 4.8734665
 endloop
endfacet
facet normal -0 -1 0
 outer loop
  vertex -35 -28.17565 9.999989
  vertex -26.288778 -28.17565 4.8734665
  vertex -26.096016 -28.17565 5.108349
 endloop
endfacet
facet normal 0 -1 0
 outer loop
  vertex -24.138866 -28.17565 5.3011093
  vertex -23.903984 -28.17565 5.108349
  vertex -3.0994575 -28.17565 4.2041817
 endloop
endfacet
facet normal 0 -1 0
 outer loop
  vertex -24.406841 -28.17565 5.4443474
  vertex -24.138866 -28.17565 5.3011093
  vertex -3.0994575 -28.17565 4.2041817
 endloop
endfacet
facet normal -0 -1 0
 outer loop
  vertex -35 -28.17565 9.999989
  vertex -26.096016 -28.17565 5.108349
  vertex -25.861134 -28.17565 5.3011093
 endloop
endfacet
facet normal -0 -1 0
 outer loop
  vertex -35 -28.17565 9.999989
  vertex -25.861134 -28.17565 5.3011093
  vertex -25.593159 -28.17565 5.4443474
 endloop
endfacet
facet normal -0 -1 -0
 outer loop
  vertex -24.406841 -28.17565 5.4443474
  vertex -3.0994575 -28.17565 4.2041817
  vertex -35 -28.17565 9.999989
 endloop
endfacet
facet normal -0 -1 -0
 outer loop
  vertex -24.69761 -28.17565 5.532551
  vertex -24.406841 -28.17565 5.4443474
  vertex -35 -28.17565 9.999989
 endloop
endfacet
facet normal -0 -1 0
 outer loop
  vertex -35 -28.17565 9.999989
  vertex -25.593159 -28.17565 5.4443474
  vertex -25.30239 -28.17565 5.532551
 endloop
endfacet
facet normal -0 -1 -0
 outer loop
  vertex -25 -28.17565 5.562332
  vertex -24.69761 -28.17565 5.532551
  vertex -35 -28.17565 9.999989
 endloop
endfacet
facet normal -0 -1 0
 outer loop
  vertex -35 -28.17565 9.999989
  vertex -25.30239 -28.17565 5.532551
  vertex -25 -28.17565 5.562332
 endloop
endfacet
facet normal -0 -1 0
 outer loop
  vertex -36.825226 -28.17565 5.4010544
  vertex -36.825226 -28.17565 4.5989227
  vertex -35 -28.17565 9.999989
 endloop
endfacet
facet normal 0 -1 -0
 outer loop
  vertex -36.825226 -28.17565 5.4010544
  vertex -35 -28.17565 9.999989
  vertex -37.02472 -28.17565 6.177986
 endloop
endfacet
facet normal -0 -1 0
 outer loop
  vertex -37.411148 -28.17565 6.8809013
  vertex -37.02472 -28.17565 6.177986
  vertex -35 -28.17565 9.999989
 endloop
endfacet
facet normal -0 -1 0
 outer loop
  vertex -37.960236 -28.17565 7.4656296
  vertex -37.411148 -28.17565 6.8809013
  vertex -35 -28.17565 9.999989
 endloop
endfacet
facet normal 0 -1 -0
 outer loop
  vertex -37.960236 -28.17565 7.4656296
  vertex -35 -28.17565 9.999989
  vertex -38.637512 -28.17565 7.8954353
 endloop
endfacet
facet normal 0 -1 -0
 outer loop
  vertex -38.637512 -28.17565 7.8954353
  vertex -35 -28.17565 9.999989
  vertex -39.400375 -28.17565 8.143307
 endloop
endfacet
facet normal -0 -1 0
 outer loop
  vertex -40.200928 -28.17565 8.193676
  vertex -39.400375 -28.17565 8.143307
  vertex -35 -28.17565 9.999989
 endloop
endfacet
facet normal 0 -1 0
 outer loop
  vertex -40.98886 -28.17565 8.043369
  vertex -40.200928 -28.17565 8.193676
  vertex -35 -28.17565 9.999989
 endloop
endfacet
facet normal 0 -1 -0
 outer loop
  vertex -40.861134 -28.17565 111.28877
  vertex -40.67701 -28.17565 111.38719
  vertex -40.98886 -28.17565 116.956604
 endloop
endfacet
facet normal 0 -1 0
 outer loop
  vertex -40.861134 -28.17565 111.28877
  vertex -40.98886 -28.17565 116.956604
  vertex -40.98886 -28.17565 111.18396
 endloop
endfacet
facet normal 0 -1 0
 outer loop
  vertex -35 -28.17565 9.999989
  vertex -40.517876 -28.17565 108.54515
  vertex -40.59316 -28.17565 108.567986
 endloop
endfacet
facet normal 0 -1 0
 outer loop
  vertex -40.861134 -28.17565 108.71123
  vertex -40.98886 -28.17565 108.81604
  vertex -40.98886 -28.17565 61.183956
 endloop
endfacet
facet normal 0 -1 0
 outer loop
  vertex -35 -28.17565 9.999989
  vertex -40.59316 -28.17565 108.567986
  vertex -40.861134 -28.17565 108.71123
 endloop
endfacet
facet normal 0 -1 0
 outer loop
  vertex -40.861134 -28.17565 13.711224
  vertex -40.98886 -28.17565 13.816044
  vertex -40.98886 -28.17565 8.043369
 endloop
endfacet
facet normal 0 -1 0
 outer loop
  vertex -40.59316 -28.17565 13.567986
  vertex -40.861134 -28.17565 13.711224
  vertex -40.98886 -28.17565 8.043369
 endloop
endfacet
facet normal -0 -1 0
 outer loop
  vertex -40.861134 -28.17565 108.71123
  vertex -40.98886 -28.17565 61.183956
  vertex -40.861134 -28.17565 61.288776
 endloop
endfacet
facet normal -0 -1 0
 outer loop
  vertex -40.861134 -28.17565 108.71123
  vertex -40.861134 -28.17565 61.288776
  vertex -40.59316 -28.17565 61.432014
 endloop
endfacet
facet normal -0 -1 0
 outer loop
  vertex -40.59316 -28.17565 13.567986
  vertex -40.98886 -28.17565 8.043369
  vertex -35 -28.17565 9.999989
 endloop
endfacet
facet normal 0 -1 0
 outer loop
  vertex -40.30239 -28.17565 13.479782
  vertex -40.59316 -28.17565 13.567986
  vertex -35 -28.17565 9.999989
 endloop
endfacet
facet normal -0 -1 0
 outer loop
  vertex -40.861134 -28.17565 108.71123
  vertex -40.59316 -28.17565 61.432014
  vertex -40.30239 -28.17565 61.520218
 endloop
endfacet
facet normal -0 -1 0
 outer loop
  vertex -40.861134 -28.17565 108.71123
  vertex -40.30239 -28.17565 61.520218
  vertex -40 -28.17565 61.55
 endloop
endfacet
facet normal 0 -1 0
 outer loop
  vertex -40 -28.17565 13.450001
  vertex -40.30239 -28.17565 13.479782
  vertex -35 -28.17565 9.999989
 endloop
endfacet
facet normal 0 -1 0
 outer loop
  vertex -39.69761 -28.17565 13.479782
  vertex -40 -28.17565 13.450001
  vertex -35 -28.17565 9.999989
 endloop
endfacet
facet normal 0 -1 0
 outer loop
  vertex -40.861134 -28.17565 108.71123
  vertex -40 -28.17565 61.55
  vertex -39.69761 -28.17565 61.520218
 endloop
endfacet
facet normal 0 -1 0
 outer loop
  vertex -40.861134 -28.17565 108.71123
  vertex -39.69761 -28.17565 61.520218
  vertex -39.40684 -28.17565 61.432014
 endloop
endfacet
facet normal 0 -1 0
 outer loop
  vertex -39.40684 -28.17565 13.567986
  vertex -39.69761 -28.17565 13.479782
  vertex -35 -28.17565 9.999989
 endloop
endfacet
facet normal 0 -1 0
 outer loop
  vertex -39.138866 -28.17565 13.711224
  vertex -39.40684 -28.17565 13.567986
  vertex -35 -28.17565 9.999989
 endloop
endfacet
facet normal 0 -1 0
 outer loop
  vertex -40.861134 -28.17565 108.71123
  vertex -39.40684 -28.17565 61.432014
  vertex -39.138866 -28.17565 61.288776
 endloop
endfacet
facet normal 0 -1 0
 outer loop
  vertex -40.861134 -28.17565 108.71123
  vertex -39.138866 -28.17565 61.288776
  vertex -38.903984 -28.17565 61.096016
 endloop
endfacet
facet normal 0 -1 0
 outer loop
  vertex -38.903984 -28.17565 13.903984
  vertex -39.138866 -28.17565 13.711224
  vertex -35 -28.17565 9.999989
 endloop
endfacet
facet normal 0 -1 0
 outer loop
  vertex -38.711224 -28.17565 14.138866
  vertex -38.903984 -28.17565 13.903984
  vertex -35 -28.17565 9.999989
 endloop
endfacet
facet normal 0 -1 0
 outer loop
  vertex -40.861134 -28.17565 108.71123
  vertex -38.903984 -28.17565 61.096016
  vertex -38.711224 -28.17565 60.861134
 endloop
endfacet
facet normal 0 -1 0
 outer loop
  vertex -40.861134 -28.17565 108.71123
  vertex -38.711224 -28.17565 60.861134
  vertex -38.567986 -28.17565 60.59316
 endloop
endfacet
facet normal 0 -1 0
 outer loop
  vertex -38.567986 -28.17565 14.406841
  vertex -38.711224 -28.17565 14.138866
  vertex -35 -28.17565 9.999989
 endloop
endfacet
facet normal 0 -1 0
 outer loop
  vertex -38.479782 -28.17565 14.697609
  vertex -38.567986 -28.17565 14.406841
  vertex -35 -28.17565 9.999989
 endloop
endfacet
facet normal 0 -1 0
 outer loop
  vertex -40.861134 -28.17565 108.71123
  vertex -38.567986 -28.17565 60.59316
  vertex -38.479782 -28.17565 60.30239
 endloop
endfacet
facet normal 0 -1 0
 outer loop
  vertex -40.861134 -28.17565 108.71123
  vertex -38.479782 -28.17565 60.30239
  vertex -38.45 -28.17565 60
 endloop
endfacet
facet normal 0 -1 0
 outer loop
  vertex -38.45 -28.17565 15
  vertex -38.479782 -28.17565 14.697609
  vertex -35 -28.17565 9.999989
 endloop
endfacet
facet normal 0 -1 0
 outer loop
  vertex -38.479782 -28.17565 15.302391
  vertex -38.45 -28.17565 15
  vertex -35 -28.17565 9.999989
 endloop
endfacet
facet normal 0 -1 0
 outer loop
  vertex -35 -28.17565 9.999989
  vertex -40.861134 -28.17565 108.71123
  vertex -38.45 -28.17565 60
 endloop
endfacet
facet normal 0 -1 0
 outer loop
  vertex -35 -28.17565 9.999989
  vertex -38.45 -28.17565 60
  vertex -38.479782 -28.17565 59.69761
 endloop
endfacet
facet normal 0 -1 0
 outer loop
  vertex -38.567986 -28.17565 15.593159
  vertex -38.479782 -28.17565 15.302391
  vertex -35 -28.17565 9.999989
 endloop
endfacet
facet normal 0 -1 0
 outer loop
  vertex -38.711224 -28.17565 15.861134
  vertex -38.567986 -28.17565 15.593159
  vertex -35 -28.17565 9.999989
 endloop
endfacet
facet normal 0 -1 0
 outer loop
  vertex -35 -28.17565 9.999989
  vertex -38.479782 -28.17565 59.69761
  vertex -38.567986 -28.17565 59.40684
 endloop
endfacet
facet normal 0 -1 0
 outer loop
  vertex -35 -28.17565 9.999989
  vertex -38.567986 -28.17565 59.40684
  vertex -38.711224 -28.17565 59.138866
 endloop
endfacet
facet normal -0 -1 -0
 outer loop
  vertex -38.711224 -28.17565 15.861134
  vertex -35 -28.17565 9.999989
  vertex -38.711224 -28.17565 59.138866
 endloop
endfacet
facet normal 0 -1 0
 outer loop
  vertex -38.711224 -28.17565 15.861134
  vertex -38.711224 -28.17565 59.138866
  vertex -38.903984 -28.17565 58.903984
 endloop
endfacet
facet normal -0 -1 -0
 outer loop
  vertex -38.903984 -28.17565 16.096016
  vertex -38.711224 -28.17565 15.861134
  vertex -38.903984 -28.17565 58.903984
 endloop
endfacet
facet normal 0 -1 0
 outer loop
  vertex -38.903984 -28.17565 16.096016
  vertex -38.903984 -28.17565 58.903984
  vertex -39.138866 -28.17565 58.711224
 endloop
endfacet
facet normal -0 -1 -0
 outer loop
  vertex -39.138866 -28.17565 16.288776
  vertex -38.903984 -28.17565 16.096016
  vertex -39.138866 -28.17565 58.711224
 endloop
endfacet
facet normal 0 -1 0
 outer loop
  vertex -39.138866 -28.17565 16.288776
  vertex -39.138866 -28.17565 58.711224
  vertex -39.40684 -28.17565 58.567986
 endloop
endfacet
facet normal -0 -1 -0
 outer loop
  vertex -39.40684 -28.17565 16.432014
  vertex -39.138866 -28.17565 16.288776
  vertex -39.40684 -28.17565 58.567986
 endloop
endfacet
facet normal 0 -1 0
 outer loop
  vertex -39.40684 -28.17565 16.432014
  vertex -39.40684 -28.17565 58.567986
  vertex -39.69761 -28.17565 58.479782
 endloop
endfacet
facet normal -0 -1 -0
 outer loop
  vertex -39.69761 -28.17565 16.520218
  vertex -39.40684 -28.17565 16.432014
  vertex -39.69761 -28.17565 58.479782
 endloop
endfacet
facet normal 0 -1 0
 outer loop
  vertex -39.69761 -28.17565 16.520218
  vertex -39.69761 -28.17565 58.479782
  vertex -40 -28.17565 58.45
 endloop
endfacet
facet normal -0 -1 -0
 outer loop
  vertex -40 -28.17565 16.55
  vertex -39.69761 -28.17565 16.520218
  vertex -40 -28.17565 58.45
 endloop
endfacet
facet normal 0 -1 0
 outer loop
  vertex -40 -28.17565 16.55
  vertex -40 -28.17565 58.45
  vertex -40.30239 -28.17565 58.479782
 endloop
endfacet
facet normal 0 -1 -0
 outer loop
  vertex -40.30239 -28.17565 16.520218
  vertex -40 -28.17565 16.55
  vertex -40.30239 -28.17565 58.479782
 endloop
endfacet
facet normal 0 -1 0
 outer loop
  vertex -40.30239 -28.17565 16.520218
  vertex -40.30239 -28.17565 58.479782
  vertex -40.59316 -28.17565 58.567986
 endloop
endfacet
facet normal 0 -1 -0
 outer loop
  vertex -40.59316 -28.17565 16.432014
  vertex -40.30239 -28.17565 16.520218
  vertex -40.59316 -28.17565 58.567986
 endloop
endfacet
facet normal 0 -1 0
 outer loop
  vertex -40.861134 -28.17565 58.711224
  vertex -40.98886 -28.17565 58.816044
  vertex -40.98886 -28.17565 16.183956
 endloop
endfacet
facet normal 0 -1 0
 outer loop
  vertex -40.59316 -28.17565 16.432014
  vertex -40.59316 -28.17565 58.567986
  vertex -40.861134 -28.17565 58.711224
 endloop
endfacet
facet normal -0 -1 0
 outer loop
  vertex -40.861134 -28.17565 58.711224
  vertex -40.98886 -28.17565 16.183956
  vertex -40.861134 -28.17565 16.288776
 endloop
endfacet
facet normal -0 -1 0
 outer loop
  vertex -40.861134 -28.17565 58.711224
  vertex -40.861134 -28.17565 16.288776
  vertex -40.59316 -28.17565 16.432014
 endloop
endfacet
facet normal 0 -1 -0
 outer loop
  vertex -41.096016 -28.17565 61.096016
  vertex -40.98886 -28.17565 61.183956
  vertex -40.98886 -28.17565 108.81604
 endloop
endfacet
facet normal 0 -1 0
 outer loop
  vertex -40.98886 -28.17565 108.81604
  vertex -41.042645 -28.17565 108.86018
  vertex -41.362423 -28.17565 60.72336
 endloop
endfacet
facet normal 0 -1 0
 outer loop
  vertex -41.288776 -28.17565 60.861134
  vertex -41.096016 -28.17565 61.096016
  vertex -40.98886 -28.17565 108.81604
 endloop
endfacet
facet normal -0 -1 0
 outer loop
  vertex -40.98886 -28.17565 108.81604
  vertex -41.362423 -28.17565 60.72336
  vertex -41.288776 -28.17565 60.861134
 endloop
endfacet
facet normal 0 -1 -0
 outer loop
  vertex -41.02742 -28.17565 111.15231
  vertex -40.98886 -28.17565 111.18396
  vertex -40.98886 -28.17565 116.956604
 endloop
endfacet
facet normal 0 -1 -0
 outer loop
  vertex -41.714645 -28.17565 7.7018394
  vertex -40.98886 -28.17565 8.043369
  vertex -40.98886 -28.17565 13.816044
 endloop
endfacet
facet normal 0 -1 -0
 outer loop
  vertex -41.714645 -28.17565 7.7018394
  vertex -40.98886 -28.17565 13.816044
  vertex -41.096016 -28.17565 13.903984
 endloop
endfacet
facet normal 0 -1 0
 outer loop
  vertex -41.288776 -28.17565 59.138866
  vertex -41.371914 -28.17565 59.294403
  vertex -41.714645 -28.17565 7.7018394
 endloop
endfacet
facet normal 0 -1 0
 outer loop
  vertex -40.98886 -28.17565 16.183956
  vertex -40.98886 -28.17565 58.816044
  vertex -41.096016 -28.17565 58.903984
 endloop
endfacet
facet normal 0 -1 0
 outer loop
  vertex -41.096016 -28.17565 58.903984
  vertex -41.288776 -28.17565 59.138866
  vertex -41.714645 -28.17565 7.7018394
 endloop
endfacet
facet normal 0 -1 -0
 outer loop
  vertex -41.714645 -28.17565 7.7018394
  vertex -41.096016 -28.17565 13.903984
  vertex -41.288776 -28.17565 14.138866
 endloop
endfacet
facet normal 0 -1 -0
 outer loop
  vertex -41.714645 -28.17565 7.7018394
  vertex -41.288776 -28.17565 14.138866
  vertex -41.432014 -28.17565 14.406841
 endloop
endfacet
facet normal 0 -1 -0
 outer loop
  vertex -41.096016 -28.17565 16.096016
  vertex -40.98886 -28.17565 16.183956
  vertex -41.096016 -28.17565 58.903984
 endloop
endfacet
facet normal 0 -1 -0
 outer loop
  vertex -41.288776 -28.17565 15.861134
  vertex -41.096016 -28.17565 16.096016
  vertex -41.096016 -28.17565 58.903984
 endloop
endfacet
facet normal 0 -1 -0
 outer loop
  vertex -41.714645 -28.17565 7.7018394
  vertex -41.432014 -28.17565 14.406841
  vertex -41.520218 -28.17565 14.697609
 endloop
endfacet
facet normal 0 -1 -0
 outer loop
  vertex -41.714645 -28.17565 7.7018394
  vertex -41.520218 -28.17565 14.697609
  vertex -41.55 -28.17565 15
 endloop
endfacet
facet normal 0 -1 0
 outer loop
  vertex -41.432014 -28.17565 15.593159
  vertex -41.288776 -28.17565 15.861134
  vertex -41.096016 -28.17565 58.903984
 endloop
endfacet
facet normal 0 -1 0
 outer loop
  vertex -41.520218 -28.17565 15.302391
  vertex -41.432014 -28.17565 15.593159
  vertex -41.096016 -28.17565 58.903984
 endloop
endfacet
facet normal -0 -1 0
 outer loop
  vertex -41.096016 -28.17565 58.903984
  vertex -41.714645 -28.17565 7.7018394
  vertex -41.55 -28.17565 15
 endloop
endfacet
facet normal 0 -1 0
 outer loop
  vertex -41.55 -28.17565 15
  vertex -41.520218 -28.17565 15.302391
  vertex -41.096016 -28.17565 58.903984
 endloop
endfacet
facet normal 0 -1 -0
 outer loop
  vertex -41.714645 -28.17565 7.7018394
  vertex -41.371914 -28.17565 59.294403
  vertex -41.432014 -28.17565 59.40684
 endloop
endfacet
facet normal 0 -1 -0
 outer loop
  vertex -41.714645 -28.17565 7.7018394
  vertex -41.432014 -28.17565 59.40684
  vertex -41.520218 -28.17565 59.69761
 endloop
endfacet
facet normal 0 -1 -0
 outer loop
  vertex -41.02742 -28.17565 111.15231
  vertex -40.98886 -28.17565 116.956604
  vertex -41.714645 -28.17565 117.29814
 endloop
endfacet
facet normal 0 -1 -0
 outer loop
  vertex -41.096016 -28.17565 111.096016
  vertex -41.02742 -28.17565 111.15231
  vertex -41.714645 -28.17565 117.29814
 endloop
endfacet
facet normal 0 -1 -0
 outer loop
  vertex -41.714645 -28.17565 7.7018394
  vertex -41.520218 -28.17565 59.69761
  vertex -41.55 -28.17565 60
 endloop
endfacet
facet normal -0 -1 0
 outer loop
  vertex -41.714645 -28.17565 117.29814
  vertex -41.714645 -28.17565 7.7018394
  vertex -41.55 -28.17565 60
 endloop
endfacet
facet normal 0 -1 -0
 outer loop
  vertex -41.288776 -28.17565 110.86113
  vertex -41.096016 -28.17565 111.096016
  vertex -41.714645 -28.17565 117.29814
 endloop
endfacet
facet normal 0 -1 -0
 outer loop
  vertex -41.432014 -28.17565 110.593155
  vertex -41.288776 -28.17565 110.86113
  vertex -41.714645 -28.17565 117.29814
 endloop
endfacet
facet normal -0 -1 0
 outer loop
  vertex -41.714645 -28.17565 117.29814
  vertex -41.55 -28.17565 60
  vertex -41.520218 -28.17565 60.30239
 endloop
endfacet
facet normal 0 -1 0
 outer loop
  vertex -41.432014 -28.17565 60.59316
  vertex -41.362423 -28.17565 60.72336
  vertex -41.042645 -28.17565 108.86018
 endloop
endfacet
facet normal -0 -1 0
 outer loop
  vertex -41.714645 -28.17565 117.29814
  vertex -41.520218 -28.17565 60.30239
  vertex -41.432014 -28.17565 60.59316
 endloop
endfacet
facet normal 0 -1 -0
 outer loop
  vertex -41.520218 -28.17565 110.30239
  vertex -41.432014 -28.17565 110.593155
  vertex -41.714645 -28.17565 117.29814
 endloop
endfacet
facet normal 0 -1 -0
 outer loop
  vertex -41.55 -28.17565 110
  vertex -41.520218 -28.17565 110.30239
  vertex -41.714645 -28.17565 117.29814
 endloop
endfacet
facet normal 0 -1 -0
 outer loop
  vertex -41.432014 -28.17565 60.59316
  vertex -41.042645 -28.17565 108.86018
  vertex -41.096016 -28.17565 108.903984
 endloop
endfacet
facet normal 0 -1 -0
 outer loop
  vertex -41.432014 -28.17565 60.59316
  vertex -41.096016 -28.17565 108.903984
  vertex -41.288776 -28.17565 109.13887
 endloop
endfacet
facet normal 0 -1 0
 outer loop
  vertex -41.55 -28.17565 110
  vertex -41.714645 -28.17565 117.29814
  vertex -41.432014 -28.17565 60.59316
 endloop
endfacet
facet normal 0 -1 0
 outer loop
  vertex -41.520218 -28.17565 109.69761
  vertex -41.55 -28.17565 110
  vertex -41.432014 -28.17565 60.59316
 endloop
endfacet
facet normal 0 -1 -0
 outer loop
  vertex -41.432014 -28.17565 60.59316
  vertex -41.288776 -28.17565 109.13887
  vertex -41.432014 -28.17565 109.406845
 endloop
endfacet
facet normal 0 -1 0
 outer loop
  vertex -41.432014 -28.17565 60.59316
  vertex -41.432014 -28.17565 109.406845
  vertex -41.520218 -28.17565 109.69761
 endloop
endfacet
facet normal 0 -1 -0
 outer loop
  vertex -42.332703 -28.17565 7.1905403
  vertex -41.714645 -28.17565 7.7018394
  vertex -41.714645 -28.17565 117.29814
 endloop
endfacet
facet normal 0 -1 0
 outer loop
  vertex -41.714645 -28.17565 117.29814
  vertex -42.332703 -28.17565 117.80943
  vertex -42.332703 -28.17565 7.1905403
 endloop
endfacet
facet normal 0 -1 -0
 outer loop
  vertex -42.804184 -28.17565 6.5415993
  vertex -42.332703 -28.17565 7.1905403
  vertex -42.332703 -28.17565 117.80943
 endloop
endfacet
facet normal 0 -1 0
 outer loop
  vertex -42.332703 -28.17565 117.80943
  vertex -42.804184 -28.17565 118.458374
  vertex -42.804184 -28.17565 6.5415993
 endloop
endfacet
facet normal 0 -1 -0
 outer loop
  vertex -43.099464 -28.17565 5.7957954
  vertex -42.804184 -28.17565 6.5415993
  vertex -42.804184 -28.17565 118.458374
 endloop
endfacet
facet normal 0 -1 0
 outer loop
  vertex -42.804184 -28.17565 118.458374
  vertex -43.099464 -28.17565 119.20418
  vertex -43.099464 -28.17565 5.7957954
 endloop
endfacet
facet normal 0 -1 -0
 outer loop
  vertex -45 -28.17565 -1.1444092e-05
  vertex -43.099464 -28.17565 5.7957954
  vertex -43.099464 -28.17565 119.20418
 endloop
endfacet
facet normal -0 -1 0
 outer loop
  vertex -45 -28.17565 130
  vertex -45 -28.17565 -1.1444092e-05
  vertex -43.099464 -28.17565 119.20418
 endloop
endfacet
facet normal 0 -1 0
 outer loop
  vertex -43.199997 -28.17565 119.999985
  vertex -45 -28.17565 130
  vertex -43.099464 -28.17565 119.20418
 endloop
endfacet
facet normal -0 -1 0
 outer loop
  vertex -45 -28.17565 130
  vertex -43.199997 -28.17565 119.999985
  vertex -43.099464 -28.17565 120.79579
 endloop
endfacet
facet normal -0 -1 0
 outer loop
  vertex 2.0397637 -28.17565 2.5343475
  vertex 1.3624871 -28.17565 2.1045418
  vertex 38.285355 -28.17565 2.2981377
 endloop
endfacet
facet normal 0 -1 0
 outer loop
  vertex 24.406841 -28.17565 2.5803185
  vertex 24.173124 -28.17565 2.705246
  vertex 2.0397637 -28.17565 2.5343475
 endloop
endfacet
facet normal 0 -1 0
 outer loop
  vertex 38.285355 -28.17565 2.2981377
  vertex 37.667297 -28.17565 2.8094368
  vertex 25.851114 -28.17565 2.7182007
 endloop
endfacet
facet normal 0 -1 0
 outer loop
  vertex 38.285355 -28.17565 2.2981377
  vertex 25.851114 -28.17565 2.7182007
  vertex 25.593159 -28.17565 2.5803185
 endloop
endfacet
facet normal 0 -1 0
 outer loop
  vertex 24.69761 -28.17565 2.492115
  vertex 24.406841 -28.17565 2.5803185
  vertex 2.0397637 -28.17565 2.5343475
 endloop
endfacet
facet normal 0 -1 0
 outer loop
  vertex 25 -28.17565 2.4623337
  vertex 24.69761 -28.17565 2.492115
  vertex 2.0397637 -28.17565 2.5343475
 endloop
endfacet
facet normal 0 -1 0
 outer loop
  vertex 38.285355 -28.17565 2.2981377
  vertex 25.593159 -28.17565 2.5803185
  vertex 25.30239 -28.17565 2.492115
 endloop
endfacet
facet normal 0 -1 0
 outer loop
  vertex 25 -28.17565 2.4623337
  vertex 2.0397637 -28.17565 2.5343475
  vertex 38.285355 -28.17565 2.2981377
 endloop
endfacet
facet normal 0 -1 0
 outer loop
  vertex 38.285355 -28.17565 2.2981377
  vertex 25.30239 -28.17565 2.492115
  vertex 25 -28.17565 2.4623337
 endloop
endfacet
facet normal 0 -1 0
 outer loop
  vertex 23.903984 -28.17565 2.916317
  vertex 23.891907 -28.17565 2.931034
  vertex 2.5888512 -28.17565 3.1190758
 endloop
endfacet
facet normal -0 -1 0
 outer loop
  vertex 2.5888512 -28.17565 3.1190758
  vertex 2.0397637 -28.17565 2.5343475
  vertex 24.173124 -28.17565 2.705246
 endloop
endfacet
facet normal 0 -1 0
 outer loop
  vertex 24.138866 -28.17565 2.7235565
  vertex 23.903984 -28.17565 2.916317
  vertex 2.5888512 -28.17565 3.1190758
 endloop
endfacet
facet normal -0 -1 -0
 outer loop
  vertex 2.5888512 -28.17565 3.1190758
  vertex 24.173124 -28.17565 2.705246
  vertex 24.138866 -28.17565 2.7235565
 endloop
endfacet
facet normal -0 -1 0
 outer loop
  vertex 25.861134 -28.17565 2.7235565
  vertex 25.851114 -28.17565 2.7182007
  vertex 37.667297 -28.17565 2.8094368
 endloop
endfacet
facet normal 0 -1 -0
 outer loop
  vertex 25.861134 -28.17565 2.7235565
  vertex 37.667297 -28.17565 2.8094368
  vertex 26.090302 -28.17565 2.9116287
 endloop
endfacet
facet normal -0 -1 0
 outer loop
  vertex 23.618187 -28.17565 3.3252563
  vertex 2.5888512 -28.17565 3.1190758
  vertex 23.711222 -28.17565 3.1511993
 endloop
endfacet
facet normal -0 -1 -0
 outer loop
  vertex 2.5888512 -28.17565 3.1190758
  vertex 23.891907 -28.17565 2.931034
  vertex 23.711222 -28.17565 3.1511993
 endloop
endfacet
facet normal 0 -1 0
 outer loop
  vertex 26.096016 -28.17565 2.916317
  vertex 26.090302 -28.17565 2.9116287
  vertex 37.667297 -28.17565 2.8094368
 endloop
endfacet
facet normal 0 -1 0
 outer loop
  vertex 37.667297 -28.17565 2.8094368
  vertex 37.195816 -28.17565 3.4583778
  vertex 26.396372 -28.17565 3.352497
 endloop
endfacet
facet normal 0 -1 0
 outer loop
  vertex 26.288778 -28.17565 3.1511993
  vertex 26.096016 -28.17565 2.916317
  vertex 37.667297 -28.17565 2.8094368
 endloop
endfacet
facet normal 0 -1 0
 outer loop
  vertex 37.667297 -28.17565 2.8094368
  vertex 26.396372 -28.17565 3.352497
  vertex 26.288778 -28.17565 3.1511993
 endloop
endfacet
facet normal 0 -1 0
 outer loop
  vertex 23.567987 -28.17565 3.4191742
  vertex 23.511988 -28.17565 3.603775
  vertex 2.97528 -28.17565 3.821991
 endloop
endfacet
facet normal -0 -1 0
 outer loop
  vertex 2.97528 -28.17565 3.821991
  vertex 2.5888512 -28.17565 3.1190758
  vertex 23.618187 -28.17565 3.3252563
 endloop
endfacet
facet normal 0 -1 0
 outer loop
  vertex 23.567987 -28.17565 3.4191742
  vertex 2.97528 -28.17565 3.821991
  vertex 23.618187 -28.17565 3.3252563
 endloop
endfacet
facet normal -0 -1 0
 outer loop
  vertex 26.432013 -28.17565 3.4191742
  vertex 26.396372 -28.17565 3.352497
  vertex 37.195816 -28.17565 3.4583778
 endloop
endfacet
facet normal 0 -1 -0
 outer loop
  vertex 26.432013 -28.17565 3.4191742
  vertex 37.195816 -28.17565 3.4583778
  vertex 26.47845 -28.17565 3.572258
 endloop
endfacet
facet normal 0 -1 0
 outer loop
  vertex 37.195816 -28.17565 3.4583778
  vertex 36.900543 -28.17565 4.2041817
  vertex 26.542597 -28.17565 4.087494
 endloop
endfacet
facet normal 0 -1 0
 outer loop
  vertex 37.195816 -28.17565 3.4583778
  vertex 26.542597 -28.17565 4.087494
  vertex 26.55 -28.17565 4.012333
 endloop
endfacet
facet normal 0 -1 0
 outer loop
  vertex 26.520218 -28.17565 3.7099419
  vertex 26.47845 -28.17565 3.572258
  vertex 37.195816 -28.17565 3.4583778
 endloop
endfacet
facet normal 0 -1 0
 outer loop
  vertex 26.55 -28.17565 4.012333
  vertex 26.520218 -28.17565 3.7099419
  vertex 37.195816 -28.17565 3.4583778
 endloop
endfacet
facet normal 0 -1 -0
 outer loop
  vertex 23.45 -28.17565 4.012333
  vertex 23.453976 -28.17565 4.052696
  vertex 2.97528 -28.17565 3.821991
 endloop
endfacet
facet normal -0 -1 -0
 outer loop
  vertex 2.97528 -28.17565 3.821991
  vertex 23.511988 -28.17565 3.603775
  vertex 23.479782 -28.17565 3.7099419
 endloop
endfacet
facet normal 0 -1 0
 outer loop
  vertex 23.45 -28.17565 4.012333
  vertex 2.97528 -28.17565 3.821991
  vertex 23.479782 -28.17565 3.7099419
 endloop
endfacet
facet normal -0 -1 0
 outer loop
  vertex 26.520218 -28.17565 4.314724
  vertex 26.542597 -28.17565 4.087494
  vertex 36.900543 -28.17565 4.2041817
 endloop
endfacet
facet normal -0 -1 -0
 outer loop
  vertex 26.520218 -28.17565 4.314724
  vertex 36.900543 -28.17565 4.2041817
  vertex 26.516884 -28.17565 4.325718
 endloop
endfacet
facet normal 0 -1 -0
 outer loop
  vertex 23.479782 -28.17565 4.314724
  vertex 23.49385 -28.17565 4.3610992
  vertex 3.1747735 -28.17565 4.5989227
 endloop
endfacet
facet normal -0 -1 0
 outer loop
  vertex 3.1747735 -28.17565 4.5989227
  vertex 2.97528 -28.17565 3.821991
  vertex 23.453976 -28.17565 4.052696
 endloop
endfacet
facet normal 0 -1 0
 outer loop
  vertex 23.479782 -28.17565 4.314724
  vertex 3.1747735 -28.17565 4.5989227
  vertex 23.453976 -28.17565 4.052696
 endloop
endfacet
facet normal -0 -1 0
 outer loop
  vertex 3.1747735 -28.17565 4.5989227
  vertex 23.49385 -28.17565 4.3610992
  vertex 23.567987 -28.17565 4.6054916
 endloop
endfacet
facet normal 0 -1 0
 outer loop
  vertex 3.1747735 -28.17565 4.5989227
  vertex 23.567987 -28.17565 4.6054916
  vertex 23.711222 -28.17565 4.8734665
 endloop
endfacet
facet normal -0 -1 -0
 outer loop
  vertex 26.516884 -28.17565 4.325718
  vertex 36.900543 -28.17565 4.2041817
  vertex 35 -28.17565 9.999989
 endloop
endfacet
facet normal -0 -1 0
 outer loop
  vertex 26.432013 -28.17565 4.6054916
  vertex 26.516884 -28.17565 4.325718
  vertex 35 -28.17565 9.999989
 endloop
endfacet
facet normal 0 -1 0
 outer loop
  vertex 3.1747735 -28.17565 4.5989227
  vertex 23.711222 -28.17565 4.8734665
  vertex 23.903984 -28.17565 5.108349
 endloop
endfacet
facet normal 0 -1 0
 outer loop
  vertex 3.1747735 -28.17565 4.5989227
  vertex 23.903984 -28.17565 5.108349
  vertex 24.138866 -28.17565 5.3011093
 endloop
endfacet
facet normal -0 -1 0
 outer loop
  vertex 26.288778 -28.17565 4.8734665
  vertex 26.432013 -28.17565 4.6054916
  vertex 35 -28.17565 9.999989
 endloop
endfacet
facet normal -0 -1 0
 outer loop
  vertex 26.096016 -28.17565 5.108349
  vertex 26.288778 -28.17565 4.8734665
  vertex 35 -28.17565 9.999989
 endloop
endfacet
facet normal 0 -1 0
 outer loop
  vertex 3.1747735 -28.17565 4.5989227
  vertex 24.138866 -28.17565 5.3011093
  vertex 24.406841 -28.17565 5.4443474
 endloop
endfacet
facet normal 0 -1 0
 outer loop
  vertex 3.1747735 -28.17565 4.5989227
  vertex 24.406841 -28.17565 5.4443474
  vertex 24.69761 -28.17565 5.532551
 endloop
endfacet
facet normal -0 -1 0
 outer loop
  vertex 25.861134 -28.17565 5.3011093
  vertex 26.096016 -28.17565 5.108349
  vertex 35 -28.17565 9.999989
 endloop
endfacet
facet normal -0 -1 0
 outer loop
  vertex 25.593159 -28.17565 5.4443474
  vertex 25.861134 -28.17565 5.3011093
  vertex 35 -28.17565 9.999989
 endloop
endfacet
facet normal -0 -1 0
 outer loop
  vertex 35 -28.17565 9.999989
  vertex 3.1747735 -28.17565 4.5989227
  vertex 24.69761 -28.17565 5.532551
 endloop
endfacet
facet normal -0 -1 0
 outer loop
  vertex 35 -28.17565 9.999989
  vertex 24.69761 -28.17565 5.532551
  vertex 25 -28.17565 5.562332
 endloop
endfacet
facet normal -0 -1 0
 outer loop
  vertex 25.30239 -28.17565 5.532551
  vertex 25.593159 -28.17565 5.4443474
  vertex 35 -28.17565 9.999989
 endloop
endfacet
facet normal 0 -1 0
 outer loop
  vertex 35 -28.17565 9.999989
  vertex 25 -28.17565 5.562332
  vertex 25.30239 -28.17565 5.532551
 endloop
endfacet
facet normal -0 -1 0
 outer loop
  vertex 3.1747735 -28.17565 5.4010544
  vertex 3.1747735 -28.17565 4.5989227
  vertex 35 -28.17565 9.999989
 endloop
endfacet
facet normal -0 -1 0
 outer loop
  vertex 2.97528 -28.17565 6.177986
  vertex 3.1747735 -28.17565 5.4010544
  vertex 35 -28.17565 9.999989
 endloop
endfacet
facet normal -0 -1 0
 outer loop
  vertex 2.5888512 -28.17565 6.8809013
  vertex 2.97528 -28.17565 6.177986
  vertex 35 -28.17565 9.999989
 endloop
endfacet
facet normal -0 -1 0
 outer loop
  vertex 2.0397637 -28.17565 7.4656296
  vertex 2.5888512 -28.17565 6.8809013
  vertex 35 -28.17565 9.999989
 endloop
endfacet
facet normal -0 -1 0
 outer loop
  vertex 1.3624871 -28.17565 7.8954353
  vertex 2.0397637 -28.17565 7.4656296
  vertex 35 -28.17565 9.999989
 endloop
endfacet
facet normal -0 -1 0
 outer loop
  vertex 0.5996239 -28.17565 8.143307
  vertex 1.3624871 -28.17565 7.8954353
  vertex 35 -28.17565 9.999989
 endloop
endfacet
facet normal -0 -1 0
 outer loop
  vertex -0.20092845 -28.17565 8.193676
  vertex 0.5996239 -28.17565 8.143307
  vertex 35 -28.17565 9.999989
 endloop
endfacet
facet normal 0 -1 0
 outer loop
  vertex 35 -28.17565 9.999989
  vertex -35 -28.17565 9.999989
  vertex -0.20092845 -28.17565 8.193676
 endloop
endfacet
facet normal 0 -1 -0
 outer loop
  vertex -0.9888618 -28.17565 8.043369
  vertex -0.20092845 -28.17565 8.193676
  vertex -35 -28.17565 9.999989
 endloop
endfacet
facet normal 0 -1 -0
 outer loop
  vertex -1.7146461 -28.17565 7.7018394
  vertex -0.9888618 -28.17565 8.043369
  vertex -35 -28.17565 9.999989
 endloop
endfacet
facet normal 0 -1 -0
 outer loop
  vertex -2.3327034 -28.17565 7.1905403
  vertex -1.7146461 -28.17565 7.7018394
  vertex -35 -28.17565 9.999989
 endloop
endfacet
facet normal 0 -1 -0
 outer loop
  vertex -2.8041847 -28.17565 6.5415993
  vertex -2.3327034 -28.17565 7.1905403
  vertex -35 -28.17565 9.999989
 endloop
endfacet
facet normal 0 -1 -0
 outer loop
  vertex -3.0994575 -28.17565 5.7957954
  vertex -2.8041847 -28.17565 6.5415993
  vertex -35 -28.17565 9.999989
 endloop
endfacet
facet normal 0 -1 -0
 outer loop
  vertex -3.1999977 -28.17565 4.9999886
  vertex -3.0994575 -28.17565 5.7957954
  vertex -35 -28.17565 9.999989
 endloop
endfacet
facet normal 0 -1 0
 outer loop
  vertex -3.0994575 -28.17565 4.2041817
  vertex -3.1999977 -28.17565 4.9999886
  vertex -35 -28.17565 9.999989
 endloop
endfacet
facet normal -0 -1 0
 outer loop
  vertex -45 -28.17565 130
  vertex -43.099464 -28.17565 120.79579
  vertex -42.804184 -28.17565 121.541595
 endloop
endfacet
facet normal 0 -1 -0
 outer loop
  vertex -42.804184 -28.17565 121.541595
  vertex -42.332703 -28.17565 122.19054
  vertex -45 -28.17565 130
 endloop
endfacet
facet normal 0 -1 -0
 outer loop
  vertex -42.332703 -28.17565 122.19054
  vertex -41.714645 -28.17565 122.70184
  vertex -45 -28.17565 130
 endloop
endfacet
facet normal -0 -1 0
 outer loop
  vertex -45 -28.17565 130
  vertex -41.714645 -28.17565 122.70184
  vertex -40.98886 -28.17565 123.043365
 endloop
endfacet
facet normal -0 -1 0
 outer loop
  vertex -45 -28.17565 130
  vertex -40.98886 -28.17565 123.043365
  vertex -40.200928 -28.17565 123.19368
 endloop
endfacet
facet normal -0 -1 0
 outer loop
  vertex -45 -28.17565 130
  vertex -40.200928 -28.17565 123.19368
  vertex -35 -28.17565 130
 endloop
endfacet
facet normal -0 -1 0
 outer loop
  vertex -40.200928 -28.17565 123.19368
  vertex -39.400375 -28.17565 123.14331
  vertex -35 -28.17565 130
 endloop
endfacet
facet normal 0 -1 -0
 outer loop
  vertex -38.637512 -28.17565 122.89543
  vertex -35 -28.17565 130
  vertex -39.400375 -28.17565 123.14331
 endloop
endfacet
facet normal 0 -1 -0
 outer loop
  vertex -37.960236 -28.17565 122.46564
  vertex -35 -28.17565 130
  vertex -38.637512 -28.17565 122.89543
 endloop
endfacet
facet normal -0 -1 0
 outer loop
  vertex -37.960236 -28.17565 122.46564
  vertex -37.411148 -28.17565 121.880905
  vertex -35 -28.17565 130
 endloop
endfacet
facet normal 0 -1 -0
 outer loop
  vertex -37.02472 -28.17565 121.17799
  vertex -35 -28.17565 130
  vertex -37.411148 -28.17565 121.880905
 endloop
endfacet
facet normal -0 -1 0
 outer loop
  vertex -37.02472 -28.17565 121.17799
  vertex -36.825226 -28.17565 120.40106
  vertex -35 -28.17565 130
 endloop
endfacet
facet normal -0 -1 0
 outer loop
  vertex -36.825226 -28.17565 120.40106
  vertex -36.825226 -28.17565 119.59892
  vertex -35 -28.17565 130
 endloop
endfacet
facet normal 0 -1 0
 outer loop
  vertex -35 -28.17565 130
  vertex -36.825226 -28.17565 119.59892
  vertex -35 -28.17565 9.999989
 endloop
endfacet
facet normal 0 -1 0
 outer loop
  vertex -36.825226 -28.17565 119.59892
  vertex -37.02472 -28.17565 118.82199
  vertex -35 -28.17565 9.999989
 endloop
endfacet
facet normal 0 -1 0
 outer loop
  vertex -37.02472 -28.17565 118.82199
  vertex -37.411148 -28.17565 118.11908
  vertex -35 -28.17565 9.999989
 endloop
endfacet
facet normal 0 -1 0
 outer loop
  vertex -37.411148 -28.17565 118.11908
  vertex -37.960236 -28.17565 117.53435
  vertex -35 -28.17565 9.999989
 endloop
endfacet
facet normal 0 -1 0
 outer loop
  vertex -37.960236 -28.17565 117.53435
  vertex -38.637512 -28.17565 117.10454
  vertex -35 -28.17565 9.999989
 endloop
endfacet
facet normal 0 -1 0
 outer loop
  vertex -38.903984 -28.17565 108.903984
  vertex -39.06736 -28.17565 108.769905
  vertex -35 -28.17565 9.999989
 endloop
endfacet
facet normal 0 -1 0
 outer loop
  vertex -38.637512 -28.17565 117.10454
  vertex -39.400375 -28.17565 116.856674
  vertex -39.171814 -28.17565 111.30639
 endloop
endfacet
facet normal 0 -1 0
 outer loop
  vertex -38.637512 -28.17565 117.10454
  vertex -39.171814 -28.17565 111.30639
  vertex -39.138866 -28.17565 111.28877
 endloop
endfacet
facet normal 0 -1 0
 outer loop
  vertex -38.711224 -28.17565 109.13887
  vertex -38.903984 -28.17565 108.903984
  vertex -35 -28.17565 9.999989
 endloop
endfacet
facet normal 0 -1 0
 outer loop
  vertex -38.567986 -28.17565 109.406845
  vertex -38.711224 -28.17565 109.13887
  vertex -35 -28.17565 9.999989
 endloop
endfacet
facet normal 0 -1 0
 outer loop
  vertex -38.637512 -28.17565 117.10454
  vertex -39.138866 -28.17565 111.28877
  vertex -38.903984 -28.17565 111.096016
 endloop
endfacet
facet normal 0 -1 0
 outer loop
  vertex -38.637512 -28.17565 117.10454
  vertex -38.903984 -28.17565 111.096016
  vertex -38.711224 -28.17565 110.86113
 endloop
endfacet
facet normal 0 -1 0
 outer loop
  vertex -38.479782 -28.17565 109.69761
  vertex -38.567986 -28.17565 109.406845
  vertex -35 -28.17565 9.999989
 endloop
endfacet
facet normal 0 -1 0
 outer loop
  vertex -38.45 -28.17565 110
  vertex -38.479782 -28.17565 109.69761
  vertex -35 -28.17565 9.999989
 endloop
endfacet
facet normal 0 -1 0
 outer loop
  vertex -38.637512 -28.17565 117.10454
  vertex -38.711224 -28.17565 110.86113
  vertex -38.567986 -28.17565 110.593155
 endloop
endfacet
facet normal 0 -1 0
 outer loop
  vertex -38.637512 -28.17565 117.10454
  vertex -38.567986 -28.17565 110.593155
  vertex -38.479782 -28.17565 110.30239
 endloop
endfacet
facet normal -0 -1 -0
 outer loop
  vertex -38.45 -28.17565 110
  vertex -35 -28.17565 9.999989
  vertex -38.637512 -28.17565 117.10454
 endloop
endfacet
facet normal 0 -1 0
 outer loop
  vertex -38.637512 -28.17565 117.10454
  vertex -38.479782 -28.17565 110.30239
  vertex -38.45 -28.17565 110
 endloop
endfacet
facet normal -0 -1 -0
 outer loop
  vertex -39.40684 -28.17565 111.432014
  vertex -39.171814 -28.17565 111.30639
  vertex -39.400375 -28.17565 116.856674
 endloop
endfacet
facet normal 0 -1 0
 outer loop
  vertex -39.400375 -28.17565 116.856674
  vertex -40.200928 -28.17565 116.806305
  vertex -39.944706 -28.17565 111.544556
 endloop
endfacet
facet normal -0 -1 0
 outer loop
  vertex -39.69761 -28.17565 111.52022
  vertex -39.40684 -28.17565 111.432014
  vertex -39.400375 -28.17565 116.856674
 endloop
endfacet
facet normal 0 -1 0
 outer loop
  vertex -39.400375 -28.17565 116.856674
  vertex -39.944706 -28.17565 111.544556
  vertex -39.69761 -28.17565 111.52022
 endloop
endfacet
facet normal 0 -1 0
 outer loop
  vertex -39.69761 -28.17565 108.47978
  vertex -39.795002 -28.17565 108.47019
  vertex -35 -28.17565 9.999989
 endloop
endfacet
facet normal 0 -1 0
 outer loop
  vertex -35 -28.17565 9.999989
  vertex -39.06736 -28.17565 108.769905
  vertex -39.138866 -28.17565 108.71123
 endloop
endfacet
facet normal 0 -1 0
 outer loop
  vertex -39.40684 -28.17565 108.567986
  vertex -39.69761 -28.17565 108.47978
  vertex -35 -28.17565 9.999989
 endloop
endfacet
facet normal 0 -1 0
 outer loop
  vertex -35 -28.17565 9.999989
  vertex -39.138866 -28.17565 108.71123
  vertex -39.40684 -28.17565 108.567986
 endloop
endfacet
facet normal -0 -1 -0
 outer loop
  vertex -40 -28.17565 111.55
  vertex -39.944706 -28.17565 111.544556
  vertex -40.200928 -28.17565 116.806305
 endloop
endfacet
facet normal 0 -1 0
 outer loop
  vertex -40.200928 -28.17565 116.806305
  vertex -40.98886 -28.17565 116.956604
  vertex -40.67701 -28.17565 111.38719
 endloop
endfacet
facet normal -0 -1 0
 outer loop
  vertex -40.200928 -28.17565 116.806305
  vertex -40.67701 -28.17565 111.38719
  vertex -40.59316 -28.17565 111.432014
 endloop
endfacet
facet normal 0 -1 -0
 outer loop
  vertex -40.30239 -28.17565 111.52022
  vertex -40 -28.17565 111.55
  vertex -40.200928 -28.17565 116.806305
 endloop
endfacet
facet normal -0 -1 0
 outer loop
  vertex -40.200928 -28.17565 116.806305
  vertex -40.59316 -28.17565 111.432014
  vertex -40.30239 -28.17565 111.52022
 endloop
endfacet
facet normal 0 -1 0
 outer loop
  vertex -40.30239 -28.17565 108.47978
  vertex -40.517876 -28.17565 108.54515
  vertex -35 -28.17565 9.999989
 endloop
endfacet
facet normal 0 -1 0
 outer loop
  vertex -35 -28.17565 9.999989
  vertex -39.795002 -28.17565 108.47019
  vertex -40 -28.17565 108.45
 endloop
endfacet
facet normal -0 -1 -0
 outer loop
  vertex -40.30239 -28.17565 108.47978
  vertex -35 -28.17565 9.999989
  vertex -40 -28.17565 108.45
 endloop
endfacet
facet normal 0 -1 0
 outer loop
  vertex -43.099464 -28.17565 4.2041817
  vertex -43.199997 -28.17565 4.9999886
  vertex -45 -28.17565 -1.1444092e-05
 endloop
endfacet
facet normal 0 -1 0
 outer loop
  vertex -45 -28.17565 -1.1444092e-05
  vertex -43.199997 -28.17565 4.9999886
  vertex -43.099464 -28.17565 5.7957954
 endloop
endfacet
facet normal 0 -1 0
 outer loop
  vertex -39.400375 -28.17565 1.8566704
  vertex -40.200928 -28.17565 1.8063011
  vertex -45 -28.17565 -1.1444092e-05
 endloop
endfacet
facet normal -0 -1 0
 outer loop
  vertex -40.98886 -28.17565 1.9566078
  vertex -45 -28.17565 -1.1444092e-05
  vertex -40.200928 -28.17565 1.8063011
 endloop
endfacet
facet normal -0 -1 0
 outer loop
  vertex -41.714645 -28.17565 2.2981377
  vertex -45 -28.17565 -1.1444092e-05
  vertex -40.98886 -28.17565 1.9566078
 endloop
endfacet
facet normal 0 -1 0
 outer loop
  vertex -41.714645 -28.17565 2.2981377
  vertex -42.332703 -28.17565 2.8094368
  vertex -45 -28.17565 -1.1444092e-05
 endloop
endfacet
facet normal -0 -1 0
 outer loop
  vertex -42.804184 -28.17565 3.4583778
  vertex -45 -28.17565 -1.1444092e-05
  vertex -42.332703 -28.17565 2.8094368
 endloop
endfacet
facet normal -0 -1 0
 outer loop
  vertex -43.099464 -28.17565 4.2041817
  vertex -45 -28.17565 -1.1444092e-05
  vertex -42.804184 -28.17565 3.4583778
 endloop
endfacet
facet normal -1 0 -0
 outer loop
  vertex -45 6.8243494 -1.1444092e-05
  vertex -45 -28.17565 -1.1444092e-05
  vertex -45 6.8243494 130
 endloop
endfacet
facet normal -1 0 0
 outer loop
  vertex -45 -28.17565 130
  vertex -45 6.8243494 130
  vertex -45 -28.17565 -1.1444092e-05
 endloop
endfacet
facet normal -0.041323904 0.9991458 0
 outer loop
  vertex -17.477386 36.721886 43.33332
  vertex -15.000001 36.82435 -1.1444092e-05
  vertex -17.477386 36.721886 -1.1444092e-05
 endloop
endfacet
facet normal -0.041323908 0.99914587 0
 outer loop
  vertex -17.477386 36.721886 86.66666
  vertex -15.000001 36.82435 -1.1444092e-05
  vertex -17.477386 36.721886 43.33332
 endloop
endfacet
facet normal -0.041323904 0.99914575 0
 outer loop
  vertex -15.000001 36.82435 -1.1444092e-05
  vertex -17.477386 36.721886 86.66666
  vertex -15.000001 36.82435 130
 endloop
endfacet
facet normal -0.041323904 0.9991458 0
 outer loop
  vertex -15.000001 36.82435 130
  vertex -17.477386 36.721886 86.66666
  vertex -17.477386 36.721886 130
 endloop
endfacet
facet normal -0.1236954 0.99232024 0
 outer loop
  vertex -17.477386 36.721886 86.66666
  vertex -19.937836 36.415184 130
  vertex -17.477386 36.721886 130
 endloop
endfacet
facet normal -0.1236954 0.99232024 0
 outer loop
  vertex -19.937836 36.415184 130
  vertex -17.477386 36.721886 86.66666
  vertex -19.937836 36.415184 86.66666
 endloop
endfacet
facet normal -0.20521675 0.9787166 0
 outer loop
  vertex -19.937836 36.415184 86.66666
  vertex -22.364563 35.90635 130
  vertex -19.937836 36.415184 130
 endloop
endfacet
facet normal -0.20521675 0.9787166 0
 outer loop
  vertex -22.364563 35.90635 130
  vertex -19.937836 36.415184 86.66666
  vertex -22.364563 35.90635 86.66666
 endloop
endfacet
facet normal -0.28533563 0.95842767 0
 outer loop
  vertex -22.364563 35.90635 86.66666
  vertex -24.740982 35.19886 130
  vertex -22.364563 35.90635 130
 endloop
endfacet
facet normal -0.28533563 0.95842767 0
 outer loop
  vertex -24.740982 35.19886 130
  vertex -22.364563 35.90635 86.66666
  vertex -24.740982 35.19886 86.66666
 endloop
endfacet
facet normal -0.36350444 0.9315924 0
 outer loop
  vertex -24.740982 35.19886 86.66666
  vertex -27.050858 34.297554 130
  vertex -24.740982 35.19886 130
 endloop
endfacet
facet normal -0.36350444 0.9315924 0
 outer loop
  vertex -27.050858 34.297554 130
  vertex -24.740982 35.19886 86.66666
  vertex -27.050858 34.297554 86.66666
 endloop
endfacet
facet normal -0.43919557 0.8983915 0
 outer loop
  vertex -27.050858 34.297554 86.66666
  vertex -29.278427 33.208565 130
  vertex -27.050858 34.297554 130
 endloop
endfacet
facet normal -0.43919557 0.8983915 0
 outer loop
  vertex -29.278427 33.208565 130
  vertex -27.050858 34.297554 86.66666
  vertex -29.278427 33.208565 86.66666
 endloop
endfacet
facet normal -0.5118873 0.8590526 0
 outer loop
  vertex -29.278427 33.208565 86.66666
  vertex -31.408447 31.93934 130
  vertex -29.278427 33.208565 130
 endloop
endfacet
facet normal -0.5118873 0.8590526 0
 outer loop
  vertex -31.408447 31.93934 130
  vertex -29.278427 33.208565 86.66666
  vertex -31.408447 31.93934 86.66666
 endloop
endfacet
facet normal -0.58107865 0.81384736 0
 outer loop
  vertex -31.408447 31.93934 86.66666
  vertex -33.426376 30.49856 130
  vertex -31.408447 31.93934 130
 endloop
endfacet
facet normal -0.58107865 0.81384736 0
 outer loop
  vertex -33.426376 30.49856 130
  vertex -31.408447 31.93934 86.66666
  vertex -33.426376 30.49856 86.66666
 endloop
endfacet
facet normal -0.6462964 0.7630865 0
 outer loop
  vertex -33.426376 30.49856 86.66666
  vertex -35.31845 28.896067 130
  vertex -33.426376 30.49856 130
 endloop
endfacet
facet normal -0.6462964 0.7630865 0
 outer loop
  vertex -35.31845 28.896067 130
  vertex -33.426376 30.49856 86.66666
  vertex -35.31845 28.896067 86.66666
 endloop
endfacet
facet normal -0.7071068 0.7071068 0
 outer loop
  vertex -35.31845 28.896067 86.66666
  vertex -37.071716 27.142801 130
  vertex -35.31845 28.896067 130
 endloop
endfacet
facet normal -0.7071068 0.7071068 0
 outer loop
  vertex -37.071716 27.142801 130
  vertex -35.31845 28.896067 86.66666
  vertex -37.071716 27.142801 86.66666
 endloop
endfacet
facet normal -0.76308346 0.64629996 0
 outer loop
  vertex -37.071716 27.142801 86.66666
  vertex -38.674225 25.250727 130
  vertex -37.071716 27.142801 130
 endloop
endfacet
facet normal -0.76308346 0.64629996 0
 outer loop
  vertex -38.674225 25.250727 130
  vertex -37.071716 27.142801 86.66666
  vertex -38.674225 25.250727 86.66666
 endloop
endfacet
facet normal -0.8138503 0.58107466 0
 outer loop
  vertex -38.674225 25.250727 86.66666
  vertex -40.11499 23.232798 130
  vertex -38.674225 25.250727 130
 endloop
endfacet
facet normal -0.8138503 0.58107466 0
 outer loop
  vertex -40.11499 23.232798 130
  vertex -38.674225 25.250727 86.66666
  vertex -40.11499 23.232798 86.66666
 endloop
endfacet
facet normal -0.8590523 0.5118879 0
 outer loop
  vertex -40.11499 23.232798 86.66666
  vertex -41.384216 21.102777 130
  vertex -40.11499 23.232798 130
 endloop
endfacet
facet normal -0.8590523 0.5118879 0
 outer loop
  vertex -41.384216 21.102777 130
  vertex -40.11499 23.232798 86.66666
  vertex -41.384216 21.102777 86.66666
 endloop
endfacet
facet normal -0.89839274 0.4391931 0
 outer loop
  vertex -41.384216 21.102777 86.66666
  vertex -42.473198 18.875208 130
  vertex -41.384216 21.102777 130
 endloop
endfacet
facet normal -0.89839274 0.4391931 0
 outer loop
  vertex -42.473198 18.875208 130
  vertex -41.384216 21.102777 86.66666
  vertex -42.473198 18.875208 86.66666
 endloop
endfacet
facet normal -0.93159145 0.36350712 0
 outer loop
  vertex -42.473198 18.875208 86.66666
  vertex -43.37451 16.565332 130
  vertex -42.473198 18.875208 130
 endloop
endfacet
facet normal -0.93159145 0.36350712 0
 outer loop
  vertex -43.37451 16.565332 130
  vertex -42.473198 18.875208 86.66666
  vertex -43.37451 16.565332 86.66666
 endloop
endfacet
facet normal -0.9584269 0.28533837 0
 outer loop
  vertex -43.37451 16.565332 86.66666
  vertex -44.08201 14.188912 130
  vertex -43.37451 16.565332 130
 endloop
endfacet
facet normal -0.9584269 0.28533837 0
 outer loop
  vertex -44.08201 14.188912 130
  vertex -43.37451 16.565332 86.66666
  vertex -44.08201 14.188912 86.66666
 endloop
endfacet
facet normal -0.97871715 0.20521379 0
 outer loop
  vertex -44.08201 14.188912 86.66666
  vertex -44.590836 11.762185 130
  vertex -44.08201 14.188912 130
 endloop
endfacet
facet normal -0.97871715 0.20521379 0
 outer loop
  vertex -44.590836 11.762185 130
  vertex -44.08201 14.188912 86.66666
  vertex -44.590836 11.762185 86.66666
 endloop
endfacet
facet normal -0.99232024 0.1236954 0
 outer loop
  vertex -44.590836 11.762185 86.66666
  vertex -44.897537 9.301736 130
  vertex -44.590836 11.762185 130
 endloop
endfacet
facet normal -0.99232024 0.1236954 0
 outer loop
  vertex -44.897537 9.301736 130
  vertex -44.590836 11.762185 86.66666
  vertex -44.897537 9.301736 86.66666
 endloop
endfacet
facet normal -0.99914587 0.041323893 0
 outer loop
  vertex -44.897537 9.301736 86.66666
  vertex -45 6.8243494 130
  vertex -44.897537 9.301736 130
 endloop
endfacet
facet normal -0.9991458 0.041323885 0
 outer loop
  vertex -44.897537 9.301736 43.33332
  vertex -45 6.8243494 130
  vertex -44.897537 9.301736 86.66666
 endloop
endfacet
facet normal -0.9991458 0.04132389 0
 outer loop
  vertex -45 6.8243494 130
  vertex -44.897537 9.301736 43.33332
  vertex -45 6.8243494 -1.1444092e-05
 endloop
endfacet
facet normal -0.99914587 0.04132389 0
 outer loop
  vertex -45 6.8243494 -1.1444092e-05
  vertex -44.897537 9.301736 43.33332
  vertex -44.897537 9.301736 -1.1444092e-05
 endloop
endfacet
facet normal -0.99232024 0.12369541 0
 outer loop
  vertex -44.897537 9.301736 43.33332
  vertex -44.590836 11.762185 -1.1444092e-05
  vertex -44.897537 9.301736 -1.1444092e-05
 endloop
endfacet
facet normal -0.99232024 0.12369541 0
 outer loop
  vertex -44.590836 11.762185 -1.1444092e-05
  vertex -44.897537 9.301736 43.33332
  vertex -44.590836 11.762185 43.33332
 endloop
endfacet
facet normal -0.97871715 0.2052138 0
 outer loop
  vertex -44.590836 11.762185 43.33332
  vertex -44.08201 14.188912 -1.1444092e-05
  vertex -44.590836 11.762185 -1.1444092e-05
 endloop
endfacet
facet normal -0.97871715 0.2052138 0
 outer loop
  vertex -44.08201 14.188912 -1.1444092e-05
  vertex -44.590836 11.762185 43.33332
  vertex -44.08201 14.188912 43.33332
 endloop
endfacet
facet normal -0.95842683 0.28533837 0
 outer loop
  vertex -44.08201 14.188912 43.33332
  vertex -43.37451 16.565332 -1.1444092e-05
  vertex -44.08201 14.188912 -1.1444092e-05
 endloop
endfacet
facet normal -0.95842683 0.28533837 0
 outer loop
  vertex -43.37451 16.565332 -1.1444092e-05
  vertex -44.08201 14.188912 43.33332
  vertex -43.37451 16.565332 43.33332
 endloop
endfacet
facet normal -0.9315914 0.36350712 0
 outer loop
  vertex -43.37451 16.565332 43.33332
  vertex -42.473198 18.875208 -1.1444092e-05
  vertex -43.37451 16.565332 -1.1444092e-05
 endloop
endfacet
facet normal -0.9315914 0.36350712 0
 outer loop
  vertex -42.473198 18.875208 -1.1444092e-05
  vertex -43.37451 16.565332 43.33332
  vertex -42.473198 18.875208 43.33332
 endloop
endfacet
facet normal -0.8983927 0.43919304 0
 outer loop
  vertex -42.473198 18.875208 43.33332
  vertex -41.384216 21.102777 -1.1444092e-05
  vertex -42.473198 18.875208 -1.1444092e-05
 endloop
endfacet
facet normal -0.8983927 0.43919304 0
 outer loop
  vertex -41.384216 21.102777 -1.1444092e-05
  vertex -42.473198 18.875208 43.33332
  vertex -41.384216 21.102777 43.33332
 endloop
endfacet
facet normal -0.8590523 0.5118879 0
 outer loop
  vertex -41.384216 21.102777 43.33332
  vertex -40.11499 23.232798 -1.1444092e-05
  vertex -41.384216 21.102777 -1.1444092e-05
 endloop
endfacet
facet normal -0.8590523 0.5118879 0
 outer loop
  vertex -40.11499 23.232798 -1.1444092e-05
  vertex -41.384216 21.102777 43.33332
  vertex -40.11499 23.232798 43.33332
 endloop
endfacet
facet normal -0.8138503 0.5810746 0
 outer loop
  vertex -40.11499 23.232798 43.33332
  vertex -38.674225 25.250727 -1.1444092e-05
  vertex -40.11499 23.232798 -1.1444092e-05
 endloop
endfacet
facet normal -0.8138503 0.5810746 0
 outer loop
  vertex -38.674225 25.250727 -1.1444092e-05
  vertex -40.11499 23.232798 43.33332
  vertex -38.674225 25.250727 43.33332
 endloop
endfacet
facet normal -0.76308346 0.64629996 0
 outer loop
  vertex -38.674225 25.250727 43.33332
  vertex -37.071716 27.142801 -1.1444092e-05
  vertex -38.674225 25.250727 -1.1444092e-05
 endloop
endfacet
facet normal -0.76308346 0.64629996 0
 outer loop
  vertex -37.071716 27.142801 -1.1444092e-05
  vertex -38.674225 25.250727 43.33332
  vertex -37.071716 27.142801 43.33332
 endloop
endfacet
facet normal -0.70710677 0.70710677 0
 outer loop
  vertex -37.071716 27.142801 43.33332
  vertex -35.31845 28.896067 -1.1444092e-05
  vertex -37.071716 27.142801 -1.1444092e-05
 endloop
endfacet
facet normal -0.70710677 0.70710677 0
 outer loop
  vertex -35.31845 28.896067 -1.1444092e-05
  vertex -37.071716 27.142801 43.33332
  vertex -35.31845 28.896067 43.33332
 endloop
endfacet
facet normal -0.6462964 0.7630865 0
 outer loop
  vertex -35.31845 28.896067 43.33332
  vertex -33.426376 30.49856 -1.1444092e-05
  vertex -35.31845 28.896067 -1.1444092e-05
 endloop
endfacet
facet normal -0.6462964 0.7630865 0
 outer loop
  vertex -33.426376 30.49856 -1.1444092e-05
  vertex -35.31845 28.896067 43.33332
  vertex -33.426376 30.49856 43.33332
 endloop
endfacet
facet normal -0.5810787 0.81384736 0
 outer loop
  vertex -33.426376 30.49856 43.33332
  vertex -31.408447 31.93934 -1.1444092e-05
  vertex -33.426376 30.49856 -1.1444092e-05
 endloop
endfacet
facet normal -0.5810787 0.81384736 0
 outer loop
  vertex -31.408447 31.93934 -1.1444092e-05
  vertex -33.426376 30.49856 43.33332
  vertex -31.408447 31.93934 43.33332
 endloop
endfacet
facet normal -0.5118873 0.8590526 0
 outer loop
  vertex -31.408447 31.93934 43.33332
  vertex -29.278427 33.208565 -1.1444092e-05
  vertex -31.408447 31.93934 -1.1444092e-05
 endloop
endfacet
facet normal -0.5118873 0.8590526 0
 outer loop
  vertex -29.278427 33.208565 -1.1444092e-05
  vertex -31.408447 31.93934 43.33332
  vertex -29.278427 33.208565 43.33332
 endloop
endfacet
facet normal -0.43919554 0.8983915 0
 outer loop
  vertex -29.278427 33.208565 43.33332
  vertex -27.050858 34.297554 -1.1444092e-05
  vertex -29.278427 33.208565 -1.1444092e-05
 endloop
endfacet
facet normal -0.43919554 0.8983915 0
 outer loop
  vertex -27.050858 34.297554 -1.1444092e-05
  vertex -29.278427 33.208565 43.33332
  vertex -27.050858 34.297554 43.33332
 endloop
endfacet
facet normal -0.36350444 0.93159246 0
 outer loop
  vertex -27.050858 34.297554 43.33332
  vertex -24.740982 35.19886 -1.1444092e-05
  vertex -27.050858 34.297554 -1.1444092e-05
 endloop
endfacet
facet normal -0.36350444 0.93159246 0
 outer loop
  vertex -24.740982 35.19886 -1.1444092e-05
  vertex -27.050858 34.297554 43.33332
  vertex -24.740982 35.19886 43.33332
 endloop
endfacet
facet normal -0.28533563 0.95842767 0
 outer loop
  vertex -24.740982 35.19886 43.33332
  vertex -22.364563 35.90635 -1.1444092e-05
  vertex -24.740982 35.19886 -1.1444092e-05
 endloop
endfacet
facet normal -0.28533563 0.95842767 0
 outer loop
  vertex -22.364563 35.90635 -1.1444092e-05
  vertex -24.740982 35.19886 43.33332
  vertex -22.364563 35.90635 43.33332
 endloop
endfacet
facet normal -0.20521675 0.97871655 0
 outer loop
  vertex -22.364563 35.90635 43.33332
  vertex -19.937836 36.415184 -1.1444092e-05
  vertex -22.364563 35.90635 -1.1444092e-05
 endloop
endfacet
facet normal -0.20521675 0.97871655 0
 outer loop
  vertex -19.937836 36.415184 -1.1444092e-05
  vertex -22.364563 35.90635 43.33332
  vertex -19.937836 36.415184 43.33332
 endloop
endfacet
facet normal -0.12369541 0.99232024 0
 outer loop
  vertex -19.937836 36.415184 43.33332
  vertex -17.477386 36.721886 -1.1444092e-05
  vertex -19.937836 36.415184 -1.1444092e-05
 endloop
endfacet
facet normal -0.12369541 0.99232024 0
 outer loop
  vertex -17.477386 36.721886 -1.1444092e-05
  vertex -19.937836 36.415184 43.33332
  vertex -17.477386 36.721886 43.33332
 endloop
endfacet
facet normal -0.12369541 0.99232024 0
 outer loop
  vertex -17.477386 36.721886 43.33332
  vertex -19.937836 36.415184 86.66666
  vertex -17.477386 36.721886 86.66666
 endloop
endfacet
facet normal -0.12369541 0.99232024 0
 outer loop
  vertex -19.937836 36.415184 86.66666
  vertex -17.477386 36.721886 43.33332
  vertex -19.937836 36.415184 43.33332
 endloop
endfacet
facet normal -0.20521675 0.97871655 0
 outer loop
  vertex -19.937836 36.415184 43.33332
  vertex -22.364563 35.90635 86.66666
  vertex -19.937836 36.415184 86.66666
 endloop
endfacet
facet normal -0.20521675 0.97871655 0
 outer loop
  vertex -22.364563 35.90635 86.66666
  vertex -19.937836 36.415184 43.33332
  vertex -22.364563 35.90635 43.33332
 endloop
endfacet
facet normal -0.28533563 0.95842767 0
 outer loop
  vertex -22.364563 35.90635 43.33332
  vertex -24.740982 35.19886 86.66666
  vertex -22.364563 35.90635 86.66666
 endloop
endfacet
facet normal -0.28533563 0.95842767 0
 outer loop
  vertex -24.740982 35.19886 86.66666
  vertex -22.364563 35.90635 43.33332
  vertex -24.740982 35.19886 43.33332
 endloop
endfacet
facet normal -0.36350444 0.93159246 0
 outer loop
  vertex -24.740982 35.19886 43.33332
  vertex -27.050858 34.297554 86.66666
  vertex -24.740982 35.19886 86.66666
 endloop
endfacet
facet normal -0.36350444 0.93159246 0
 outer loop
  vertex -27.050858 34.297554 86.66666
  vertex -24.740982 35.19886 43.33332
  vertex -27.050858 34.297554 43.33332
 endloop
endfacet
facet normal -0.43919554 0.8983915 0
 outer loop
  vertex -27.050858 34.297554 43.33332
  vertex -29.278427 33.208565 86.66666
  vertex -27.050858 34.297554 86.66666
 endloop
endfacet
facet normal -0.43919554 0.8983915 0
 outer loop
  vertex -29.278427 33.208565 86.66666
  vertex -27.050858 34.297554 43.33332
  vertex -29.278427 33.208565 43.33332
 endloop
endfacet
facet normal -0.5118873 0.8590526 0
 outer loop
  vertex -29.278427 33.208565 43.33332
  vertex -31.408447 31.93934 86.66666
  vertex -29.278427 33.208565 86.66666
 endloop
endfacet
facet normal -0.5118873 0.8590526 0
 outer loop
  vertex -31.408447 31.93934 86.66666
  vertex -29.278427 33.208565 43.33332
  vertex -31.408447 31.93934 43.33332
 endloop
endfacet
facet normal -0.5810787 0.81384736 0
 outer loop
  vertex -31.408447 31.93934 43.33332
  vertex -33.426376 30.49856 86.66666
  vertex -31.408447 31.93934 86.66666
 endloop
endfacet
facet normal -0.5810787 0.81384736 0
 outer loop
  vertex -33.426376 30.49856 86.66666
  vertex -31.408447 31.93934 43.33332
  vertex -33.426376 30.49856 43.33332
 endloop
endfacet
facet normal -0.6462964 0.76308644 0
 outer loop
  vertex -33.426376 30.49856 43.33332
  vertex -35.31845 28.896067 86.66666
  vertex -33.426376 30.49856 86.66666
 endloop
endfacet
facet normal -0.6462964 0.76308644 0
 outer loop
  vertex -35.31845 28.896067 86.66666
  vertex -33.426376 30.49856 43.33332
  vertex -35.31845 28.896067 43.33332
 endloop
endfacet
facet normal -0.70710677 0.70710677 0
 outer loop
  vertex -35.31845 28.896067 43.33332
  vertex -37.071716 27.142801 86.66666
  vertex -35.31845 28.896067 86.66666
 endloop
endfacet
facet normal -0.70710677 0.70710677 0
 outer loop
  vertex -37.071716 27.142801 86.66666
  vertex -35.31845 28.896067 43.33332
  vertex -37.071716 27.142801 43.33332
 endloop
endfacet
facet normal -0.76308346 0.64629996 0
 outer loop
  vertex -37.071716 27.142801 43.33332
  vertex -38.674225 25.250727 86.66666
  vertex -37.071716 27.142801 86.66666
 endloop
endfacet
facet normal -0.76308346 0.64629996 0
 outer loop
  vertex -38.674225 25.250727 86.66666
  vertex -37.071716 27.142801 43.33332
  vertex -38.674225 25.250727 43.33332
 endloop
endfacet
facet normal -0.8138503 0.5810746 0
 outer loop
  vertex -38.674225 25.250727 43.33332
  vertex -40.11499 23.232798 86.66666
  vertex -38.674225 25.250727 86.66666
 endloop
endfacet
facet normal -0.8138503 0.5810746 0
 outer loop
  vertex -40.11499 23.232798 86.66666
  vertex -38.674225 25.250727 43.33332
  vertex -40.11499 23.232798 43.33332
 endloop
endfacet
facet normal -0.85905224 0.5118879 0
 outer loop
  vertex -40.11499 23.232798 43.33332
  vertex -41.384216 21.102777 86.66666
  vertex -40.11499 23.232798 86.66666
 endloop
endfacet
facet normal -0.85905224 0.5118879 0
 outer loop
  vertex -41.384216 21.102777 86.66666
  vertex -40.11499 23.232798 43.33332
  vertex -41.384216 21.102777 43.33332
 endloop
endfacet
facet normal -0.8983927 0.43919307 0
 outer loop
  vertex -41.384216 21.102777 43.33332
  vertex -42.473198 18.875208 86.66666
  vertex -41.384216 21.102777 86.66666
 endloop
endfacet
facet normal -0.8983927 0.43919307 0
 outer loop
  vertex -42.473198 18.875208 86.66666
  vertex -41.384216 21.102777 43.33332
  vertex -42.473198 18.875208 43.33332
 endloop
endfacet
facet normal -0.9315914 0.36350712 0
 outer loop
  vertex -42.473198 18.875208 43.33332
  vertex -43.37451 16.565332 86.66666
  vertex -42.473198 18.875208 86.66666
 endloop
endfacet
facet normal -0.9315914 0.36350712 0
 outer loop
  vertex -43.37451 16.565332 86.66666
  vertex -42.473198 18.875208 43.33332
  vertex -43.37451 16.565332 43.33332
 endloop
endfacet
facet normal -0.95842683 0.28533834 0
 outer loop
  vertex -43.37451 16.565332 43.33332
  vertex -44.08201 14.188912 86.66666
  vertex -43.37451 16.565332 86.66666
 endloop
endfacet
facet normal -0.95842683 0.28533834 0
 outer loop
  vertex -44.08201 14.188912 86.66666
  vertex -43.37451 16.565332 43.33332
  vertex -44.08201 14.188912 43.33332
 endloop
endfacet
facet normal -0.9787172 0.20521381 0
 outer loop
  vertex -44.08201 14.188912 43.33332
  vertex -44.590836 11.762185 86.66666
  vertex -44.08201 14.188912 86.66666
 endloop
endfacet
facet normal -0.9787172 0.20521381 0
 outer loop
  vertex -44.590836 11.762185 86.66666
  vertex -44.08201 14.188912 43.33332
  vertex -44.590836 11.762185 43.33332
 endloop
endfacet
facet normal -0.99232024 0.12369541 0
 outer loop
  vertex -44.590836 11.762185 43.33332
  vertex -44.897537 9.301736 86.66666
  vertex -44.590836 11.762185 86.66666
 endloop
endfacet
facet normal -0.99232024 0.12369541 0
 outer loop
  vertex -44.897537 9.301736 86.66666
  vertex -44.590836 11.762185 43.33332
  vertex -44.897537 9.301736 43.33332
 endloop
endfacet
facet normal -0 1 0
 outer loop
  vertex 14.999999 36.82435 -1.1444092e-05
  vertex -15.000001 36.82435 -1.1444092e-05
  vertex 14.999999 36.82435 130
 endloop
endfacet
facet normal 0 1 -0
 outer loop
  vertex -15.000001 36.82435 130
  vertex 14.999999 36.82435 130
  vertex -15.000001 36.82435 -1.1444092e-05
 endloop
endfacet
facet normal 0.99914587 0.04132389 0
 outer loop
  vertex 45 6.8243494 -1.1444092e-05
  vertex 44.897537 9.301736 -1.1444092e-05
  vertex 44.897537 9.301736 43.33332
 endloop
endfacet
facet normal 0.99914587 0.041323893 0
 outer loop
  vertex 44.897537 9.301736 43.33332
  vertex 44.897537 9.301736 86.66666
  vertex 45 6.8243494 -1.1444092e-05
 endloop
endfacet
facet normal 0.9991458 0.041323893 -0
 outer loop
  vertex 45 6.8243494 130
  vertex 45 6.8243494 -1.1444092e-05
  vertex 44.897537 9.301736 86.66666
 endloop
endfacet
facet normal 0.99914587 0.041323893 0
 outer loop
  vertex 44.897537 9.301736 86.66666
  vertex 44.897537 9.301736 130
  vertex 45 6.8243494 130
 endloop
endfacet
facet normal 0.99232024 0.1236954 -0
 outer loop
  vertex 44.897537 9.301736 130
  vertex 44.897537 9.301736 86.66666
  vertex 44.590836 11.762185 130
 endloop
endfacet
facet normal 0.99232024 0.1236954 0
 outer loop
  vertex 44.590836 11.762185 86.66666
  vertex 44.590836 11.762185 130
  vertex 44.897537 9.301736 86.66666
 endloop
endfacet
facet normal 0.9787166 0.20521675 -0
 outer loop
  vertex 44.590836 11.762185 130
  vertex 44.590836 11.762185 86.66666
  vertex 44.082 14.188912 130
 endloop
endfacet
facet normal 0.9787166 0.20521675 0
 outer loop
  vertex 44.082 14.188912 86.66666
  vertex 44.082 14.188912 130
  vertex 44.590836 11.762185 86.66666
 endloop
endfacet
facet normal 0.95842767 0.2853355 -0
 outer loop
  vertex 44.082 14.188912 130
  vertex 44.082 14.188912 86.66666
  vertex 43.37451 16.565332 130
 endloop
endfacet
facet normal 0.95842767 0.2853355 0
 outer loop
  vertex 43.37451 16.565332 86.66666
  vertex 43.37451 16.565332 130
  vertex 44.082 14.188912 86.66666
 endloop
endfacet
facet normal 0.9315924 0.36350444 -0
 outer loop
  vertex 43.37451 16.565332 130
  vertex 43.37451 16.565332 86.66666
  vertex 42.473206 18.875208 130
 endloop
endfacet
facet normal 0.9315924 0.36350444 0
 outer loop
  vertex 42.473206 18.875208 86.66666
  vertex 42.473206 18.875208 130
  vertex 43.37451 16.565332 86.66666
 endloop
endfacet
facet normal 0.8983915 0.43919557 -0
 outer loop
  vertex 42.473206 18.875208 130
  vertex 42.473206 18.875208 86.66666
  vertex 41.384216 21.102777 130
 endloop
endfacet
facet normal 0.8983915 0.43919557 0
 outer loop
  vertex 41.384216 21.102777 86.66666
  vertex 41.384216 21.102777 130
  vertex 42.473206 18.875208 86.66666
 endloop
endfacet
facet normal 0.8590523 0.5118879 -0
 outer loop
  vertex 41.384216 21.102777 130
  vertex 41.384216 21.102777 86.66666
  vertex 40.11499 23.232798 130
 endloop
endfacet
facet normal 0.8590523 0.5118879 0
 outer loop
  vertex 40.11499 23.232798 86.66666
  vertex 40.11499 23.232798 130
  vertex 41.384216 21.102777 86.66666
 endloop
endfacet
facet normal 0.8138503 0.58107466 -0
 outer loop
  vertex 40.11499 23.232798 130
  vertex 40.11499 23.232798 86.66666
  vertex 38.674225 25.250727 130
 endloop
endfacet
facet normal 0.8138503 0.58107466 0
 outer loop
  vertex 38.674225 25.250727 86.66666
  vertex 38.674225 25.250727 130
  vertex 40.11499 23.232798 86.66666
 endloop
endfacet
facet normal 0.76308346 0.64629996 -0
 outer loop
  vertex 38.674225 25.250727 130
  vertex 38.674225 25.250727 86.66666
  vertex 37.071716 27.142801 130
 endloop
endfacet
facet normal 0.76308346 0.64629996 0
 outer loop
  vertex 37.071716 27.142801 86.66666
  vertex 37.071716 27.142801 130
  vertex 38.674225 25.250727 86.66666
 endloop
endfacet
facet normal 0.7071068 0.7071068 0
 outer loop
  vertex 37.071716 27.142801 86.66666
  vertex 35.31845 28.896067 130
  vertex 37.071716 27.142801 130
 endloop
endfacet
facet normal 0.7071068 0.7071068 0
 outer loop
  vertex 35.31845 28.896067 130
  vertex 37.071716 27.142801 86.66666
  vertex 35.31845 28.896067 86.66666
 endloop
endfacet
facet normal 0.64629936 0.7630839 0
 outer loop
  vertex 35.31845 28.896067 86.66666
  vertex 33.42639 30.49856 130
  vertex 35.31845 28.896067 130
 endloop
endfacet
facet normal 0.64629936 0.7630839 0
 outer loop
  vertex 33.42639 30.49856 130
  vertex 35.31845 28.896067 86.66666
  vertex 33.42639 30.49856 86.66666
 endloop
endfacet
facet normal 0.5810758 0.8138495 0
 outer loop
  vertex 33.42639 30.49856 86.66666
  vertex 31.408447 31.93934 130
  vertex 33.42639 30.49856 130
 endloop
endfacet
facet normal 0.5810758 0.8138495 0
 outer loop
  vertex 31.408447 31.93934 130
  vertex 33.42639 30.49856 86.66666
  vertex 31.408447 31.93934 86.66666
 endloop
endfacet
facet normal 0.51188457 0.8590542 0
 outer loop
  vertex 31.408447 31.93934 86.66666
  vertex 29.278412 33.208565 130
  vertex 31.408447 31.93934 130
 endloop
endfacet
facet normal 0.51188457 0.8590542 0
 outer loop
  vertex 29.278412 33.208565 130
  vertex 31.408447 31.93934 86.66666
  vertex 29.278412 33.208565 86.66666
 endloop
endfacet
facet normal 0.43920043 0.89838916 0
 outer loop
  vertex 29.278412 33.208565 86.66666
  vertex 27.050873 34.297554 130
  vertex 29.278412 33.208565 130
 endloop
endfacet
facet normal 0.43920043 0.89838916 0
 outer loop
  vertex 27.050873 34.297554 130
  vertex 29.278412 33.208565 86.66666
  vertex 27.050873 34.297554 86.66666
 endloop
endfacet
facet normal 0.36350235 0.93159324 0
 outer loop
  vertex 27.050873 34.297554 86.66666
  vertex 24.740982 35.19886 130
  vertex 27.050873 34.297554 130
 endloop
endfacet
facet normal 0.36350235 0.93159324 0
 outer loop
  vertex 24.740982 35.19886 130
  vertex 27.050873 34.297554 86.66666
  vertex 24.740982 35.19886 86.66666
 endloop
endfacet
facet normal 0.28533563 0.95842767 0
 outer loop
  vertex 24.740982 35.19886 86.66666
  vertex 22.364563 35.90635 130
  vertex 24.740982 35.19886 130
 endloop
endfacet
facet normal 0.28533563 0.95842767 0
 outer loop
  vertex 22.364563 35.90635 130
  vertex 24.740982 35.19886 86.66666
  vertex 22.364563 35.90635 86.66666
 endloop
endfacet
facet normal 0.20521675 0.9787166 0
 outer loop
  vertex 22.364563 35.90635 86.66666
  vertex 19.937836 36.415184 130
  vertex 22.364563 35.90635 130
 endloop
endfacet
facet normal 0.20521675 0.9787166 0
 outer loop
  vertex 19.937836 36.415184 130
  vertex 22.364563 35.90635 86.66666
  vertex 19.937836 36.415184 86.66666
 endloop
endfacet
facet normal 0.1236954 0.99232024 0
 outer loop
  vertex 19.937836 36.415184 86.66666
  vertex 17.477386 36.721886 130
  vertex 19.937836 36.415184 130
 endloop
endfacet
facet normal 0.1236954 0.99232024 0
 outer loop
  vertex 17.477386 36.721886 130
  vertex 19.937836 36.415184 86.66666
  vertex 17.477386 36.721886 86.66666
 endloop
endfacet
facet normal 0.041323874 0.9991458 0
 outer loop
  vertex 17.477386 36.721886 86.66666
  vertex 14.999999 36.82435 130
  vertex 17.477386 36.721886 130
 endloop
endfacet
facet normal 0.041323874 0.99914587 0
 outer loop
  vertex 17.477386 36.721886 43.33332
  vertex 14.999999 36.82435 130
  vertex 17.477386 36.721886 86.66666
 endloop
endfacet
facet normal 0.041323874 0.9991458 0
 outer loop
  vertex 14.999999 36.82435 130
  vertex 17.477386 36.721886 43.33332
  vertex 14.999999 36.82435 -1.1444092e-05
 endloop
endfacet
facet normal 0.04132387 0.9991458 -0
 outer loop
  vertex 14.999999 36.82435 -1.1444092e-05
  vertex 17.477386 36.721886 43.33332
  vertex 17.477386 36.721886 -1.1444092e-05
 endloop
endfacet
facet normal 0.12369541 0.99232024 0
 outer loop
  vertex 17.477386 36.721886 43.33332
  vertex 19.937836 36.415184 -1.1444092e-05
  vertex 17.477386 36.721886 -1.1444092e-05
 endloop
endfacet
facet normal 0.12369541 0.99232024 0
 outer loop
  vertex 19.937836 36.415184 -1.1444092e-05
  vertex 17.477386 36.721886 43.33332
  vertex 19.937836 36.415184 43.33332
 endloop
endfacet
facet normal 0.20521675 0.97871655 0
 outer loop
  vertex 19.937836 36.415184 43.33332
  vertex 22.364563 35.90635 -1.1444092e-05
  vertex 19.937836 36.415184 -1.1444092e-05
 endloop
endfacet
facet normal 0.20521675 0.97871655 0
 outer loop
  vertex 22.364563 35.90635 -1.1444092e-05
  vertex 19.937836 36.415184 43.33332
  vertex 22.364563 35.90635 43.33332
 endloop
endfacet
facet normal 0.28533563 0.95842767 0
 outer loop
  vertex 22.364563 35.90635 43.33332
  vertex 24.740982 35.19886 -1.1444092e-05
  vertex 22.364563 35.90635 -1.1444092e-05
 endloop
endfacet
facet normal 0.28533563 0.95842767 0
 outer loop
  vertex 24.740982 35.19886 -1.1444092e-05
  vertex 22.364563 35.90635 43.33332
  vertex 24.740982 35.19886 43.33332
 endloop
endfacet
facet normal 0.36350238 0.9315933 0
 outer loop
  vertex 24.740982 35.19886 43.33332
  vertex 27.050873 34.297554 -1.1444092e-05
  vertex 24.740982 35.19886 -1.1444092e-05
 endloop
endfacet
facet normal 0.36350238 0.9315933 0
 outer loop
  vertex 27.050873 34.297554 -1.1444092e-05
  vertex 24.740982 35.19886 43.33332
  vertex 27.050873 34.297554 43.33332
 endloop
endfacet
facet normal 0.4392004 0.8983891 0
 outer loop
  vertex 27.050873 34.297554 43.33332
  vertex 29.278412 33.208565 -1.1444092e-05
  vertex 27.050873 34.297554 -1.1444092e-05
 endloop
endfacet
facet normal 0.4392004 0.8983891 0
 outer loop
  vertex 29.278412 33.208565 -1.1444092e-05
  vertex 27.050873 34.297554 43.33332
  vertex 29.278412 33.208565 43.33332
 endloop
endfacet
facet normal 0.5118846 0.8590542 0
 outer loop
  vertex 29.278412 33.208565 43.33332
  vertex 31.408447 31.93934 -1.1444092e-05
  vertex 29.278412 33.208565 -1.1444092e-05
 endloop
endfacet
facet normal 0.5118846 0.8590542 0
 outer loop
  vertex 31.408447 31.93934 -1.1444092e-05
  vertex 29.278412 33.208565 43.33332
  vertex 31.408447 31.93934 43.33332
 endloop
endfacet
facet normal 0.5810758 0.8138495 0
 outer loop
  vertex 31.408447 31.93934 43.33332
  vertex 33.42639 30.49856 -1.1444092e-05
  vertex 31.408447 31.93934 -1.1444092e-05
 endloop
endfacet
facet normal 0.5810758 0.8138495 0
 outer loop
  vertex 33.42639 30.49856 -1.1444092e-05
  vertex 31.408447 31.93934 43.33332
  vertex 33.42639 30.49856 43.33332
 endloop
endfacet
facet normal 0.6462994 0.7630839 0
 outer loop
  vertex 33.42639 30.49856 43.33332
  vertex 35.31845 28.896067 -1.1444092e-05
  vertex 33.42639 30.49856 -1.1444092e-05
 endloop
endfacet
facet normal 0.6462994 0.7630839 0
 outer loop
  vertex 35.31845 28.896067 -1.1444092e-05
  vertex 33.42639 30.49856 43.33332
  vertex 35.31845 28.896067 43.33332
 endloop
endfacet
facet normal 0.70710677 0.70710677 0
 outer loop
  vertex 35.31845 28.896067 43.33332
  vertex 37.071716 27.142801 -1.1444092e-05
  vertex 35.31845 28.896067 -1.1444092e-05
 endloop
endfacet
facet normal 0.70710677 0.70710677 0
 outer loop
  vertex 37.071716 27.142801 -1.1444092e-05
  vertex 35.31845 28.896067 43.33332
  vertex 37.071716 27.142801 43.33332
 endloop
endfacet
facet normal 0.76308346 0.64629996 0
 outer loop
  vertex 37.071716 27.142801 -1.1444092e-05
  vertex 37.071716 27.142801 43.33332
  vertex 38.674225 25.250727 -1.1444092e-05
 endloop
endfacet
facet normal 0.76308346 0.64629996 -0
 outer loop
  vertex 38.674225 25.250727 43.33332
  vertex 38.674225 25.250727 -1.1444092e-05
  vertex 37.071716 27.142801 43.33332
 endloop
endfacet
facet normal 0.8138503 0.5810746 0
 outer loop
  vertex 38.674225 25.250727 -1.1444092e-05
  vertex 38.674225 25.250727 43.33332
  vertex 40.11499 23.232798 -1.1444092e-05
 endloop
endfacet
facet normal 0.8138503 0.5810746 -0
 outer loop
  vertex 40.11499 23.232798 43.33332
  vertex 40.11499 23.232798 -1.1444092e-05
  vertex 38.674225 25.250727 43.33332
 endloop
endfacet
facet normal 0.8590523 0.5118879 0
 outer loop
  vertex 40.11499 23.232798 -1.1444092e-05
  vertex 40.11499 23.232798 43.33332
  vertex 41.384216 21.102777 -1.1444092e-05
 endloop
endfacet
facet normal 0.8590523 0.5118879 -0
 outer loop
  vertex 41.384216 21.102777 43.33332
  vertex 41.384216 21.102777 -1.1444092e-05
  vertex 40.11499 23.232798 43.33332
 endloop
endfacet
facet normal 0.8983915 0.43919554 0
 outer loop
  vertex 41.384216 21.102777 -1.1444092e-05
  vertex 41.384216 21.102777 43.33332
  vertex 42.473206 18.875208 -1.1444092e-05
 endloop
endfacet
facet normal 0.8983915 0.43919554 -0
 outer loop
  vertex 42.473206 18.875208 43.33332
  vertex 42.473206 18.875208 -1.1444092e-05
  vertex 41.384216 21.102777 43.33332
 endloop
endfacet
facet normal 0.93159246 0.36350444 0
 outer loop
  vertex 42.473206 18.875208 -1.1444092e-05
  vertex 42.473206 18.875208 43.33332
  vertex 43.37451 16.565332 -1.1444092e-05
 endloop
endfacet
facet normal 0.93159246 0.36350444 -0
 outer loop
  vertex 43.37451 16.565332 43.33332
  vertex 43.37451 16.565332 -1.1444092e-05
  vertex 42.473206 18.875208 43.33332
 endloop
endfacet
facet normal 0.95842767 0.28533554 0
 outer loop
  vertex 43.37451 16.565332 -1.1444092e-05
  vertex 43.37451 16.565332 43.33332
  vertex 44.082 14.188912 -1.1444092e-05
 endloop
endfacet
facet normal 0.95842767 0.28533554 -0
 outer loop
  vertex 44.082 14.188912 43.33332
  vertex 44.082 14.188912 -1.1444092e-05
  vertex 43.37451 16.565332 43.33332
 endloop
endfacet
facet normal 0.97871655 0.20521675 0
 outer loop
  vertex 44.082 14.188912 -1.1444092e-05
  vertex 44.082 14.188912 43.33332
  vertex 44.590836 11.762185 -1.1444092e-05
 endloop
endfacet
facet normal 0.97871655 0.20521675 -0
 outer loop
  vertex 44.590836 11.762185 43.33332
  vertex 44.590836 11.762185 -1.1444092e-05
  vertex 44.082 14.188912 43.33332
 endloop
endfacet
facet normal 0.99232024 0.12369541 0
 outer loop
  vertex 44.590836 11.762185 -1.1444092e-05
  vertex 44.590836 11.762185 43.33332
  vertex 44.897537 9.301736 -1.1444092e-05
 endloop
endfacet
facet normal 0.99232024 0.12369541 -0
 outer loop
  vertex 44.897537 9.301736 43.33332
  vertex 44.897537 9.301736 -1.1444092e-05
  vertex 44.590836 11.762185 43.33332
 endloop
endfacet
facet normal 0.99232024 0.12369541 -0
 outer loop
  vertex 44.897537 9.301736 86.66666
  vertex 44.897537 9.301736 43.33332
  vertex 44.590836 11.762185 86.66666
 endloop
endfacet
facet normal 0.99232024 0.12369541 0
 outer loop
  vertex 44.590836 11.762185 43.33332
  vertex 44.590836 11.762185 86.66666
  vertex 44.897537 9.301736 43.33332
 endloop
endfacet
facet normal 0.97871655 0.20521675 -0
 outer loop
  vertex 44.590836 11.762185 86.66666
  vertex 44.590836 11.762185 43.33332
  vertex 44.082 14.188912 86.66666
 endloop
endfacet
facet normal 0.97871655 0.20521675 0
 outer loop
  vertex 44.082 14.188912 43.33332
  vertex 44.082 14.188912 86.66666
  vertex 44.590836 11.762185 43.33332
 endloop
endfacet
facet normal 0.95842767 0.2853355 -0
 outer loop
  vertex 44.082 14.188912 86.66666
  vertex 44.082 14.188912 43.33332
  vertex 43.37451 16.565332 86.66666
 endloop
endfacet
facet normal 0.95842767 0.2853355 0
 outer loop
  vertex 43.37451 16.565332 43.33332
  vertex 43.37451 16.565332 86.66666
  vertex 44.082 14.188912 43.33332
 endloop
endfacet
facet normal 0.93159246 0.36350444 -0
 outer loop
  vertex 43.37451 16.565332 86.66666
  vertex 43.37451 16.565332 43.33332
  vertex 42.473206 18.875208 86.66666
 endloop
endfacet
facet normal 0.93159246 0.36350444 0
 outer loop
  vertex 42.473206 18.875208 43.33332
  vertex 42.473206 18.875208 86.66666
  vertex 43.37451 16.565332 43.33332
 endloop
endfacet
facet normal 0.8983915 0.43919554 -0
 outer loop
  vertex 42.473206 18.875208 86.66666
  vertex 42.473206 18.875208 43.33332
  vertex 41.384216 21.102777 86.66666
 endloop
endfacet
facet normal 0.8983915 0.43919554 0
 outer loop
  vertex 41.384216 21.102777 43.33332
  vertex 41.384216 21.102777 86.66666
  vertex 42.473206 18.875208 43.33332
 endloop
endfacet
facet normal 0.85905224 0.5118879 -0
 outer loop
  vertex 41.384216 21.102777 86.66666
  vertex 41.384216 21.102777 43.33332
  vertex 40.11499 23.232798 86.66666
 endloop
endfacet
facet normal 0.85905224 0.5118879 0
 outer loop
  vertex 40.11499 23.232798 43.33332
  vertex 40.11499 23.232798 86.66666
  vertex 41.384216 21.102777 43.33332
 endloop
endfacet
facet normal 0.8138503 0.5810746 -0
 outer loop
  vertex 40.11499 23.232798 86.66666
  vertex 40.11499 23.232798 43.33332
  vertex 38.674225 25.250727 86.66666
 endloop
endfacet
facet normal 0.8138503 0.5810746 0
 outer loop
  vertex 38.674225 25.250727 43.33332
  vertex 38.674225 25.250727 86.66666
  vertex 40.11499 23.232798 43.33332
 endloop
endfacet
facet normal 0.76308346 0.64629996 -0
 outer loop
  vertex 38.674225 25.250727 86.66666
  vertex 38.674225 25.250727 43.33332
  vertex 37.071716 27.142801 86.66666
 endloop
endfacet
facet normal 0.76308346 0.64629996 0
 outer loop
  vertex 37.071716 27.142801 43.33332
  vertex 37.071716 27.142801 86.66666
  vertex 38.674225 25.250727 43.33332
 endloop
endfacet
facet normal 0.70710677 0.70710677 0
 outer loop
  vertex 37.071716 27.142801 43.33332
  vertex 35.31845 28.896067 86.66666
  vertex 37.071716 27.142801 86.66666
 endloop
endfacet
facet normal 0.70710677 0.70710677 0
 outer loop
  vertex 35.31845 28.896067 86.66666
  vertex 37.071716 27.142801 43.33332
  vertex 35.31845 28.896067 43.33332
 endloop
endfacet
facet normal 0.6462995 0.76308393 0
 outer loop
  vertex 35.31845 28.896067 43.33332
  vertex 33.42639 30.49856 86.66666
  vertex 35.31845 28.896067 86.66666
 endloop
endfacet
facet normal 0.6462995 0.76308393 0
 outer loop
  vertex 33.42639 30.49856 86.66666
  vertex 35.31845 28.896067 43.33332
  vertex 33.42639 30.49856 43.33332
 endloop
endfacet
facet normal 0.5810757 0.81384945 0
 outer loop
  vertex 33.42639 30.49856 43.33332
  vertex 31.408447 31.93934 86.66666
  vertex 33.42639 30.49856 86.66666
 endloop
endfacet
facet normal 0.5810757 0.81384945 0
 outer loop
  vertex 31.408447 31.93934 86.66666
  vertex 33.42639 30.49856 43.33332
  vertex 31.408447 31.93934 43.33332
 endloop
endfacet
facet normal 0.5118846 0.8590542 0
 outer loop
  vertex 31.408447 31.93934 43.33332
  vertex 29.278412 33.208565 86.66666
  vertex 31.408447 31.93934 86.66666
 endloop
endfacet
facet normal 0.5118846 0.8590542 0
 outer loop
  vertex 29.278412 33.208565 86.66666
  vertex 31.408447 31.93934 43.33332
  vertex 29.278412 33.208565 43.33332
 endloop
endfacet
facet normal 0.43920043 0.8983891 0
 outer loop
  vertex 29.278412 33.208565 43.33332
  vertex 27.050873 34.297554 86.66666
  vertex 29.278412 33.208565 86.66666
 endloop
endfacet
facet normal 0.43920043 0.8983891 0
 outer loop
  vertex 27.050873 34.297554 86.66666
  vertex 29.278412 33.208565 43.33332
  vertex 27.050873 34.297554 43.33332
 endloop
endfacet
facet normal 0.36350238 0.9315933 0
 outer loop
  vertex 27.050873 34.297554 43.33332
  vertex 24.740982 35.19886 86.66666
  vertex 27.050873 34.297554 86.66666
 endloop
endfacet
facet normal 0.36350238 0.9315933 0
 outer loop
  vertex 24.740982 35.19886 86.66666
  vertex 27.050873 34.297554 43.33332
  vertex 24.740982 35.19886 43.33332
 endloop
endfacet
facet normal 0.28533563 0.95842767 0
 outer loop
  vertex 24.740982 35.19886 43.33332
  vertex 22.364563 35.90635 86.66666
  vertex 24.740982 35.19886 86.66666
 endloop
endfacet
facet normal 0.28533563 0.95842767 0
 outer loop
  vertex 22.364563 35.90635 86.66666
  vertex 24.740982 35.19886 43.33332
  vertex 22.364563 35.90635 43.33332
 endloop
endfacet
facet normal 0.20521675 0.97871655 0
 outer loop
  vertex 22.364563 35.90635 43.33332
  vertex 19.937836 36.415184 86.66666
  vertex 22.364563 35.90635 86.66666
 endloop
endfacet
facet normal 0.20521675 0.97871655 0
 outer loop
  vertex 19.937836 36.415184 86.66666
  vertex 22.364563 35.90635 43.33332
  vertex 19.937836 36.415184 43.33332
 endloop
endfacet
facet normal 0.12369541 0.99232024 0
 outer loop
  vertex 19.937836 36.415184 43.33332
  vertex 17.477386 36.721886 86.66666
  vertex 19.937836 36.415184 86.66666
 endloop
endfacet
facet normal 0.12369541 0.99232024 0
 outer loop
  vertex 17.477386 36.721886 86.66666
  vertex 19.937836 36.415184 43.33332
  vertex 17.477386 36.721886 43.33332
 endloop
endfacet
facet normal 0 0 1
 outer loop
  vertex -40 -23.17565 130
  vertex -35 -28.17565 130
  vertex -35 -23.17565 130
 endloop
endfacet
facet normal 0 -0 1
 outer loop
  vertex -40 -23.17565 130
  vertex -45 -28.17565 130
  vertex -35 -28.17565 130
 endloop
endfacet
facet normal 0 -0 1
 outer loop
  vertex -45 6.8243494 130
  vertex -45 -28.17565 130
  vertex -40 -23.17565 130
 endloop
endfacet
facet normal 0 0 1
 outer loop
  vertex -45 6.8243494 130
  vertex -40 -23.17565 130
  vertex -40 6.8243494 130
 endloop
endfacet
facet normal 0 -0 1
 outer loop
  vertex -44.897537 9.301736 130
  vertex -45 6.8243494 130
  vertex -40 6.8243494 130
 endloop
endfacet
facet normal 0 0 1
 outer loop
  vertex -40 6.8243494 130
  vertex -39.893356 9.131051 130
  vertex -44.897537 9.301736 130
 endloop
endfacet
facet normal 0 -0 1
 outer loop
  vertex -44.590836 11.762185 130
  vertex -44.897537 9.301736 130
  vertex -39.893356 9.131051 130
 endloop
endfacet
facet normal 0 0 1
 outer loop
  vertex -39.893356 9.131051 130
  vertex -39.574326 11.418084 130
  vertex -44.590836 11.762185 130
 endloop
endfacet
facet normal 0 -0 1
 outer loop
  vertex -44.08201 14.188912 130
  vertex -44.590836 11.762185 130
  vertex -39.574326 11.418084 130
 endloop
endfacet
facet normal 0 0 1
 outer loop
  vertex -39.574326 11.418084 130
  vertex -39.04564 13.665933 130
  vertex -44.08201 14.188912 130
 endloop
endfacet
facet normal 0 -0 1
 outer loop
  vertex -43.37451 16.565332 130
  vertex -44.08201 14.188912 130
  vertex -39.04564 13.665933 130
 endloop
endfacet
facet normal 0 0 1
 outer loop
  vertex -39.04564 13.665933 130
  vertex -38.3118 15.855386 130
  vertex -43.37451 16.565332 130
 endloop
endfacet
facet normal 0 -0 1
 outer loop
  vertex -42.473198 18.875208 130
  vertex -43.37451 16.565332 130
  vertex -38.3118 15.855386 130
 endloop
endfacet
facet normal 0 0 1
 outer loop
  vertex -38.3118 15.855386 130
  vertex -37.37909 17.967813 130
  vertex -42.473198 18.875208 130
 endloop
endfacet
facet normal 0 -0 1
 outer loop
  vertex -41.384216 21.102777 130
  vertex -42.473198 18.875208 130
  vertex -37.37909 17.967813 130
 endloop
endfacet
facet normal 0 0 1
 outer loop
  vertex -37.37909 17.967813 130
  vertex -36.255432 19.985147 130
  vertex -41.384216 21.102777 130
 endloop
endfacet
facet normal 0 -0 1
 outer loop
  vertex -40.11499 23.232798 130
  vertex -41.384216 21.102777 130
  vertex -36.255432 19.985147 130
 endloop
endfacet
facet normal 0 0 1
 outer loop
  vertex -40.11499 23.232798 130
  vertex -36.255432 19.985147 130
  vertex -34.95044 21.890207 130
 endloop
endfacet
facet normal 0 -0 1
 outer loop
  vertex -38.674225 25.250727 130
  vertex -40.11499 23.232798 130
  vertex -34.95044 21.890207 130
 endloop
endfacet
facet normal 0 0 1
 outer loop
  vertex -34.95044 21.890207 130
  vertex -33.47522 23.666742 130
  vertex -38.674225 25.250727 130
 endloop
endfacet
facet normal 0 -0 1
 outer loop
  vertex -37.071716 27.142801 130
  vertex -38.674225 25.250727 130
  vertex -33.47522 23.666742 130
 endloop
endfacet
facet normal 0 0 1
 outer loop
  vertex -33.47522 23.666742 130
  vertex -31.842392 25.29957 130
  vertex -37.071716 27.142801 130
 endloop
endfacet
facet normal 0 -0 1
 outer loop
  vertex -35.31845 28.896067 130
  vertex -37.071716 27.142801 130
  vertex -31.842392 25.29957 130
 endloop
endfacet
facet normal 0 0 1
 outer loop
  vertex -31.842392 25.29957 130
  vertex -30.065857 26.77479 130
  vertex -35.31845 28.896067 130
 endloop
endfacet
facet normal -0 0 1
 outer loop
  vertex -30.065857 26.77479 130
  vertex -33.426376 30.49856 130
  vertex -35.31845 28.896067 130
 endloop
endfacet
facet normal 0 0 1
 outer loop
  vertex -30.065857 26.77479 130
  vertex -28.160797 28.079782 130
  vertex -33.426376 30.49856 130
 endloop
endfacet
facet normal -0 0 1
 outer loop
  vertex -28.160797 28.079782 130
  vertex -31.408447 31.93934 130
  vertex -33.426376 30.49856 130
 endloop
endfacet
facet normal 0 0 1
 outer loop
  vertex -31.408447 31.93934 130
  vertex -28.160797 28.079782 130
  vertex -26.143463 29.20344 130
 endloop
endfacet
facet normal 0 -0 1
 outer loop
  vertex -29.278427 33.208565 130
  vertex -31.408447 31.93934 130
  vertex -26.143463 29.20344 130
 endloop
endfacet
facet normal 0 0 1
 outer loop
  vertex -26.143463 29.20344 130
  vertex -24.031036 30.136148 130
  vertex -29.278427 33.208565 130
 endloop
endfacet
facet normal 0 -0 1
 outer loop
  vertex -27.050858 34.297554 130
  vertex -29.278427 33.208565 130
  vertex -24.031036 30.136148 130
 endloop
endfacet
facet normal -0 0 1
 outer loop
  vertex -24.031036 30.136148 130
  vertex -24.740982 35.19886 130
  vertex -27.050858 34.297554 130
 endloop
endfacet
facet normal 0 0 1
 outer loop
  vertex -24.031036 30.136148 130
  vertex -21.841583 30.86999 130
  vertex -24.740982 35.19886 130
 endloop
endfacet
facet normal -0 0 1
 outer loop
  vertex -21.841583 30.86999 130
  vertex -22.364563 35.90635 130
  vertex -24.740982 35.19886 130
 endloop
endfacet
facet normal 0 0 1
 outer loop
  vertex -22.364563 35.90635 130
  vertex -21.841583 30.86999 130
  vertex -19.593735 31.398676 130
 endloop
endfacet
facet normal -0 0 1
 outer loop
  vertex -19.593735 31.398676 130
  vertex -19.937836 36.415184 130
  vertex -22.364563 35.90635 130
 endloop
endfacet
facet normal 0 0 1
 outer loop
  vertex -19.937836 36.415184 130
  vertex -19.593735 31.398676 130
  vertex -17.306702 31.717707 130
 endloop
endfacet
facet normal 0 -0 1
 outer loop
  vertex -17.477386 36.721886 130
  vertex -19.937836 36.415184 130
  vertex -17.306702 31.717707 130
 endloop
endfacet
facet normal 0 0 1
 outer loop
  vertex -17.306702 31.717707 130
  vertex -15.000001 31.82435 130
  vertex -17.477386 36.721886 130
 endloop
endfacet
facet normal -0 0 1
 outer loop
  vertex -15.000001 31.82435 130
  vertex -15.000001 36.82435 130
  vertex -17.477386 36.721886 130
 endloop
endfacet
facet normal 0 -0 1
 outer loop
  vertex -15.000001 36.82435 130
  vertex -15.000001 31.82435 130
  vertex 14.999999 31.82435 130
 endloop
endfacet
facet normal -0 0 1
 outer loop
  vertex 14.999999 31.82435 130
  vertex 14.999999 36.82435 130
  vertex -15.000001 36.82435 130
 endloop
endfacet
facet normal 0 -0 1
 outer loop
  vertex 14.999999 36.82435 130
  vertex 14.999999 31.82435 130
  vertex 17.477386 36.721886 130
 endloop
endfacet
facet normal -0 0 1
 outer loop
  vertex 17.306702 31.717707 130
  vertex 17.477386 36.721886 130
  vertex 14.999999 31.82435 130
 endloop
endfacet
facet normal 0 -0 1
 outer loop
  vertex 17.477386 36.721886 130
  vertex 17.306702 31.717707 130
  vertex 19.937836 36.415184 130
 endloop
endfacet
facet normal 0 0 1
 outer loop
  vertex 17.306702 31.717707 130
  vertex 19.593735 31.398676 130
  vertex 19.937836 36.415184 130
 endloop
endfacet
facet normal -0 0 1
 outer loop
  vertex 22.364563 35.90635 130
  vertex 19.937836 36.415184 130
  vertex 19.593735 31.398676 130
 endloop
endfacet
facet normal -0 0 1
 outer loop
  vertex 21.841583 30.86999 130
  vertex 22.364563 35.90635 130
  vertex 19.593735 31.398676 130
 endloop
endfacet
facet normal -0 0 1
 outer loop
  vertex 24.740982 35.19886 130
  vertex 22.364563 35.90635 130
  vertex 21.841583 30.86999 130
 endloop
endfacet
facet normal -0 0 1
 outer loop
  vertex 24.031036 30.136148 130
  vertex 24.740982 35.19886 130
  vertex 21.841583 30.86999 130
 endloop
endfacet
facet normal 0 -0 1
 outer loop
  vertex 24.740982 35.19886 130
  vertex 24.031036 30.136148 130
  vertex 27.050873 34.297554 130
 endloop
endfacet
facet normal -0 0 1
 outer loop
  vertex 29.278412 33.208565 130
  vertex 27.050873 34.297554 130
  vertex 24.031036 30.136148 130
 endloop
endfacet
facet normal -0 0 1
 outer loop
  vertex 26.143463 29.20344 130
  vertex 29.278412 33.208565 130
  vertex 24.031036 30.136148 130
 endloop
endfacet
facet normal 0 -0 1
 outer loop
  vertex 29.278412 33.208565 130
  vertex 26.143463 29.20344 130
  vertex 31.408447 31.93934 130
 endloop
endfacet
facet normal 0 0 1
 outer loop
  vertex 26.143463 29.20344 130
  vertex 28.160797 28.079782 130
  vertex 31.408447 31.93934 130
 endloop
endfacet
facet normal -0 0 1
 outer loop
  vertex 33.42639 30.49856 130
  vertex 31.408447 31.93934 130
  vertex 28.160797 28.079782 130
 endloop
endfacet
facet normal 0 0 1
 outer loop
  vertex 28.160797 28.079782 130
  vertex 30.065857 26.77479 130
  vertex 33.42639 30.49856 130
 endloop
endfacet
facet normal 0 -0 1
 outer loop
  vertex 33.42639 30.49856 130
  vertex 30.065857 26.77479 130
  vertex 35.31845 28.896067 130
 endloop
endfacet
facet normal 0 0 1
 outer loop
  vertex 30.065857 26.77479 130
  vertex 31.842392 25.29957 130
  vertex 35.31845 28.896067 130
 endloop
endfacet
facet normal -0 0 1
 outer loop
  vertex 37.071716 27.142801 130
  vertex 35.31845 28.896067 130
  vertex 31.842392 25.29957 130
 endloop
endfacet
facet normal 0 0 1
 outer loop
  vertex 31.842392 25.29957 130
  vertex 33.47522 23.666742 130
  vertex 37.071716 27.142801 130
 endloop
endfacet
facet normal -0 0 1
 outer loop
  vertex 38.674225 25.250727 130
  vertex 37.071716 27.142801 130
  vertex 33.47522 23.666742 130
 endloop
endfacet
facet normal 0 0 1
 outer loop
  vertex 33.47522 23.666742 130
  vertex 34.95044 21.890207 130
  vertex 38.674225 25.250727 130
 endloop
endfacet
facet normal -0 0 1
 outer loop
  vertex 40.11499 23.232798 130
  vertex 38.674225 25.250727 130
  vertex 34.95044 21.890207 130
 endloop
endfacet
facet normal -0 0 1
 outer loop
  vertex 36.255432 19.985147 130
  vertex 40.11499 23.232798 130
  vertex 34.95044 21.890207 130
 endloop
endfacet
facet normal -0 0 1
 outer loop
  vertex 41.384216 21.102777 130
  vertex 40.11499 23.232798 130
  vertex 36.255432 19.985147 130
 endloop
endfacet
facet normal 0 0 1
 outer loop
  vertex 36.255432 19.985147 130
  vertex 37.37909 17.967813 130
  vertex 41.384216 21.102777 130
 endloop
endfacet
facet normal -0 0 1
 outer loop
  vertex 42.473206 18.875208 130
  vertex 41.384216 21.102777 130
  vertex 37.37909 17.967813 130
 endloop
endfacet
facet normal 0 0 1
 outer loop
  vertex 37.37909 17.967813 130
  vertex 38.3118 15.855386 130
  vertex 42.473206 18.875208 130
 endloop
endfacet
facet normal -0 0 1
 outer loop
  vertex 43.37451 16.565332 130
  vertex 42.473206 18.875208 130
  vertex 38.3118 15.855386 130
 endloop
endfacet
facet normal 0 0 1
 outer loop
  vertex 38.3118 15.855386 130
  vertex 39.04564 13.665933 130
  vertex 43.37451 16.565332 130
 endloop
endfacet
facet normal -0 0 1
 outer loop
  vertex 44.082 14.188912 130
  vertex 43.37451 16.565332 130
  vertex 39.04564 13.665933 130
 endloop
endfacet
facet normal 0 0 1
 outer loop
  vertex 39.04564 13.665933 130
  vertex 39.574326 11.418084 130
  vertex 44.082 14.188912 130
 endloop
endfacet
facet normal -0 0 1
 outer loop
  vertex 44.590836 11.762185 130
  vertex 44.082 14.188912 130
  vertex 39.574326 11.418084 130
 endloop
endfacet
facet normal 0 0 1
 outer loop
  vertex 39.574326 11.418084 130
  vertex 39.893356 9.131051 130
  vertex 44.590836 11.762185 130
 endloop
endfacet
facet normal -0 0 1
 outer loop
  vertex 44.897537 9.301736 130
  vertex 44.590836 11.762185 130
  vertex 39.893356 9.131051 130
 endloop
endfacet
facet normal -0 0 1
 outer loop
  vertex 40 6.8243494 130
  vertex 44.897537 9.301736 130
  vertex 39.893356 9.131051 130
 endloop
endfacet
facet normal -0 0 1
 outer loop
  vertex 45 6.8243494 130
  vertex 44.897537 9.301736 130
  vertex 40 6.8243494 130
 endloop
endfacet
facet normal 0 -0 1
 outer loop
  vertex 40 6.8243494 130
  vertex 40 -23.17565 130
  vertex 45 6.8243494 130
 endloop
endfacet
facet normal -0 0 1
 outer loop
  vertex 45 -28.17565 130
  vertex 45 6.8243494 130
  vertex 40 -23.17565 130
 endloop
endfacet
facet normal -0 0 1
 outer loop
  vertex 45 -28.17565 130
  vertex 40 -23.17565 130
  vertex 35 -28.17565 130
 endloop
endfacet
facet normal 0 0 1
 outer loop
  vertex 40 -23.17565 130
  vertex 35 -23.17565 130
  vertex 35 -28.17565 130
 endloop
endfacet
facet normal 0 0 -1
 outer loop
  vertex 17.477386 36.721886 -1.1444092e-05
  vertex 19.937836 36.415184 -1.1444092e-05
  vertex 14.999999 36.82435 -1.1444092e-05
 endloop
endfacet
facet normal -0 -0 -1
 outer loop
  vertex 22.364563 35.90635 -1.1444092e-05
  vertex 14.999999 36.82435 -1.1444092e-05
  vertex 19.937836 36.415184 -1.1444092e-05
 endloop
endfacet
facet normal -0 -0 -1
 outer loop
  vertex 24.740982 35.19886 -1.1444092e-05
  vertex 14.999999 36.82435 -1.1444092e-05
  vertex 22.364563 35.90635 -1.1444092e-05
 endloop
endfacet
facet normal -0 -0 -1
 outer loop
  vertex 27.050873 34.297554 -1.1444092e-05
  vertex 14.999999 36.82435 -1.1444092e-05
  vertex 24.740982 35.19886 -1.1444092e-05
 endloop
endfacet
facet normal -0 -0 -1
 outer loop
  vertex 29.278412 33.208565 -1.1444092e-05
  vertex 14.999999 36.82435 -1.1444092e-05
  vertex 27.050873 34.297554 -1.1444092e-05
 endloop
endfacet
facet normal -0 -0 -1
 outer loop
  vertex 31.408447 31.93934 -1.1444092e-05
  vertex 14.999999 36.82435 -1.1444092e-05
  vertex 29.278412 33.208565 -1.1444092e-05
 endloop
endfacet
facet normal -0 -0 -1
 outer loop
  vertex 33.42639 30.49856 -1.1444092e-05
  vertex 14.999999 36.82435 -1.1444092e-05
  vertex 31.408447 31.93934 -1.1444092e-05
 endloop
endfacet
facet normal -0 -0 -1
 outer loop
  vertex 35.31845 28.896067 -1.1444092e-05
  vertex 14.999999 36.82435 -1.1444092e-05
  vertex 33.42639 30.49856 -1.1444092e-05
 endloop
endfacet
facet normal -0 -0 -1
 outer loop
  vertex 37.071716 27.142801 -1.1444092e-05
  vertex 14.999999 36.82435 -1.1444092e-05
  vertex 35.31845 28.896067 -1.1444092e-05
 endloop
endfacet
facet normal -0 -0 -1
 outer loop
  vertex 38.674225 25.250727 -1.1444092e-05
  vertex 14.999999 36.82435 -1.1444092e-05
  vertex 37.071716 27.142801 -1.1444092e-05
 endloop
endfacet
facet normal -0 -0 -1
 outer loop
  vertex 40.11499 23.232798 -1.1444092e-05
  vertex 14.999999 36.82435 -1.1444092e-05
  vertex 38.674225 25.250727 -1.1444092e-05
 endloop
endfacet
facet normal -0 -0 -1
 outer loop
  vertex 41.384216 21.102777 -1.1444092e-05
  vertex 14.999999 36.82435 -1.1444092e-05
  vertex 40.11499 23.232798 -1.1444092e-05
 endloop
endfacet
facet normal -0 -0 -1
 outer loop
  vertex 42.473206 18.875208 -1.1444092e-05
  vertex 14.999999 36.82435 -1.1444092e-05
  vertex 41.384216 21.102777 -1.1444092e-05
 endloop
endfacet
facet normal -0 -0 -1
 outer loop
  vertex 43.37451 16.565332 -1.1444092e-05
  vertex 14.999999 36.82435 -1.1444092e-05
  vertex 42.473206 18.875208 -1.1444092e-05
 endloop
endfacet
facet normal -0 -0 -1
 outer loop
  vertex 44.082 14.188912 -1.1444092e-05
  vertex 14.999999 36.82435 -1.1444092e-05
  vertex 43.37451 16.565332 -1.1444092e-05
 endloop
endfacet
facet normal -0 -0 -1
 outer loop
  vertex 44.590836 11.762185 -1.1444092e-05
  vertex 14.999999 36.82435 -1.1444092e-05
  vertex 44.082 14.188912 -1.1444092e-05
 endloop
endfacet
facet normal -0 -0 -1
 outer loop
  vertex 44.897537 9.301736 -1.1444092e-05
  vertex 14.999999 36.82435 -1.1444092e-05
  vertex 44.590836 11.762185 -1.1444092e-05
 endloop
endfacet
facet normal -0 -0 -1
 outer loop
  vertex 45 6.8243494 -1.1444092e-05
  vertex 14.999999 36.82435 -1.1444092e-05
  vertex 44.897537 9.301736 -1.1444092e-05
 endloop
endfacet
facet normal 0 -0 -1
 outer loop
  vertex 45 -28.17565 -1.1444092e-05
  vertex -45 -28.17565 -1.1444092e-05
  vertex 45 6.8243494 -1.1444092e-05
 endloop
endfacet
facet normal 0 0 -1
 outer loop
  vertex -45 6.8243494 -1.1444092e-05
  vertex 45 6.8243494 -1.1444092e-05
  vertex -45 -28.17565 -1.1444092e-05
 endloop
endfacet
facet normal 0 -0 -1
 outer loop
  vertex 45 6.8243494 -1.1444092e-05
  vertex -45 6.8243494 -1.1444092e-05
  vertex 14.999999 36.82435 -1.1444092e-05
 endloop
endfacet
facet normal 0 0 -1
 outer loop
  vertex -15.000001 36.82435 -1.1444092e-05
  vertex 14.999999 36.82435 -1.1444092e-05
  vertex -45 6.8243494 -1.1444092e-05
 endloop
endfacet
facet normal -0 0 -1
 outer loop
  vertex -44.897537 9.301736 -1.1444092e-05
  vertex -15.000001 36.82435 -1.1444092e-05
  vertex -45 6.8243494 -1.1444092e-05
 endloop
endfacet
facet normal -0 0 -1
 outer loop
  vertex -44.590836 11.762185 -1.1444092e-05
  vertex -15.000001 36.82435 -1.1444092e-05
  vertex -44.897537 9.301736 -1.1444092e-05
 endloop
endfacet
facet normal -0 0 -1
 outer loop
  vertex -44.08201 14.188912 -1.1444092e-05
  vertex -15.000001 36.82435 -1.1444092e-05
  vertex -44.590836 11.762185 -1.1444092e-05
 endloop
endfacet
facet normal -0 0 -1
 outer loop
  vertex -43.37451 16.565332 -1.1444092e-05
  vertex -15.000001 36.82435 -1.1444092e-05
  vertex -44.08201 14.188912 -1.1444092e-05
 endloop
endfacet
facet normal -0 0 -1
 outer loop
  vertex -42.473198 18.875208 -1.1444092e-05
  vertex -15.000001 36.82435 -1.1444092e-05
  vertex -43.37451 16.565332 -1.1444092e-05
 endloop
endfacet
facet normal -0 0 -1
 outer loop
  vertex -41.384216 21.102777 -1.1444092e-05
  vertex -15.000001 36.82435 -1.1444092e-05
  vertex -42.473198 18.875208 -1.1444092e-05
 endloop
endfacet
facet normal -0 0 -1
 outer loop
  vertex -40.11499 23.232798 -1.1444092e-05
  vertex -15.000001 36.82435 -1.1444092e-05
  vertex -41.384216 21.102777 -1.1444092e-05
 endloop
endfacet
facet normal -0 0 -1
 outer loop
  vertex -38.674225 25.250727 -1.1444092e-05
  vertex -15.000001 36.82435 -1.1444092e-05
  vertex -40.11499 23.232798 -1.1444092e-05
 endloop
endfacet
facet normal -0 0 -1
 outer loop
  vertex -37.071716 27.142801 -1.1444092e-05
  vertex -15.000001 36.82435 -1.1444092e-05
  vertex -38.674225 25.250727 -1.1444092e-05
 endloop
endfacet
facet normal -0 0 -1
 outer loop
  vertex -35.31845 28.896067 -1.1444092e-05
  vertex -15.000001 36.82435 -1.1444092e-05
  vertex -37.071716 27.142801 -1.1444092e-05
 endloop
endfacet
facet normal -0 0 -1
 outer loop
  vertex -33.426376 30.49856 -1.1444092e-05
  vertex -15.000001 36.82435 -1.1444092e-05
  vertex -35.31845 28.896067 -1.1444092e-05
 endloop
endfacet
facet normal -0 0 -1
 outer loop
  vertex -31.408447 31.93934 -1.1444092e-05
  vertex -15.000001 36.82435 -1.1444092e-05
  vertex -33.426376 30.49856 -1.1444092e-05
 endloop
endfacet
facet normal -0 0 -1
 outer loop
  vertex -29.278427 33.208565 -1.1444092e-05
  vertex -15.000001 36.82435 -1.1444092e-05
  vertex -31.408447 31.93934 -1.1444092e-05
 endloop
endfacet
facet normal -0 0 -1
 outer loop
  vertex -27.050858 34.297554 -1.1444092e-05
  vertex -15.000001 36.82435 -1.1444092e-05
  vertex -29.278427 33.208565 -1.1444092e-05
 endloop
endfacet
facet normal -0 0 -1
 outer loop
  vertex -24.740982 35.19886 -1.1444092e-05
  vertex -15.000001 36.82435 -1.1444092e-05
  vertex -27.050858 34.297554 -1.1444092e-05
 endloop
endfacet
facet normal -0 0 -1
 outer loop
  vertex -22.364563 35.90635 -1.1444092e-05
  vertex -15.000001 36.82435 -1.1444092e-05
  vertex -24.740982 35.19886 -1.1444092e-05
 endloop
endfacet
facet normal 0 -0 -1
 outer loop
  vertex -15.000001 36.82435 -1.1444092e-05
  vertex -22.364563 35.90635 -1.1444092e-05
  vertex -19.937836 36.415184 -1.1444092e-05
 endloop
endfacet
facet normal -0 0 -1
 outer loop
  vertex -17.477386 36.721886 -1.1444092e-05
  vertex -15.000001 36.82435 -1.1444092e-05
  vertex -19.937836 36.415184 -1.1444092e-05
 endloop
endfacet
facet normal -0.09801262 -0 -0.9951852
 outer loop
  vertex 25 -28.17565 5.562332
  vertex 25 -26.4 5.562332
  vertex 25.30239 -26.4 5.532551
 endloop
endfacet
facet normal -0.09801262 0 -0.9951852
 outer loop
  vertex 25 -28.17565 5.562332
  vertex 25.30239 -26.4 5.532551
  vertex 25.30239 -28.17565 5.532551
 endloop
endfacet
facet normal -0.29028296 -0 -0.95694077
 outer loop
  vertex 25.30239 -28.17565 5.532551
  vertex 25.30239 -26.4 5.532551
  vertex 25.593159 -26.4 5.4443474
 endloop
endfacet
facet normal -0.29028296 0 -0.95694077
 outer loop
  vertex 25.30239 -28.17565 5.532551
  vertex 25.593159 -26.4 5.4443474
  vertex 25.593159 -28.17565 5.4443474
 endloop
endfacet
facet normal -0.47140318 -0 -0.8819178
 outer loop
  vertex 25.593159 -28.17565 5.4443474
  vertex 25.593159 -26.4 5.4443474
  vertex 25.861134 -26.4 5.3011093
 endloop
endfacet
facet normal -0.47140318 0 -0.8819178
 outer loop
  vertex 25.593159 -28.17565 5.4443474
  vertex 25.861134 -26.4 5.3011093
  vertex 25.861134 -28.17565 5.3011093
 endloop
endfacet
facet normal -0.6343884 -0 -0.7730145
 outer loop
  vertex 25.861134 -28.17565 5.3011093
  vertex 25.861134 -26.4 5.3011093
  vertex 26.096016 -26.4 5.108349
 endloop
endfacet
facet normal -0.6343884 0 -0.7730145
 outer loop
  vertex 25.861134 -28.17565 5.3011093
  vertex 26.096016 -26.4 5.108349
  vertex 26.096016 -28.17565 5.108349
 endloop
endfacet
facet normal -0.7730114 -0 -0.6343921
 outer loop
  vertex 26.096016 -28.17565 5.108349
  vertex 26.096016 -26.4 5.108349
  vertex 26.288778 -26.4 4.8734665
 endloop
endfacet
facet normal -0.7730114 0 -0.6343921
 outer loop
  vertex 26.096016 -28.17565 5.108349
  vertex 26.288778 -26.4 4.8734665
  vertex 26.288778 -28.17565 4.8734665
 endloop
endfacet
facet normal -0.881923 -0 -0.47139347
 outer loop
  vertex 26.288778 -28.17565 4.8734665
  vertex 26.288778 -26.4 4.8734665
  vertex 26.432013 -26.4 4.6054916
 endloop
endfacet
facet normal -0.881923 0 -0.47139347
 outer loop
  vertex 26.288778 -28.17565 4.8734665
  vertex 26.432013 -26.4 4.6054916
  vertex 26.432013 -28.17565 4.6054916
 endloop
endfacet
facet normal -0.95693755 -0 -0.29029366
 outer loop
  vertex 26.516884 -28.17565 4.325718
  vertex 26.432013 -28.17565 4.6054916
  vertex 26.432013 -26.4 4.6054916
 endloop
endfacet
facet normal -0.9569386 0 -0.2902905
 outer loop
  vertex 26.432013 -26.4 4.6054916
  vertex 26.520218 -26.4 4.314724
  vertex 26.520218 -28.17565 4.314724
 endloop
endfacet
facet normal -0.95696294 -1.43669085e-05 -0.29021013
 outer loop
  vertex 26.432013 -26.4 4.6054916
  vertex 26.520218 -28.17565 4.314724
  vertex 26.516884 -28.17565 4.325718
 endloop
endfacet
facet normal -0.99518526 -0 -0.09801155
 outer loop
  vertex 26.542597 -28.17565 4.087494
  vertex 26.520218 -28.17565 4.314724
  vertex 26.520218 -26.4 4.314724
 endloop
endfacet
facet normal -0.99518526 0 -0.098012
 outer loop
  vertex 26.520218 -26.4 4.314724
  vertex 26.55 -26.4 4.012333
  vertex 26.55 -28.17565 4.012333
 endloop
endfacet
facet normal -0.99518514 2.2917548e-07 -0.098013334
 outer loop
  vertex 26.520218 -26.4 4.314724
  vertex 26.55 -28.17565 4.012333
  vertex 26.542597 -28.17565 4.087494
 endloop
endfacet
facet normal -0.99518526 0 0.098012
 outer loop
  vertex 26.55 -28.17565 4.012333
  vertex 26.55 -26.4 4.012333
  vertex 26.520218 -26.4 3.7099419
 endloop
endfacet
facet normal -0.99518526 0 0.098012
 outer loop
  vertex 26.55 -28.17565 4.012333
  vertex 26.520218 -26.4 3.7099419
  vertex 26.520218 -28.17565 3.7099419
 endloop
endfacet
facet normal -0.9569381 0 0.29029217
 outer loop
  vertex 26.47845 -28.17565 3.572258
  vertex 26.520218 -28.17565 3.7099419
  vertex 26.520218 -26.4 3.7099419
 endloop
endfacet
facet normal -0.9569386 0 0.2902905
 outer loop
  vertex 26.520218 -26.4 3.7099419
  vertex 26.432013 -26.4 3.4191742
  vertex 26.432013 -28.17565 3.4191742
 endloop
endfacet
facet normal -0.95693904 2.6885098e-07 0.29028898
 outer loop
  vertex 26.520218 -26.4 3.7099419
  vertex 26.432013 -28.17565 3.4191742
  vertex 26.47845 -28.17565 3.572258
 endloop
endfacet
facet normal -0.8819154 0 0.4714077
 outer loop
  vertex 26.396372 -28.17565 3.352497
  vertex 26.432013 -28.17565 3.4191742
  vertex 26.432013 -26.4 3.4191742
 endloop
endfacet
facet normal -0.881923 0 0.47139347
 outer loop
  vertex 26.432013 -26.4 3.4191742
  vertex 26.288778 -26.4 3.1511993
  vertex 26.288778 -28.17565 3.1511993
 endloop
endfacet
facet normal -0.8819256 9.14574e-07 0.4713887
 outer loop
  vertex 26.432013 -26.4 3.4191742
  vertex 26.288778 -28.17565 3.1511993
  vertex 26.396372 -28.17565 3.352497
 endloop
endfacet
facet normal -0.7730114 0 0.6343921
 outer loop
  vertex 26.288778 -28.17565 3.1511993
  vertex 26.288778 -26.4 3.1511993
  vertex 26.096016 -26.4 2.916317
 endloop
endfacet
facet normal -0.7730114 0 0.6343921
 outer loop
  vertex 26.288778 -28.17565 3.1511993
  vertex 26.096016 -26.4 2.916317
  vertex 26.096016 -28.17565 2.916317
 endloop
endfacet
facet normal -0.63427705 0 0.7731058
 outer loop
  vertex 26.090302 -28.17565 2.9116287
  vertex 26.096016 -28.17565 2.916317
  vertex 26.096016 -26.4 2.916317
 endloop
endfacet
facet normal -0.6343884 0 0.7730145
 outer loop
  vertex 26.096016 -26.4 2.916317
  vertex 25.861134 -26.4 2.7235565
  vertex 25.861134 -28.17565 2.7235565
 endloop
endfacet
facet normal -0.6343911 6.1567926e-07 0.7730122
 outer loop
  vertex 26.096016 -26.4 2.916317
  vertex 25.861134 -28.17565 2.7235565
  vertex 26.090302 -28.17565 2.9116287
 endloop
endfacet
facet normal -0.47142458 0 0.8819064
 outer loop
  vertex 25.851114 -28.17565 2.7182007
  vertex 25.861134 -28.17565 2.7235565
  vertex 25.861134 -26.4 2.7235565
 endloop
endfacet
facet normal -0.47140318 0 0.8819178
 outer loop
  vertex 25.861134 -26.4 2.7235565
  vertex 25.593159 -26.4 2.5803185
  vertex 25.593159 -28.17565 2.5803185
 endloop
endfacet
facet normal -0.47140235 -1.5780068e-07 0.8819182
 outer loop
  vertex 25.861134 -26.4 2.7235565
  vertex 25.593159 -28.17565 2.5803185
  vertex 25.851114 -28.17565 2.7182007
 endloop
endfacet
facet normal -0.29028296 0 0.95694077
 outer loop
  vertex 25.593159 -28.17565 2.5803185
  vertex 25.593159 -26.4 2.5803185
  vertex 25.30239 -26.4 2.492115
 endloop
endfacet
facet normal -0.29028296 0 0.95694077
 outer loop
  vertex 25.593159 -28.17565 2.5803185
  vertex 25.30239 -26.4 2.492115
  vertex 25.30239 -28.17565 2.492115
 endloop
endfacet
facet normal -0.09801262 0 0.9951852
 outer loop
  vertex 25.30239 -28.17565 2.492115
  vertex 25.30239 -26.4 2.492115
  vertex 25 -26.4 2.4623337
 endloop
endfacet
facet normal -0.09801262 0 0.9951852
 outer loop
  vertex 25.30239 -28.17565 2.492115
  vertex 25 -26.4 2.4623337
  vertex 25 -28.17565 2.4623337
 endloop
endfacet
facet normal 0.09801262 0 0.9951852
 outer loop
  vertex 25 -28.17565 2.4623337
  vertex 25 -26.4 2.4623337
  vertex 24.69761 -26.4 2.492115
 endloop
endfacet
facet normal 0.09801262 -0 0.9951852
 outer loop
  vertex 25 -28.17565 2.4623337
  vertex 24.69761 -26.4 2.492115
  vertex 24.69761 -28.17565 2.492115
 endloop
endfacet
facet normal 0.29028296 0 0.95694077
 outer loop
  vertex 24.69761 -28.17565 2.492115
  vertex 24.69761 -26.4 2.492115
  vertex 24.406841 -26.4 2.5803185
 endloop
endfacet
facet normal 0.29028296 -0 0.95694077
 outer loop
  vertex 24.69761 -28.17565 2.492115
  vertex 24.406841 -26.4 2.5803185
  vertex 24.406841 -28.17565 2.5803185
 endloop
endfacet
facet normal 0.4714061 0 0.8819162
 outer loop
  vertex 24.173124 -28.17565 2.705246
  vertex 24.406841 -28.17565 2.5803185
  vertex 24.406841 -26.4 2.5803185
 endloop
endfacet
facet normal 0.47140318 -0 0.8819178
 outer loop
  vertex 24.406841 -26.4 2.5803185
  vertex 24.138866 -26.4 2.7235565
  vertex 24.138866 -28.17565 2.7235565
 endloop
endfacet
facet normal 0.47138318 3.881981e-06 0.8819285
 outer loop
  vertex 24.406841 -26.4 2.5803185
  vertex 24.138866 -28.17565 2.7235565
  vertex 24.173124 -28.17565 2.705246
 endloop
endfacet
facet normal 0.6343884 0 0.7730145
 outer loop
  vertex 24.138866 -28.17565 2.7235565
  vertex 24.138866 -26.4 2.7235565
  vertex 23.903984 -26.4 2.916317
 endloop
endfacet
facet normal 0.6343884 -0 0.7730145
 outer loop
  vertex 24.138866 -28.17565 2.7235565
  vertex 23.903984 -26.4 2.916317
  vertex 23.903984 -28.17565 2.916317
 endloop
endfacet
facet normal 0.7730114 0 0.6343921
 outer loop
  vertex 23.903984 -28.17565 2.916317
  vertex 23.903984 -26.4 2.916317
  vertex 23.711222 -26.4 3.1511993
 endloop
endfacet
facet normal 0.77301025 -0 0.63439345
 outer loop
  vertex 23.711222 -26.4 3.1511993
  vertex 23.711222 -28.17565 3.1511993
  vertex 23.891907 -28.17565 2.931034
 endloop
endfacet
facet normal 0.773028 4.476814e-06 0.6343719
 outer loop
  vertex 23.711222 -26.4 3.1511993
  vertex 23.891907 -28.17565 2.931034
  vertex 23.903984 -28.17565 2.916317
 endloop
endfacet
facet normal 0.881923 0 0.47139347
 outer loop
  vertex 23.711222 -28.17565 3.1511993
  vertex 23.711222 -26.4 3.1511993
  vertex 23.567987 -26.4 3.4191742
 endloop
endfacet
facet normal 0.88192374 -0 0.47139215
 outer loop
  vertex 23.567987 -26.4 3.4191742
  vertex 23.567987 -28.17565 3.4191742
  vertex 23.618187 -28.17565 3.3252563
 endloop
endfacet
facet normal 0.88192266 -1.3287759e-07 0.47139412
 outer loop
  vertex 23.567987 -26.4 3.4191742
  vertex 23.618187 -28.17565 3.3252563
  vertex 23.711222 -28.17565 3.1511993
 endloop
endfacet
facet normal 0.9569386 0 0.2902905
 outer loop
  vertex 23.567987 -28.17565 3.4191742
  vertex 23.567987 -26.4 3.4191742
  vertex 23.479782 -26.4 3.7099419
 endloop
endfacet
facet normal 0.9569398 -0 0.29028654
 outer loop
  vertex 23.479782 -26.4 3.7099419
  vertex 23.479782 -28.17565 3.7099419
  vertex 23.511988 -28.17565 3.603775
 endloop
endfacet
facet normal 0.9569379 -4.0783465e-07 0.29029277
 outer loop
  vertex 23.479782 -26.4 3.7099419
  vertex 23.511988 -28.17565 3.603775
  vertex 23.567987 -28.17565 3.4191742
 endloop
endfacet
facet normal 0.99518526 0 0.098012
 outer loop
  vertex 23.479782 -28.17565 3.7099419
  vertex 23.479782 -26.4 3.7099419
  vertex 23.45 -26.4 4.012333
 endloop
endfacet
facet normal 0.99518526 -0 0.098012
 outer loop
  vertex 23.479782 -28.17565 3.7099419
  vertex 23.45 -26.4 4.012333
  vertex 23.45 -28.17565 4.012333
 endloop
endfacet
facet normal 0.99518526 0 -0.098012
 outer loop
  vertex 23.45 -28.17565 4.012333
  vertex 23.45 -26.4 4.012333
  vertex 23.479782 -26.4 4.314724
 endloop
endfacet
facet normal 0.99518514 0 -0.09801318
 outer loop
  vertex 23.479782 -26.4 4.314724
  vertex 23.479782 -28.17565 4.314724
  vertex 23.453976 -28.17565 4.052696
 endloop
endfacet
facet normal 0.99518603 -1.3190474e-06 -0.09800433
 outer loop
  vertex 23.479782 -26.4 4.314724
  vertex 23.453976 -28.17565 4.052696
  vertex 23.45 -28.17565 4.012333
 endloop
endfacet
facet normal 0.9569386 0 -0.2902905
 outer loop
  vertex 23.479782 -28.17565 4.314724
  vertex 23.479782 -26.4 4.314724
  vertex 23.567987 -26.4 4.6054916
 endloop
endfacet
facet normal 0.9569391 0 -0.29028866
 outer loop
  vertex 23.567987 -26.4 4.6054916
  vertex 23.567987 -28.17565 4.6054916
  vertex 23.49385 -28.17565 4.3610992
 endloop
endfacet
facet normal 0.95693564 1.7235283e-06 -0.2903001
 outer loop
  vertex 23.567987 -26.4 4.6054916
  vertex 23.49385 -28.17565 4.3610992
  vertex 23.479782 -28.17565 4.314724
 endloop
endfacet
facet normal 0.881923 0 -0.47139347
 outer loop
  vertex 23.567987 -28.17565 4.6054916
  vertex 23.567987 -26.4 4.6054916
  vertex 23.711222 -26.4 4.8734665
 endloop
endfacet
facet normal 0.881923 0 -0.47139347
 outer loop
  vertex 23.567987 -28.17565 4.6054916
  vertex 23.711222 -26.4 4.8734665
  vertex 23.711222 -28.17565 4.8734665
 endloop
endfacet
facet normal 0.7730114 0 -0.6343921
 outer loop
  vertex 23.711222 -28.17565 4.8734665
  vertex 23.711222 -26.4 4.8734665
  vertex 23.903984 -26.4 5.108349
 endloop
endfacet
facet normal 0.7730114 0 -0.6343921
 outer loop
  vertex 23.711222 -28.17565 4.8734665
  vertex 23.903984 -26.4 5.108349
  vertex 23.903984 -28.17565 5.108349
 endloop
endfacet
facet normal 0.6343884 0 -0.7730145
 outer loop
  vertex 23.903984 -28.17565 5.108349
  vertex 23.903984 -26.4 5.108349
  vertex 24.138866 -26.4 5.3011093
 endloop
endfacet
facet normal 0.6343884 0 -0.7730145
 outer loop
  vertex 23.903984 -28.17565 5.108349
  vertex 24.138866 -26.4 5.3011093
  vertex 24.138866 -28.17565 5.3011093
 endloop
endfacet
facet normal 0.47140318 0 -0.8819178
 outer loop
  vertex 24.138866 -28.17565 5.3011093
  vertex 24.138866 -26.4 5.3011093
  vertex 24.406841 -26.4 5.4443474
 endloop
endfacet
facet normal 0.47140318 0 -0.8819178
 outer loop
  vertex 24.138866 -28.17565 5.3011093
  vertex 24.406841 -26.4 5.4443474
  vertex 24.406841 -28.17565 5.4443474
 endloop
endfacet
facet normal 0.29028296 0 -0.95694077
 outer loop
  vertex 24.406841 -28.17565 5.4443474
  vertex 24.406841 -26.4 5.4443474
  vertex 24.69761 -26.4 5.532551
 endloop
endfacet
facet normal 0.29028296 0 -0.95694077
 outer loop
  vertex 24.406841 -28.17565 5.4443474
  vertex 24.69761 -26.4 5.532551
  vertex 24.69761 -28.17565 5.532551
 endloop
endfacet
facet normal 0.09801262 0 -0.9951852
 outer loop
  vertex 24.69761 -28.17565 5.532551
  vertex 24.69761 -26.4 5.532551
  vertex 25 -26.4 5.562332
 endloop
endfacet
facet normal 0.09801262 0 -0.9951852
 outer loop
  vertex 24.69761 -28.17565 5.532551
  vertex 25 -26.4 5.562332
  vertex 25 -28.17565 5.562332
 endloop
endfacet
facet normal 0 -1 0
 outer loop
  vertex 24.406841 -26.4 2.5803185
  vertex 24.69761 -26.4 2.492115
  vertex 25 -26.4 2.4623337
 endloop
endfacet
facet normal 0 -1 0
 outer loop
  vertex 25 -26.4 2.4623337
  vertex 25.30239 -26.4 2.492115
  vertex 25.593159 -26.4 2.5803185
 endloop
endfacet
facet normal 0 -1 0
 outer loop
  vertex 25.593159 -26.4 2.5803185
  vertex 25.861134 -26.4 2.7235565
  vertex 26.096016 -26.4 2.916317
 endloop
endfacet
facet normal 0 -1 0
 outer loop
  vertex 26.096016 -26.4 2.916317
  vertex 26.288778 -26.4 3.1511993
  vertex 26.432013 -26.4 3.4191742
 endloop
endfacet
facet normal 0 -1 0
 outer loop
  vertex 26.432013 -26.4 3.4191742
  vertex 26.520218 -26.4 3.7099419
  vertex 26.55 -26.4 4.012333
 endloop
endfacet
facet normal 0 -1 0
 outer loop
  vertex 26.55 -26.4 4.012333
  vertex 26.520218 -26.4 4.314724
  vertex 26.432013 -26.4 4.6054916
 endloop
endfacet
facet normal 0 -1 0
 outer loop
  vertex 26.432013 -26.4 4.6054916
  vertex 26.288778 -26.4 4.8734665
  vertex 26.096016 -26.4 5.108349
 endloop
endfacet
facet normal 0 -1 0
 outer loop
  vertex 26.096016 -26.4 5.108349
  vertex 25.861134 -26.4 5.3011093
  vertex 25.593159 -26.4 5.4443474
 endloop
endfacet
facet normal 0 -1 0
 outer loop
  vertex 25.593159 -26.4 5.4443474
  vertex 25.30239 -26.4 5.532551
  vertex 25 -26.4 5.562332
 endloop
endfacet
facet normal 0 -1 0
 outer loop
  vertex 25 -26.4 5.562332
  vertex 24.69761 -26.4 5.532551
  vertex 24.406841 -26.4 5.4443474
 endloop
endfacet
facet normal 0 -1 0
 outer loop
  vertex 24.406841 -26.4 5.4443474
  vertex 24.138866 -26.4 5.3011093
  vertex 23.903984 -26.4 5.108349
 endloop
endfacet
facet normal 0 -1 0
 outer loop
  vertex 23.903984 -26.4 5.108349
  vertex 23.711222 -26.4 4.8734665
  vertex 23.567987 -26.4 4.6054916
 endloop
endfacet
facet normal 0 -1 0
 outer loop
  vertex 23.567987 -26.4 4.6054916
  vertex 23.479782 -26.4 4.314724
  vertex 23.45 -26.4 4.012333
 endloop
endfacet
facet normal 0 -1 0
 outer loop
  vertex 23.45 -26.4 4.012333
  vertex 23.479782 -26.4 3.7099419
  vertex 23.567987 -26.4 3.4191742
 endloop
endfacet
facet normal 0 -1 0
 outer loop
  vertex 23.567987 -26.4 3.4191742
  vertex 23.711222 -26.4 3.1511993
  vertex 23.903984 -26.4 2.916317
 endloop
endfacet
facet normal 0 -1 0
 outer loop
  vertex 23.903984 -26.4 2.916317
  vertex 24.138866 -26.4 2.7235565
  vertex 24.406841 -26.4 2.5803185
 endloop
endfacet
facet normal -0 -1 0
 outer loop
  vertex 24.406841 -26.4 2.5803185
  vertex 25 -26.4 2.4623337
  vertex 25.593159 -26.4 2.5803185
 endloop
endfacet
facet normal 0 -1 0
 outer loop
  vertex 25.593159 -26.4 2.5803185
  vertex 26.096016 -26.4 2.916317
  vertex 26.432013 -26.4 3.4191742
 endloop
endfacet
facet normal 0 -1 -0
 outer loop
  vertex 26.432013 -26.4 3.4191742
  vertex 26.55 -26.4 4.012333
  vertex 26.432013 -26.4 4.6054916
 endloop
endfacet
facet normal 0 -1 0
 outer loop
  vertex 26.432013 -26.4 4.6054916
  vertex 26.096016 -26.4 5.108349
  vertex 25.593159 -26.4 5.4443474
 endloop
endfacet
facet normal 0 -1 0
 outer loop
  vertex 25.593159 -26.4 5.4443474
  vertex 25 -26.4 5.562332
  vertex 24.406841 -26.4 5.4443474
 endloop
endfacet
facet normal 0 -1 0
 outer loop
  vertex 24.406841 -26.4 5.4443474
  vertex 23.903984 -26.4 5.108349
  vertex 23.567987 -26.4 4.6054916
 endloop
endfacet
facet normal 0 -1 0
 outer loop
  vertex 23.567987 -26.4 4.6054916
  vertex 23.45 -26.4 4.012333
  vertex 23.567987 -26.4 3.4191742
 endloop
endfacet
facet normal 0 -1 0
 outer loop
  vertex 23.567987 -26.4 3.4191742
  vertex 23.903984 -26.4 2.916317
  vertex 24.406841 -26.4 2.5803185
 endloop
endfacet
facet normal -0 -1 0
 outer loop
  vertex 24.406841 -26.4 2.5803185
  vertex 25.593159 -26.4 2.5803185
  vertex 26.432013 -26.4 3.4191742
 endloop
endfacet
facet normal 0 -1 0
 outer loop
  vertex 26.432013 -26.4 3.4191742
  vertex 26.432013 -26.4 4.6054916
  vertex 25.593159 -26.4 5.4443474
 endloop
endfacet
facet normal 0 -1 0
 outer loop
  vertex 25.593159 -26.4 5.4443474
  vertex 24.406841 -26.4 5.4443474
  vertex 23.567987 -26.4 4.6054916
 endloop
endfacet
facet normal 0 -1 0
 outer loop
  vertex 23.567987 -26.4 4.6054916
  vertex 23.567987 -26.4 3.4191742
  vertex 24.406841 -26.4 2.5803185
 endloop
endfacet
facet normal 0 -1 -0
 outer loop
  vertex 24.406841 -26.4 2.5803185
  vertex 26.432013 -26.4 3.4191742
  vertex 25.593159 -26.4 5.4443474
 endloop
endfacet
facet normal 0 -1 0
 outer loop
  vertex 25.593159 -26.4 5.4443474
  vertex 23.567987 -26.4 4.6054916
  vertex 24.406841 -26.4 2.5803185
 endloop
endfacet
facet normal -0.09801262 0 -0.9951852
 outer loop
  vertex -25 -26.4 5.562332
  vertex -24.69761 -26.4 5.532551
  vertex -24.69761 -28.17565 5.532551
 endloop
endfacet
facet normal -0.09801262 0 -0.9951852
 outer loop
  vertex -25 -26.4 5.562332
  vertex -24.69761 -28.17565 5.532551
  vertex -25 -28.17565 5.562332
 endloop
endfacet
facet normal -0.29028296 0 -0.95694077
 outer loop
  vertex -24.69761 -26.4 5.532551
  vertex -24.406841 -26.4 5.4443474
  vertex -24.406841 -28.17565 5.4443474
 endloop
endfacet
facet normal -0.29028296 0 -0.95694077
 outer loop
  vertex -24.69761 -26.4 5.532551
  vertex -24.406841 -28.17565 5.4443474
  vertex -24.69761 -28.17565 5.532551
 endloop
endfacet
facet normal -0.47140318 0 -0.8819178
 outer loop
  vertex -24.406841 -26.4 5.4443474
  vertex -24.138866 -26.4 5.3011093
  vertex -24.138866 -28.17565 5.3011093
 endloop
endfacet
facet normal -0.47140318 0 -0.8819178
 outer loop
  vertex -24.406841 -26.4 5.4443474
  vertex -24.138866 -28.17565 5.3011093
  vertex -24.406841 -28.17565 5.4443474
 endloop
endfacet
facet normal -0.6343884 0 -0.7730145
 outer loop
  vertex -24.138866 -26.4 5.3011093
  vertex -23.903984 -26.4 5.108349
  vertex -23.903984 -28.17565 5.108349
 endloop
endfacet
facet normal -0.6343884 0 -0.7730145
 outer loop
  vertex -24.138866 -26.4 5.3011093
  vertex -23.903984 -28.17565 5.108349
  vertex -24.138866 -28.17565 5.3011093
 endloop
endfacet
facet normal -0.7730114 -0 -0.6343921
 outer loop
  vertex -23.903984 -28.17565 5.108349
  vertex -23.903984 -26.4 5.108349
  vertex -23.711222 -26.4 4.8734665
 endloop
endfacet
facet normal -0.7730114 0 -0.6343921
 outer loop
  vertex -23.903984 -28.17565 5.108349
  vertex -23.711222 -26.4 4.8734665
  vertex -23.711222 -28.17565 4.8734665
 endloop
endfacet
facet normal -0.881923 -0 -0.47139347
 outer loop
  vertex -23.711222 -28.17565 4.8734665
  vertex -23.711222 -26.4 4.8734665
  vertex -23.567987 -26.4 4.6054916
 endloop
endfacet
facet normal -0.881923 0 -0.47139347
 outer loop
  vertex -23.711222 -28.17565 4.8734665
  vertex -23.567987 -26.4 4.6054916
  vertex -23.567987 -28.17565 4.6054916
 endloop
endfacet
facet normal -0.95693964 -0 -0.2902867
 outer loop
  vertex -23.51875 -28.17565 4.4431763
  vertex -23.567987 -28.17565 4.6054916
  vertex -23.567987 -26.4 4.6054916
 endloop
endfacet
facet normal -0.9569386 0 -0.2902905
 outer loop
  vertex -23.567987 -26.4 4.6054916
  vertex -23.479782 -26.4 4.314724
  vertex -23.479782 -28.17565 4.314724
 endloop
endfacet
facet normal -0.95693713 8.5180613e-07 -0.29029527
 outer loop
  vertex -23.567987 -26.4 4.6054916
  vertex -23.479782 -28.17565 4.314724
  vertex -23.51875 -28.17565 4.4431763
 endloop
endfacet
facet normal -0.99518526 -0 -0.098012
 outer loop
  vertex -23.479782 -28.17565 4.314724
  vertex -23.479782 -26.4 4.314724
  vertex -23.45 -26.4 4.012333
 endloop
endfacet
facet normal -0.99518526 0 -0.098012
 outer loop
  vertex -23.479782 -28.17565 4.314724
  vertex -23.45 -26.4 4.012333
  vertex -23.45 -28.17565 4.012333
 endloop
endfacet
facet normal -0.9951856 0 0.0980084
 outer loop
  vertex -23.45369 -28.17565 3.9748764
  vertex -23.45 -28.17565 4.012333
  vertex -23.45 -26.4 4.012333
 endloop
endfacet
facet normal -0.99518526 0 0.098012
 outer loop
  vertex -23.45 -26.4 4.012333
  vertex -23.479782 -26.4 3.7099419
  vertex -23.479782 -28.17565 3.7099419
 endloop
endfacet
facet normal -0.9951852 -8.668835e-08 0.09801251
 outer loop
  vertex -23.45 -26.4 4.012333
  vertex -23.479782 -28.17565 3.7099419
  vertex -23.45369 -28.17565 3.9748764
 endloop
endfacet
facet normal -0.9569427 0 0.29027683
 outer loop
  vertex -23.48942 -28.17565 3.6781693
  vertex -23.479782 -28.17565 3.7099419
  vertex -23.479782 -26.4 3.7099419
 endloop
endfacet
facet normal -0.9569386 0 0.2902905
 outer loop
  vertex -23.479782 -26.4 3.7099419
  vertex -23.567987 -26.4 3.4191742
  vertex -23.567987 -28.17565 3.4191742
 endloop
endfacet
facet normal -0.9569381 -2.9843918e-07 0.29029217
 outer loop
  vertex -23.479782 -26.4 3.7099419
  vertex -23.567987 -28.17565 3.4191742
  vertex -23.48942 -28.17565 3.6781693
 endloop
endfacet
facet normal -0.88192487 0 0.4713901
 outer loop
  vertex -23.65631 -28.17565 3.253933
  vertex -23.567987 -28.17565 3.4191742
  vertex -23.567987 -26.4 3.4191742
 endloop
endfacet
facet normal -0.881923 0 0.47139347
 outer loop
  vertex -23.567987 -26.4 3.4191742
  vertex -23.711222 -26.4 3.1511993
  vertex -23.711222 -28.17565 3.1511993
 endloop
endfacet
facet normal -0.8819202 -1.0400913e-06 0.4713988
 outer loop
  vertex -23.567987 -26.4 3.4191742
  vertex -23.711222 -28.17565 3.1511993
  vertex -23.65631 -28.17565 3.253933
 endloop
endfacet
facet normal -0.7730067 0 0.6343979
 outer loop
  vertex -23.835926 -28.17565 2.9992485
  vertex -23.711222 -28.17565 3.1511993
  vertex -23.711222 -26.4 3.1511993
 endloop
endfacet
facet normal -0.7730114 0 0.6343921
 outer loop
  vertex -23.711222 -26.4 3.1511993
  vertex -23.903984 -26.4 2.916317
  vertex -23.903984 -28.17565 2.916317
 endloop
endfacet
facet normal -0.77302015 2.3564648e-06 0.6343814
 outer loop
  vertex -23.711222 -26.4 3.1511993
  vertex -23.903984 -28.17565 2.916317
  vertex -23.835926 -28.17565 2.9992485
 endloop
endfacet
facet normal -0.6343884 0 0.7730145
 outer loop
  vertex -23.903984 -28.17565 2.916317
  vertex -23.903984 -26.4 2.916317
  vertex -24.138866 -26.4 2.7235565
 endloop
endfacet
facet normal -0.6343884 0 0.7730145
 outer loop
  vertex -23.903984 -28.17565 2.916317
  vertex -24.138866 -26.4 2.7235565
  vertex -24.138866 -28.17565 2.7235565
 endloop
endfacet
facet normal -0.4713987 0 0.88192016
 outer loop
  vertex -24.295454 -28.17565 2.6398582
  vertex -24.138866 -28.17565 2.7235565
  vertex -24.138866 -26.4 2.7235565
 endloop
endfacet
facet normal -0.47140318 0 0.8819178
 outer loop
  vertex -24.138866 -26.4 2.7235565
  vertex -24.406841 -26.4 2.5803185
  vertex -24.406841 -28.17565 2.5803185
 endloop
endfacet
facet normal -0.47140947 1.2209027e-06 0.8819145
 outer loop
  vertex -24.138866 -26.4 2.7235565
  vertex -24.406841 -28.17565 2.5803185
  vertex -24.295454 -28.17565 2.6398582
 endloop
endfacet
facet normal -0.29028296 0 0.95694077
 outer loop
  vertex -24.406841 -28.17565 2.5803185
  vertex -24.406841 -26.4 2.5803185
  vertex -24.69761 -26.4 2.492115
 endloop
endfacet
facet normal -0.29028296 0 0.95694077
 outer loop
  vertex -24.406841 -28.17565 2.5803185
  vertex -24.69761 -26.4 2.492115
  vertex -24.69761 -28.17565 2.492115
 endloop
endfacet
facet normal -0.09801262 0 0.9951852
 outer loop
  vertex -24.69761 -28.17565 2.492115
  vertex -24.69761 -26.4 2.492115
  vertex -25 -26.4 2.4623337
 endloop
endfacet
facet normal -0.09801262 0 0.9951852
 outer loop
  vertex -24.69761 -28.17565 2.492115
  vertex -25 -26.4 2.4623337
  vertex -25 -28.17565 2.4623337
 endloop
endfacet
facet normal 0.09801262 0 0.9951852
 outer loop
  vertex -25 -28.17565 2.4623337
  vertex -25 -26.4 2.4623337
  vertex -25.30239 -26.4 2.492115
 endloop
endfacet
facet normal 0.09801262 -0 0.9951852
 outer loop
  vertex -25 -28.17565 2.4623337
  vertex -25.30239 -26.4 2.492115
  vertex -25.30239 -28.17565 2.492115
 endloop
endfacet
facet normal 0.29028296 0 0.95694077
 outer loop
  vertex -25.30239 -28.17565 2.492115
  vertex -25.30239 -26.4 2.492115
  vertex -25.593159 -26.4 2.5803185
 endloop
endfacet
facet normal 0.29028296 -0 0.95694077
 outer loop
  vertex -25.30239 -28.17565 2.492115
  vertex -25.593159 -26.4 2.5803185
  vertex -25.593159 -28.17565 2.5803185
 endloop
endfacet
facet normal 0.47139874 0 0.88192016
 outer loop
  vertex -25.68448 -28.17565 2.6291313
  vertex -25.593159 -28.17565 2.5803185
  vertex -25.593159 -26.4 2.5803185
 endloop
endfacet
facet normal 0.47140318 -0 0.8819178
 outer loop
  vertex -25.593159 -26.4 2.5803185
  vertex -25.861134 -26.4 2.7235565
  vertex -25.861134 -28.17565 2.7235565
 endloop
endfacet
facet normal 0.47140548 -4.451418e-07 0.8819165
 outer loop
  vertex -25.593159 -26.4 2.5803185
  vertex -25.861134 -28.17565 2.7235565
  vertex -25.68448 -28.17565 2.6291313
 endloop
endfacet
facet normal 0.6343884 0 0.7730145
 outer loop
  vertex -25.861134 -28.17565 2.7235565
  vertex -25.861134 -26.4 2.7235565
  vertex -26.096016 -26.4 2.916317
 endloop
endfacet
facet normal 0.6343884 -0 0.7730145
 outer loop
  vertex -25.861134 -28.17565 2.7235565
  vertex -26.096016 -26.4 2.916317
  vertex -26.096016 -28.17565 2.916317
 endloop
endfacet
facet normal 0.77301127 0 0.63439226
 outer loop
  vertex -26.181063 -28.17565 3.019947
  vertex -26.096016 -28.17565 2.916317
  vertex -26.096016 -26.4 2.916317
 endloop
endfacet
facet normal 0.7730114 -0 0.6343921
 outer loop
  vertex -26.096016 -26.4 2.916317
  vertex -26.288778 -26.4 3.1511993
  vertex -26.288778 -28.17565 3.1511993
 endloop
endfacet
facet normal 0.77301157 -2.4712223e-08 0.63439196
 outer loop
  vertex -26.181063 -28.17565 3.019947
  vertex -26.096016 -26.4 2.916317
  vertex -26.288778 -28.17565 3.1511993
 endloop
endfacet
facet normal 0.8819174 0 0.4714038
 outer loop
  vertex -26.329681 -28.17565 3.2277222
  vertex -26.288778 -28.17565 3.1511993
  vertex -26.288778 -26.4 3.1511993
 endloop
endfacet
facet normal 0.881923 -0 0.47139347
 outer loop
  vertex -26.288778 -26.4 3.1511993
  vertex -26.432013 -26.4 3.4191742
  vertex -26.432013 -28.17565 3.4191742
 endloop
endfacet
facet normal 0.8819252 -8.0456067e-07 0.47138935
 outer loop
  vertex -26.329681 -28.17565 3.2277222
  vertex -26.288778 -26.4 3.1511993
  vertex -26.432013 -28.17565 3.4191742
 endloop
endfacet
facet normal 0.9569386 -0 0.2902905
 outer loop
  vertex -26.432013 -26.4 3.4191742
  vertex -26.520218 -26.4 3.7099419
  vertex -26.520218 -28.17565 3.7099419
 endloop
endfacet
facet normal 0.9569386 0 0.2902905
 outer loop
  vertex -26.432013 -26.4 3.4191742
  vertex -26.520218 -28.17565 3.7099419
  vertex -26.432013 -28.17565 3.4191742
 endloop
endfacet
facet normal 0.995377 0 0.09604515
 outer loop
  vertex -26.52026 -28.17565 3.7103767
  vertex -26.520218 -28.17565 3.7099419
  vertex -26.520218 -26.4 3.7099419
 endloop
endfacet
facet normal 0.99518526 -0 0.098012
 outer loop
  vertex -26.520218 -26.4 3.7099419
  vertex -26.55 -26.4 4.012333
  vertex -26.55 -28.17565 4.012333
 endloop
endfacet
facet normal 0.99518484 4.8725695e-07 0.098016135
 outer loop
  vertex -26.542883 -28.17565 3.940075
  vertex -26.52026 -28.17565 3.7103767
  vertex -26.520218 -26.4 3.7099419
 endloop
endfacet
facet normal 0.9951853 -2.2574119e-07 0.098010674
 outer loop
  vertex -26.520218 -26.4 3.7099419
  vertex -26.55 -28.17565 4.012333
  vertex -26.542883 -28.17565 3.940075
 endloop
endfacet
facet normal 0.99518526 0 -0.098012
 outer loop
  vertex -26.55 -26.4 4.012333
  vertex -26.520218 -26.4 4.314724
  vertex -26.520218 -28.17565 4.314724
 endloop
endfacet
facet normal 0.99518526 0 -0.098012
 outer loop
  vertex -26.55 -26.4 4.012333
  vertex -26.520218 -28.17565 4.314724
  vertex -26.55 -28.17565 4.012333
 endloop
endfacet
facet normal 0.95693916 0 -0.29028863
 outer loop
  vertex -26.47077 -28.17565 4.47773
  vertex -26.520218 -28.17565 4.314724
  vertex -26.520218 -26.4 4.314724
 endloop
endfacet
facet normal 0.9569386 0 -0.2902905
 outer loop
  vertex -26.520218 -26.4 4.314724
  vertex -26.432013 -26.4 4.6054916
  vertex -26.432013 -28.17565 4.6054916
 endloop
endfacet
facet normal 0.95693785 -4.242766e-07 -0.2902929
 outer loop
  vertex -26.47077 -28.17565 4.47773
  vertex -26.520218 -26.4 4.314724
  vertex -26.432013 -28.17565 4.6054916
 endloop
endfacet
facet normal 0.881923 0 -0.47139347
 outer loop
  vertex -26.432013 -26.4 4.6054916
  vertex -26.288778 -26.4 4.8734665
  vertex -26.288778 -28.17565 4.8734665
 endloop
endfacet
facet normal 0.881923 0 -0.47139347
 outer loop
  vertex -26.432013 -26.4 4.6054916
  vertex -26.288778 -28.17565 4.8734665
  vertex -26.432013 -28.17565 4.6054916
 endloop
endfacet
facet normal 0.7730114 0 -0.6343921
 outer loop
  vertex -26.288778 -26.4 4.8734665
  vertex -26.096016 -26.4 5.108349
  vertex -26.096016 -28.17565 5.108349
 endloop
endfacet
facet normal 0.7730114 0 -0.6343921
 outer loop
  vertex -26.288778 -26.4 4.8734665
  vertex -26.096016 -28.17565 5.108349
  vertex -26.288778 -28.17565 4.8734665
 endloop
endfacet
facet normal 0.6343884 0 -0.7730145
 outer loop
  vertex -26.096016 -26.4 5.108349
  vertex -25.861134 -26.4 5.3011093
  vertex -25.861134 -28.17565 5.3011093
 endloop
endfacet
facet normal 0.6343884 0 -0.7730145
 outer loop
  vertex -26.096016 -26.4 5.108349
  vertex -25.861134 -28.17565 5.3011093
  vertex -26.096016 -28.17565 5.108349
 endloop
endfacet
facet normal 0.47140318 0 -0.8819178
 outer loop
  vertex -25.861134 -26.4 5.3011093
  vertex -25.593159 -26.4 5.4443474
  vertex -25.593159 -28.17565 5.4443474
 endloop
endfacet
facet normal 0.47140318 0 -0.8819178
 outer loop
  vertex -25.861134 -26.4 5.3011093
  vertex -25.593159 -28.17565 5.4443474
  vertex -25.861134 -28.17565 5.3011093
 endloop
endfacet
facet normal 0.29028296 0 -0.95694077
 outer loop
  vertex -25.593159 -26.4 5.4443474
  vertex -25.30239 -26.4 5.532551
  vertex -25.30239 -28.17565 5.532551
 endloop
endfacet
facet normal 0.29028296 0 -0.95694077
 outer loop
  vertex -25.593159 -26.4 5.4443474
  vertex -25.30239 -28.17565 5.532551
  vertex -25.593159 -28.17565 5.4443474
 endloop
endfacet
facet normal 0.09801262 0 -0.9951852
 outer loop
  vertex -25.30239 -26.4 5.532551
  vertex -25 -26.4 5.562332
  vertex -25 -28.17565 5.562332
 endloop
endfacet
facet normal 0.09801262 0 -0.9951852
 outer loop
  vertex -25.30239 -26.4 5.532551
  vertex -25 -28.17565 5.562332
  vertex -25.30239 -28.17565 5.532551
 endloop
endfacet
facet normal 0 -1 0
 outer loop
  vertex -25.593159 -26.4 2.5803185
  vertex -25.30239 -26.4 2.492115
  vertex -25 -26.4 2.4623337
 endloop
endfacet
facet normal 0 -1 0
 outer loop
  vertex -25 -26.4 2.4623337
  vertex -24.69761 -26.4 2.492115
  vertex -24.406841 -26.4 2.5803185
 endloop
endfacet
facet normal 0 -1 0
 outer loop
  vertex -24.406841 -26.4 2.5803185
  vertex -24.138866 -26.4 2.7235565
  vertex -23.903984 -26.4 2.916317
 endloop
endfacet
facet normal 0 -1 0
 outer loop
  vertex -23.903984 -26.4 2.916317
  vertex -23.711222 -26.4 3.1511993
  vertex -23.567987 -26.4 3.4191742
 endloop
endfacet
facet normal 0 -1 0
 outer loop
  vertex -23.567987 -26.4 3.4191742
  vertex -23.479782 -26.4 3.7099419
  vertex -23.45 -26.4 4.012333
 endloop
endfacet
facet normal 0 -1 0
 outer loop
  vertex -23.45 -26.4 4.012333
  vertex -23.479782 -26.4 4.314724
  vertex -23.567987 -26.4 4.6054916
 endloop
endfacet
facet normal 0 -1 0
 outer loop
  vertex -23.567987 -26.4 4.6054916
  vertex -23.711222 -26.4 4.8734665
  vertex -23.903984 -26.4 5.108349
 endloop
endfacet
facet normal 0 -1 0
 outer loop
  vertex -23.903984 -26.4 5.108349
  vertex -24.138866 -26.4 5.3011093
  vertex -24.406841 -26.4 5.4443474
 endloop
endfacet
facet normal 0 -1 0
 outer loop
  vertex -24.406841 -26.4 5.4443474
  vertex -24.69761 -26.4 5.532551
  vertex -25 -26.4 5.562332
 endloop
endfacet
facet normal 0 -1 0
 outer loop
  vertex -25 -26.4 5.562332
  vertex -25.30239 -26.4 5.532551
  vertex -25.593159 -26.4 5.4443474
 endloop
endfacet
facet normal 0 -1 0
 outer loop
  vertex -25.593159 -26.4 5.4443474
  vertex -25.861134 -26.4 5.3011093
  vertex -26.096016 -26.4 5.108349
 endloop
endfacet
facet normal 0 -1 0
 outer loop
  vertex -26.096016 -26.4 5.108349
  vertex -26.288778 -26.4 4.8734665
  vertex -26.432013 -26.4 4.6054916
 endloop
endfacet
facet normal 0 -1 0
 outer loop
  vertex -26.432013 -26.4 4.6054916
  vertex -26.520218 -26.4 4.314724
  vertex -26.55 -26.4 4.012333
 endloop
endfacet
facet normal 0 -1 0
 outer loop
  vertex -26.55 -26.4 4.012333
  vertex -26.520218 -26.4 3.7099419
  vertex -26.432013 -26.4 3.4191742
 endloop
endfacet
facet normal 0 -1 0
 outer loop
  vertex -26.432013 -26.4 3.4191742
  vertex -26.288778 -26.4 3.1511993
  vertex -26.096016 -26.4 2.916317
 endloop
endfacet
facet normal 0 -1 0
 outer loop
  vertex -26.096016 -26.4 2.916317
  vertex -25.861134 -26.4 2.7235565
  vertex -25.593159 -26.4 2.5803185
 endloop
endfacet
facet normal -0 -1 0
 outer loop
  vertex -25.593159 -26.4 2.5803185
  vertex -25 -26.4 2.4623337
  vertex -24.406841 -26.4 2.5803185
 endloop
endfacet
facet normal 0 -1 0
 outer loop
  vertex -24.406841 -26.4 2.5803185
  vertex -23.903984 -26.4 2.916317
  vertex -23.567987 -26.4 3.4191742
 endloop
endfacet
facet normal 0 -1 -0
 outer loop
  vertex -23.567987 -26.4 3.4191742
  vertex -23.45 -26.4 4.012333
  vertex -23.567987 -26.4 4.6054916
 endloop
endfacet
facet normal 0 -1 0
 outer loop
  vertex -23.567987 -26.4 4.6054916
  vertex -23.903984 -26.4 5.108349
  vertex -24.406841 -26.4 5.4443474
 endloop
endfacet
facet normal 0 -1 0
 outer loop
  vertex -24.406841 -26.4 5.4443474
  vertex -25 -26.4 5.562332
  vertex -25.593159 -26.4 5.4443474
 endloop
endfacet
facet normal 0 -1 0
 outer loop
  vertex -25.593159 -26.4 5.4443474
  vertex -26.096016 -26.4 5.108349
  vertex -26.432013 -26.4 4.6054916
 endloop
endfacet
facet normal 0 -1 0
 outer loop
  vertex -26.432013 -26.4 4.6054916
  vertex -26.55 -26.4 4.012333
  vertex -26.432013 -26.4 3.4191742
 endloop
endfacet
facet normal 0 -1 0
 outer loop
  vertex -26.432013 -26.4 3.4191742
  vertex -26.096016 -26.4 2.916317
  vertex -25.593159 -26.4 2.5803185
 endloop
endfacet
facet normal -0 -1 0
 outer loop
  vertex -25.593159 -26.4 2.5803185
  vertex -24.406841 -26.4 2.5803185
  vertex -23.567987 -26.4 3.4191742
 endloop
endfacet
facet normal 0 -1 0
 outer loop
  vertex -23.567987 -26.4 3.4191742
  vertex -23.567987 -26.4 4.6054916
  vertex -24.406841 -26.4 5.4443474
 endloop
endfacet
facet normal 0 -1 0
 outer loop
  vertex -24.406841 -26.4 5.4443474
  vertex -25.593159 -26.4 5.4443474
  vertex -26.432013 -26.4 4.6054916
 endloop
endfacet
facet normal 0 -1 0
 outer loop
  vertex -26.432013 -26.4 4.6054916
  vertex -26.432013 -26.4 3.4191742
  vertex -25.593159 -26.4 2.5803185
 endloop
endfacet
facet normal 0 -1 -0
 outer loop
  vertex -25.593159 -26.4 2.5803185
  vertex -23.567987 -26.4 3.4191742
  vertex -24.406841 -26.4 5.4443474
 endloop
endfacet
facet normal 0 -1 0
 outer loop
  vertex -24.406841 -26.4 5.4443474
  vertex -26.432013 -26.4 4.6054916
  vertex -25.593159 -26.4 2.5803185
 endloop
endfacet
facet normal -0.098012 -0 -0.99518526
 outer loop
  vertex -40 -28.17565 16.55
  vertex -40 -26.4 16.55
  vertex -39.69761 -26.4 16.520218
 endloop
endfacet
facet normal -0.098012 0 -0.99518526
 outer loop
  vertex -40 -28.17565 16.55
  vertex -39.69761 -26.4 16.520218
  vertex -39.69761 -28.17565 16.520218
 endloop
endfacet
facet normal -0.29028472 -0 -0.9569403
 outer loop
  vertex -39.69761 -28.17565 16.520218
  vertex -39.69761 -26.4 16.520218
  vertex -39.40684 -26.4 16.432014
 endloop
endfacet
facet normal -0.29028472 0 -0.9569403
 outer loop
  vertex -39.69761 -28.17565 16.520218
  vertex -39.40684 -26.4 16.432014
  vertex -39.40684 -28.17565 16.432014
 endloop
endfacet
facet normal -0.47140318 -0 -0.8819178
 outer loop
  vertex -39.40684 -28.17565 16.432014
  vertex -39.40684 -26.4 16.432014
  vertex -39.138866 -26.4 16.288776
 endloop
endfacet
facet normal -0.47140318 0 -0.8819178
 outer loop
  vertex -39.40684 -28.17565 16.432014
  vertex -39.138866 -26.4 16.288776
  vertex -39.138866 -28.17565 16.288776
 endloop
endfacet
facet normal -0.6343884 -0 -0.7730145
 outer loop
  vertex -39.138866 -28.17565 16.288776
  vertex -39.138866 -26.4 16.288776
  vertex -38.903984 -26.4 16.096016
 endloop
endfacet
facet normal -0.6343884 0 -0.7730145
 outer loop
  vertex -39.138866 -28.17565 16.288776
  vertex -38.903984 -26.4 16.096016
  vertex -38.903984 -28.17565 16.096016
 endloop
endfacet
facet normal -0.7730145 -0 -0.6343884
 outer loop
  vertex -38.903984 -28.17565 16.096016
  vertex -38.903984 -26.4 16.096016
  vertex -38.711224 -26.4 15.861134
 endloop
endfacet
facet normal -0.7730145 0 -0.6343884
 outer loop
  vertex -38.903984 -28.17565 16.096016
  vertex -38.711224 -26.4 15.861134
  vertex -38.711224 -28.17565 15.861134
 endloop
endfacet
facet normal -0.8819178 -0 -0.47140318
 outer loop
  vertex -38.711224 -28.17565 15.861134
  vertex -38.711224 -26.4 15.861134
  vertex -38.567986 -26.4 15.593159
 endloop
endfacet
facet normal -0.8819178 0 -0.47140318
 outer loop
  vertex -38.711224 -28.17565 15.861134
  vertex -38.567986 -26.4 15.593159
  vertex -38.567986 -28.17565 15.593159
 endloop
endfacet
facet normal -0.9569403 -0 -0.29028472
 outer loop
  vertex -38.567986 -28.17565 15.593159
  vertex -38.567986 -26.4 15.593159
  vertex -38.479782 -26.4 15.302391
 endloop
endfacet
facet normal -0.9569403 0 -0.29028472
 outer loop
  vertex -38.567986 -28.17565 15.593159
  vertex -38.479782 -26.4 15.302391
  vertex -38.479782 -28.17565 15.302391
 endloop
endfacet
facet normal -0.99518526 -0 -0.098012
 outer loop
  vertex -38.479782 -28.17565 15.302391
  vertex -38.479782 -26.4 15.302391
  vertex -38.45 -26.4 15
 endloop
endfacet
facet normal -0.99518526 0 -0.098012
 outer loop
  vertex -38.479782 -28.17565 15.302391
  vertex -38.45 -26.4 15
  vertex -38.45 -28.17565 15
 endloop
endfacet
facet normal -0.99518526 0 0.098012
 outer loop
  vertex -38.45 -28.17565 15
  vertex -38.45 -26.4 15
  vertex -38.479782 -26.4 14.697609
 endloop
endfacet
facet normal -0.99518526 0 0.098012
 outer loop
  vertex -38.45 -28.17565 15
  vertex -38.479782 -26.4 14.697609
  vertex -38.479782 -28.17565 14.697609
 endloop
endfacet
facet normal -0.9569403 0 0.29028472
 outer loop
  vertex -38.479782 -28.17565 14.697609
  vertex -38.479782 -26.4 14.697609
  vertex -38.567986 -26.4 14.406841
 endloop
endfacet
facet normal -0.9569403 0 0.29028472
 outer loop
  vertex -38.479782 -28.17565 14.697609
  vertex -38.567986 -26.4 14.406841
  vertex -38.567986 -28.17565 14.406841
 endloop
endfacet
facet normal -0.8819178 0 0.47140318
 outer loop
  vertex -38.567986 -28.17565 14.406841
  vertex -38.567986 -26.4 14.406841
  vertex -38.711224 -26.4 14.138866
 endloop
endfacet
facet normal -0.8819178 0 0.47140318
 outer loop
  vertex -38.567986 -28.17565 14.406841
  vertex -38.711224 -26.4 14.138866
  vertex -38.711224 -28.17565 14.138866
 endloop
endfacet
facet normal -0.7730145 0 0.6343884
 outer loop
  vertex -38.711224 -28.17565 14.138866
  vertex -38.711224 -26.4 14.138866
  vertex -38.903984 -26.4 13.903984
 endloop
endfacet
facet normal -0.7730145 0 0.6343884
 outer loop
  vertex -38.711224 -28.17565 14.138866
  vertex -38.903984 -26.4 13.903984
  vertex -38.903984 -28.17565 13.903984
 endloop
endfacet
facet normal -0.6343884 0 0.7730145
 outer loop
  vertex -38.903984 -28.17565 13.903984
  vertex -38.903984 -26.4 13.903984
  vertex -39.138866 -26.4 13.711224
 endloop
endfacet
facet normal -0.6343884 0 0.7730145
 outer loop
  vertex -38.903984 -28.17565 13.903984
  vertex -39.138866 -26.4 13.711224
  vertex -39.138866 -28.17565 13.711224
 endloop
endfacet
facet normal -0.47140318 0 0.8819178
 outer loop
  vertex -39.138866 -28.17565 13.711224
  vertex -39.138866 -26.4 13.711224
  vertex -39.40684 -26.4 13.567986
 endloop
endfacet
facet normal -0.47140318 0 0.8819178
 outer loop
  vertex -39.138866 -28.17565 13.711224
  vertex -39.40684 -26.4 13.567986
  vertex -39.40684 -28.17565 13.567986
 endloop
endfacet
facet normal -0.29028472 0 0.9569403
 outer loop
  vertex -39.40684 -28.17565 13.567986
  vertex -39.40684 -26.4 13.567986
  vertex -39.69761 -26.4 13.479782
 endloop
endfacet
facet normal -0.29028472 0 0.9569403
 outer loop
  vertex -39.40684 -28.17565 13.567986
  vertex -39.69761 -26.4 13.479782
  vertex -39.69761 -28.17565 13.479782
 endloop
endfacet
facet normal -0.098012 0 0.99518526
 outer loop
  vertex -39.69761 -28.17565 13.479782
  vertex -39.69761 -26.4 13.479782
  vertex -40 -26.4 13.450001
 endloop
endfacet
facet normal -0.098012 0 0.99518526
 outer loop
  vertex -39.69761 -28.17565 13.479782
  vertex -40 -26.4 13.450001
  vertex -40 -28.17565 13.450001
 endloop
endfacet
facet normal 0.098012 0 0.99518526
 outer loop
  vertex -40 -28.17565 13.450001
  vertex -40 -26.4 13.450001
  vertex -40.30239 -26.4 13.479782
 endloop
endfacet
facet normal 0.098012 -0 0.99518526
 outer loop
  vertex -40 -28.17565 13.450001
  vertex -40.30239 -26.4 13.479782
  vertex -40.30239 -28.17565 13.479782
 endloop
endfacet
facet normal 0.29028472 0 0.9569403
 outer loop
  vertex -40.30239 -28.17565 13.479782
  vertex -40.30239 -26.4 13.479782
  vertex -40.59316 -26.4 13.567986
 endloop
endfacet
facet normal 0.29028472 -0 0.9569403
 outer loop
  vertex -40.30239 -28.17565 13.479782
  vertex -40.59316 -26.4 13.567986
  vertex -40.59316 -28.17565 13.567986
 endloop
endfacet
facet normal 0.47140318 0 0.8819178
 outer loop
  vertex -40.59316 -28.17565 13.567986
  vertex -40.59316 -26.4 13.567986
  vertex -40.861134 -26.4 13.711224
 endloop
endfacet
facet normal 0.47140318 -0 0.8819178
 outer loop
  vertex -40.59316 -28.17565 13.567986
  vertex -40.861134 -26.4 13.711224
  vertex -40.861134 -28.17565 13.711224
 endloop
endfacet
facet normal 0.6343824 0 0.7730194
 outer loop
  vertex -40.98886 -28.17565 13.816044
  vertex -40.861134 -28.17565 13.711224
  vertex -40.861134 -26.4 13.711224
 endloop
endfacet
facet normal 0.6343884 -0 0.7730145
 outer loop
  vertex -40.861134 -26.4 13.711224
  vertex -41.096016 -26.4 13.903984
  vertex -41.096016 -28.17565 13.903984
 endloop
endfacet
facet normal 0.6343954 -1.5740142e-06 0.77300864
 outer loop
  vertex -40.861134 -26.4 13.711224
  vertex -41.096016 -28.17565 13.903984
  vertex -40.98886 -28.17565 13.816044
 endloop
endfacet
facet normal 0.7730145 0 0.6343884
 outer loop
  vertex -41.096016 -28.17565 13.903984
  vertex -41.096016 -26.4 13.903984
  vertex -41.288776 -26.4 14.138866
 endloop
endfacet
facet normal 0.7730145 -0 0.6343884
 outer loop
  vertex -41.096016 -28.17565 13.903984
  vertex -41.288776 -26.4 14.138866
  vertex -41.288776 -28.17565 14.138866
 endloop
endfacet
facet normal 0.8819178 0 0.47140318
 outer loop
  vertex -41.288776 -28.17565 14.138866
  vertex -41.288776 -26.4 14.138866
  vertex -41.432014 -26.4 14.406841
 endloop
endfacet
facet normal 0.8819178 -0 0.47140318
 outer loop
  vertex -41.288776 -28.17565 14.138866
  vertex -41.432014 -26.4 14.406841
  vertex -41.432014 -28.17565 14.406841
 endloop
endfacet
facet normal 0.9569403 0 0.29028472
 outer loop
  vertex -41.432014 -28.17565 14.406841
  vertex -41.432014 -26.4 14.406841
  vertex -41.520218 -26.4 14.697609
 endloop
endfacet
facet normal 0.9569403 -0 0.29028472
 outer loop
  vertex -41.432014 -28.17565 14.406841
  vertex -41.520218 -26.4 14.697609
  vertex -41.520218 -28.17565 14.697609
 endloop
endfacet
facet normal 0.99518526 0 0.098012
 outer loop
  vertex -41.520218 -28.17565 14.697609
  vertex -41.520218 -26.4 14.697609
  vertex -41.55 -26.4 15
 endloop
endfacet
facet normal 0.99518526 -0 0.098012
 outer loop
  vertex -41.520218 -28.17565 14.697609
  vertex -41.55 -26.4 15
  vertex -41.55 -28.17565 15
 endloop
endfacet
facet normal 0.99518526 0 -0.098012
 outer loop
  vertex -41.55 -28.17565 15
  vertex -41.55 -26.4 15
  vertex -41.520218 -26.4 15.302391
 endloop
endfacet
facet normal 0.99518526 0 -0.098012
 outer loop
  vertex -41.55 -28.17565 15
  vertex -41.520218 -26.4 15.302391
  vertex -41.520218 -28.17565 15.302391
 endloop
endfacet
facet normal 0.9569403 0 -0.29028472
 outer loop
  vertex -41.520218 -28.17565 15.302391
  vertex -41.520218 -26.4 15.302391
  vertex -41.432014 -26.4 15.593159
 endloop
endfacet
facet normal 0.9569403 0 -0.29028472
 outer loop
  vertex -41.520218 -28.17565 15.302391
  vertex -41.432014 -26.4 15.593159
  vertex -41.432014 -28.17565 15.593159
 endloop
endfacet
facet normal 0.8819178 0 -0.47140318
 outer loop
  vertex -41.432014 -28.17565 15.593159
  vertex -41.432014 -26.4 15.593159
  vertex -41.288776 -26.4 15.861134
 endloop
endfacet
facet normal 0.8819178 0 -0.47140318
 outer loop
  vertex -41.432014 -28.17565 15.593159
  vertex -41.288776 -26.4 15.861134
  vertex -41.288776 -28.17565 15.861134
 endloop
endfacet
facet normal 0.7730145 0 -0.6343884
 outer loop
  vertex -41.288776 -28.17565 15.861134
  vertex -41.288776 -26.4 15.861134
  vertex -41.096016 -26.4 16.096016
 endloop
endfacet
facet normal 0.7730145 0 -0.6343884
 outer loop
  vertex -41.288776 -28.17565 15.861134
  vertex -41.096016 -26.4 16.096016
  vertex -41.096016 -28.17565 16.096016
 endloop
endfacet
facet normal 0.6343884 0 -0.7730145
 outer loop
  vertex -41.096016 -28.17565 16.096016
  vertex -41.096016 -26.4 16.096016
  vertex -40.861134 -26.4 16.288776
 endloop
endfacet
facet normal 0.6343824 0 -0.7730194
 outer loop
  vertex -40.861134 -26.4 16.288776
  vertex -40.861134 -28.17565 16.288776
  vertex -40.98886 -28.17565 16.183956
 endloop
endfacet
facet normal 0.6343954 -1.5702304e-06 -0.77300864
 outer loop
  vertex -40.861134 -26.4 16.288776
  vertex -40.98886 -28.17565 16.183956
  vertex -41.096016 -28.17565 16.096016
 endloop
endfacet
facet normal 0.47140318 0 -0.8819178
 outer loop
  vertex -40.861134 -28.17565 16.288776
  vertex -40.861134 -26.4 16.288776
  vertex -40.59316 -26.4 16.432014
 endloop
endfacet
facet normal 0.47140318 0 -0.8819178
 outer loop
  vertex -40.861134 -28.17565 16.288776
  vertex -40.59316 -26.4 16.432014
  vertex -40.59316 -28.17565 16.432014
 endloop
endfacet
facet normal 0.29028472 0 -0.9569403
 outer loop
  vertex -40.59316 -28.17565 16.432014
  vertex -40.59316 -26.4 16.432014
  vertex -40.30239 -26.4 16.520218
 endloop
endfacet
facet normal 0.29028472 0 -0.9569403
 outer loop
  vertex -40.59316 -28.17565 16.432014
  vertex -40.30239 -26.4 16.520218
  vertex -40.30239 -28.17565 16.520218
 endloop
endfacet
facet normal 0.098012 0 -0.99518526
 outer loop
  vertex -40.30239 -28.17565 16.520218
  vertex -40.30239 -26.4 16.520218
  vertex -40 -26.4 16.55
 endloop
endfacet
facet normal 0.098012 0 -0.99518526
 outer loop
  vertex -40.30239 -28.17565 16.520218
  vertex -40 -26.4 16.55
  vertex -40 -28.17565 16.55
 endloop
endfacet
facet normal 0 -1 0
 outer loop
  vertex -40.861134 -26.4 16.288776
  vertex -41.096016 -26.4 16.096016
  vertex -41.288776 -26.4 15.861134
 endloop
endfacet
facet normal 0 -1 0
 outer loop
  vertex -41.288776 -26.4 15.861134
  vertex -41.432014 -26.4 15.593159
  vertex -41.520218 -26.4 15.302391
 endloop
endfacet
facet normal 0 -1 0
 outer loop
  vertex -41.520218 -26.4 15.302391
  vertex -41.55 -26.4 15
  vertex -41.520218 -26.4 14.697609
 endloop
endfacet
facet normal 0 -1 0
 outer loop
  vertex -41.520218 -26.4 14.697609
  vertex -41.432014 -26.4 14.406841
  vertex -41.288776 -26.4 14.138866
 endloop
endfacet
facet normal 0 -1 0
 outer loop
  vertex -41.288776 -26.4 14.138866
  vertex -41.096016 -26.4 13.903984
  vertex -40.861134 -26.4 13.711224
 endloop
endfacet
facet normal 0 -1 0
 outer loop
  vertex -40.861134 -26.4 13.711224
  vertex -40.59316 -26.4 13.567986
  vertex -40.30239 -26.4 13.479782
 endloop
endfacet
facet normal -0 -1 0
 outer loop
  vertex -40.30239 -26.4 13.479782
  vertex -40 -26.4 13.450001
  vertex -39.69761 -26.4 13.479782
 endloop
endfacet
facet normal 0 -1 0
 outer loop
  vertex -39.69761 -26.4 13.479782
  vertex -39.40684 -26.4 13.567986
  vertex -39.138866 -26.4 13.711224
 endloop
endfacet
facet normal 0 -1 0
 outer loop
  vertex -39.138866 -26.4 13.711224
  vertex -38.903984 -26.4 13.903984
  vertex -38.711224 -26.4 14.138866
 endloop
endfacet
facet normal 0 -1 0
 outer loop
  vertex -38.711224 -26.4 14.138866
  vertex -38.567986 -26.4 14.406841
  vertex -38.479782 -26.4 14.697609
 endloop
endfacet
facet normal 0 -1 -0
 outer loop
  vertex -38.479782 -26.4 14.697609
  vertex -38.45 -26.4 15
  vertex -38.479782 -26.4 15.302391
 endloop
endfacet
facet normal 0 -1 0
 outer loop
  vertex -38.479782 -26.4 15.302391
  vertex -38.567986 -26.4 15.593159
  vertex -38.711224 -26.4 15.861134
 endloop
endfacet
facet normal 0 -1 0
 outer loop
  vertex -38.711224 -26.4 15.861134
  vertex -38.903984 -26.4 16.096016
  vertex -39.138866 -26.4 16.288776
 endloop
endfacet
facet normal 0 -1 0
 outer loop
  vertex -39.138866 -26.4 16.288776
  vertex -39.40684 -26.4 16.432014
  vertex -39.69761 -26.4 16.520218
 endloop
endfacet
facet normal 0 -1 0
 outer loop
  vertex -39.69761 -26.4 16.520218
  vertex -40 -26.4 16.55
  vertex -40.30239 -26.4 16.520218
 endloop
endfacet
facet normal 0 -1 0
 outer loop
  vertex -40.30239 -26.4 16.520218
  vertex -40.59316 -26.4 16.432014
  vertex -40.861134 -26.4 16.288776
 endloop
endfacet
facet normal 0 -1 0
 outer loop
  vertex -40.861134 -26.4 16.288776
  vertex -41.288776 -26.4 15.861134
  vertex -41.520218 -26.4 15.302391
 endloop
endfacet
facet normal 0 -1 0
 outer loop
  vertex -41.520218 -26.4 15.302391
  vertex -41.520218 -26.4 14.697609
  vertex -41.288776 -26.4 14.138866
 endloop
endfacet
facet normal 0 -1 0
 outer loop
  vertex -41.288776 -26.4 14.138866
  vertex -40.861134 -26.4 13.711224
  vertex -40.30239 -26.4 13.479782
 endloop
endfacet
facet normal -0 -1 0
 outer loop
  vertex -40.30239 -26.4 13.479782
  vertex -39.69761 -26.4 13.479782
  vertex -39.138866 -26.4 13.711224
 endloop
endfacet
facet normal 0 -1 0
 outer loop
  vertex -39.138866 -26.4 13.711224
  vertex -38.711224 -26.4 14.138866
  vertex -38.479782 -26.4 14.697609
 endloop
endfacet
facet normal 0 -1 0
 outer loop
  vertex -38.479782 -26.4 14.697609
  vertex -38.479782 -26.4 15.302391
  vertex -38.711224 -26.4 15.861134
 endloop
endfacet
facet normal 0 -1 0
 outer loop
  vertex -38.711224 -26.4 15.861134
  vertex -39.138866 -26.4 16.288776
  vertex -39.69761 -26.4 16.520218
 endloop
endfacet
facet normal 0 -1 0
 outer loop
  vertex -39.69761 -26.4 16.520218
  vertex -40.30239 -26.4 16.520218
  vertex -40.861134 -26.4 16.288776
 endloop
endfacet
facet normal 0 -1 0
 outer loop
  vertex -40.861134 -26.4 16.288776
  vertex -41.520218 -26.4 15.302391
  vertex -41.288776 -26.4 14.138866
 endloop
endfacet
facet normal -0 -1 0
 outer loop
  vertex -41.288776 -26.4 14.138866
  vertex -40.30239 -26.4 13.479782
  vertex -39.138866 -26.4 13.711224
 endloop
endfacet
facet normal 0 -1 -0
 outer loop
  vertex -39.138866 -26.4 13.711224
  vertex -38.479782 -26.4 14.697609
  vertex -38.711224 -26.4 15.861134
 endloop
endfacet
facet normal 0 -1 0
 outer loop
  vertex -38.711224 -26.4 15.861134
  vertex -39.69761 -26.4 16.520218
  vertex -40.861134 -26.4 16.288776
 endloop
endfacet
facet normal 0 -1 0
 outer loop
  vertex -40.861134 -26.4 16.288776
  vertex -41.288776 -26.4 14.138866
  vertex -39.138866 -26.4 13.711224
 endloop
endfacet
facet normal 0 -1 -0
 outer loop
  vertex -39.138866 -26.4 13.711224
  vertex -38.711224 -26.4 15.861134
  vertex -40.861134 -26.4 16.288776
 endloop
endfacet
facet normal -0.09802443 -0 -0.995184
 outer loop
  vertex -40 -28.17565 111.55
  vertex -40 -26.4 111.55
  vertex -39.69761 -26.4 111.52022
 endloop
endfacet
facet normal -0.09802048 0 -0.99518436
 outer loop
  vertex -39.69761 -26.4 111.52022
  vertex -39.69761 -28.17565 111.52022
  vertex -39.944706 -28.17565 111.544556
 endloop
endfacet
facet normal -0.0980421 3.0396457e-06 -0.9951823
 outer loop
  vertex -39.69761 -26.4 111.52022
  vertex -39.944706 -28.17565 111.544556
  vertex -40 -28.17565 111.55
 endloop
endfacet
facet normal -0.29028472 -0 -0.9569403
 outer loop
  vertex -39.69761 -28.17565 111.52022
  vertex -39.69761 -26.4 111.52022
  vertex -39.40684 -26.4 111.432014
 endloop
endfacet
facet normal -0.29028472 0 -0.9569403
 outer loop
  vertex -39.69761 -28.17565 111.52022
  vertex -39.40684 -26.4 111.432014
  vertex -39.40684 -28.17565 111.432014
 endloop
endfacet
facet normal -0.47141296 -0 -0.8819126
 outer loop
  vertex -39.40684 -28.17565 111.432014
  vertex -39.40684 -26.4 111.432014
  vertex -39.138866 -26.4 111.28877
 endloop
endfacet
facet normal -0.4715101 0 -0.8818607
 outer loop
  vertex -39.138866 -26.4 111.28877
  vertex -39.138866 -28.17565 111.28877
  vertex -39.171814 -28.17565 111.30639
 endloop
endfacet
facet normal -0.47139937 -2.6412292e-06 -0.88191986
 outer loop
  vertex -39.138866 -26.4 111.28877
  vertex -39.171814 -28.17565 111.30639
  vertex -39.40684 -28.17565 111.432014
 endloop
endfacet
facet normal -0.6343808 -0 -0.7730206
 outer loop
  vertex -39.138866 -28.17565 111.28877
  vertex -39.138866 -26.4 111.28877
  vertex -38.903984 -26.4 111.096016
 endloop
endfacet
facet normal -0.6343808 0 -0.7730206
 outer loop
  vertex -39.138866 -28.17565 111.28877
  vertex -38.903984 -26.4 111.096016
  vertex -38.903984 -28.17565 111.096016
 endloop
endfacet
facet normal -0.7730195 -0 -0.6343822
 outer loop
  vertex -38.903984 -28.17565 111.096016
  vertex -38.903984 -26.4 111.096016
  vertex -38.711224 -26.4 110.86113
 endloop
endfacet
facet normal -0.7730195 0 -0.6343822
 outer loop
  vertex -38.903984 -28.17565 111.096016
  vertex -38.711224 -26.4 110.86113
  vertex -38.711224 -28.17565 110.86113
 endloop
endfacet
facet normal -0.8819178 -0 -0.47140318
 outer loop
  vertex -38.711224 -28.17565 110.86113
  vertex -38.711224 -26.4 110.86113
  vertex -38.567986 -26.4 110.593155
 endloop
endfacet
facet normal -0.8819178 0 -0.47140318
 outer loop
  vertex -38.711224 -28.17565 110.86113
  vertex -38.567986 -26.4 110.593155
  vertex -38.567986 -28.17565 110.593155
 endloop
endfacet
facet normal -0.9569392 -0 -0.2902882
 outer loop
  vertex -38.567986 -28.17565 110.593155
  vertex -38.567986 -26.4 110.593155
  vertex -38.479782 -26.4 110.30239
 endloop
endfacet
facet normal -0.9569392 0 -0.2902882
 outer loop
  vertex -38.567986 -28.17565 110.593155
  vertex -38.479782 -26.4 110.30239
  vertex -38.479782 -28.17565 110.30239
 endloop
endfacet
facet normal -0.99518526 -0 -0.098012
 outer loop
  vertex -38.479782 -28.17565 110.30239
  vertex -38.479782 -26.4 110.30239
  vertex -38.45 -26.4 110
 endloop
endfacet
facet normal -0.99518526 0 -0.098012
 outer loop
  vertex -38.479782 -28.17565 110.30239
  vertex -38.45 -26.4 110
  vertex -38.45 -28.17565 110
 endloop
endfacet
facet normal -0.99518526 0 0.098012
 outer loop
  vertex -38.45 -28.17565 110
  vertex -38.45 -26.4 110
  vertex -38.479782 -26.4 109.69761
 endloop
endfacet
facet normal -0.99518526 0 0.098012
 outer loop
  vertex -38.45 -28.17565 110
  vertex -38.479782 -26.4 109.69761
  vertex -38.479782 -28.17565 109.69761
 endloop
endfacet
facet normal -0.9569392 0 0.2902882
 outer loop
  vertex -38.479782 -28.17565 109.69761
  vertex -38.479782 -26.4 109.69761
  vertex -38.567986 -26.4 109.406845
 endloop
endfacet
facet normal -0.9569392 0 0.2902882
 outer loop
  vertex -38.479782 -28.17565 109.69761
  vertex -38.567986 -26.4 109.406845
  vertex -38.567986 -28.17565 109.406845
 endloop
endfacet
facet normal -0.8819178 0 0.47140318
 outer loop
  vertex -38.567986 -28.17565 109.406845
  vertex -38.567986 -26.4 109.406845
  vertex -38.711224 -26.4 109.13887
 endloop
endfacet
facet normal -0.8819178 0 0.47140318
 outer loop
  vertex -38.567986 -28.17565 109.406845
  vertex -38.711224 -26.4 109.13887
  vertex -38.711224 -28.17565 109.13887
 endloop
endfacet
facet normal -0.7730195 0 0.6343822
 outer loop
  vertex -38.711224 -28.17565 109.13887
  vertex -38.711224 -26.4 109.13887
  vertex -38.903984 -26.4 108.903984
 endloop
endfacet
facet normal -0.7730195 0 0.6343822
 outer loop
  vertex -38.711224 -28.17565 109.13887
  vertex -38.903984 -26.4 108.903984
  vertex -38.903984 -28.17565 108.903984
 endloop
endfacet
facet normal -0.6343929 0 0.77301073
 outer loop
  vertex -39.06736 -28.17565 108.769905
  vertex -38.903984 -28.17565 108.903984
  vertex -38.903984 -26.4 108.903984
 endloop
endfacet
facet normal -0.6343808 0 0.7730206
 outer loop
  vertex -38.903984 -26.4 108.903984
  vertex -39.138866 -26.4 108.71123
  vertex -39.138866 -28.17565 108.71123
 endloop
endfacet
facet normal -0.6343533 -6.106843e-06 0.7730433
 outer loop
  vertex -38.903984 -26.4 108.903984
  vertex -39.138866 -28.17565 108.71123
  vertex -39.06736 -28.17565 108.769905
 endloop
endfacet
facet normal -0.47141296 0 0.8819126
 outer loop
  vertex -39.138866 -28.17565 108.71123
  vertex -39.138866 -26.4 108.71123
  vertex -39.40684 -26.4 108.567986
 endloop
endfacet
facet normal -0.47141296 0 0.8819126
 outer loop
  vertex -39.138866 -28.17565 108.71123
  vertex -39.40684 -26.4 108.567986
  vertex -39.40684 -28.17565 108.567986
 endloop
endfacet
facet normal -0.29028472 0 0.9569403
 outer loop
  vertex -39.40684 -28.17565 108.567986
  vertex -39.40684 -26.4 108.567986
  vertex -39.69761 -26.4 108.47978
 endloop
endfacet
facet normal -0.29028472 0 0.9569403
 outer loop
  vertex -39.40684 -28.17565 108.567986
  vertex -39.69761 -26.4 108.47978
  vertex -39.69761 -28.17565 108.47978
 endloop
endfacet
facet normal -0.0979946 0 0.995187
 outer loop
  vertex -39.795002 -28.17565 108.47019
  vertex -39.69761 -28.17565 108.47978
  vertex -39.69761 -26.4 108.47978
 endloop
endfacet
facet normal -0.09802443 0 0.995184
 outer loop
  vertex -39.69761 -26.4 108.47978
  vertex -40 -26.4 108.45
  vertex -40 -28.17565 108.45
 endloop
endfacet
facet normal -0.09803861 2.4380054e-06 0.99518263
 outer loop
  vertex -39.69761 -26.4 108.47978
  vertex -40 -28.17565 108.45
  vertex -39.795002 -28.17565 108.47019
 endloop
endfacet
facet normal 0.09802443 0 0.995184
 outer loop
  vertex -40 -28.17565 108.45
  vertex -40 -26.4 108.45
  vertex -40.30239 -26.4 108.47978
 endloop
endfacet
facet normal 0.09802443 -0 0.995184
 outer loop
  vertex -40 -28.17565 108.45
  vertex -40.30239 -26.4 108.47978
  vertex -40.30239 -28.17565 108.47978
 endloop
endfacet
facet normal 0.29029325 0 0.95693773
 outer loop
  vertex -40.517876 -28.17565 108.54515
  vertex -40.30239 -28.17565 108.47978
  vertex -40.30239 -26.4 108.47978
 endloop
endfacet
facet normal 0.29028472 -0 0.9569403
 outer loop
  vertex -40.30239 -26.4 108.47978
  vertex -40.59316 -26.4 108.567986
  vertex -40.59316 -28.17565 108.567986
 endloop
endfacet
facet normal 0.2902604 4.3535842e-06 0.9569477
 outer loop
  vertex -40.30239 -26.4 108.47978
  vertex -40.59316 -28.17565 108.567986
  vertex -40.517876 -28.17565 108.54515
 endloop
endfacet
facet normal 0.47141296 0 0.8819126
 outer loop
  vertex -40.59316 -28.17565 108.567986
  vertex -40.59316 -26.4 108.567986
  vertex -40.861134 -26.4 108.71123
 endloop
endfacet
facet normal 0.47141296 -0 0.8819126
 outer loop
  vertex -40.59316 -28.17565 108.567986
  vertex -40.861134 -26.4 108.71123
  vertex -40.861134 -28.17565 108.71123
 endloop
endfacet
facet normal 0.63435477 0 0.77304196
 outer loop
  vertex -40.98886 -28.17565 108.81604
  vertex -40.861134 -28.17565 108.71123
  vertex -40.861134 -26.4 108.71123
 endloop
endfacet
facet normal 0.6343808 -0 0.7730206
 outer loop
  vertex -40.861134 -26.4 108.71123
  vertex -41.096016 -26.4 108.903984
  vertex -41.096016 -28.17565 108.903984
 endloop
endfacet
facet normal 0 1 0
 outer loop
  vertex -41.096016 -28.17565 108.903984
  vertex -41.042645 -28.17565 108.86018
  vertex -40.98886 -28.17565 108.81604
 endloop
endfacet
facet normal 0.63441193 -6.8786244e-06 0.7729952
 outer loop
  vertex -40.861134 -26.4 108.71123
  vertex -41.096016 -28.17565 108.903984
  vertex -40.98886 -28.17565 108.81604
 endloop
endfacet
facet normal 0.7730195 0 0.6343822
 outer loop
  vertex -41.096016 -28.17565 108.903984
  vertex -41.096016 -26.4 108.903984
  vertex -41.288776 -26.4 109.13887
 endloop
endfacet
facet normal 0.7730195 -0 0.6343822
 outer loop
  vertex -41.096016 -28.17565 108.903984
  vertex -41.288776 -26.4 109.13887
  vertex -41.288776 -28.17565 109.13887
 endloop
endfacet
facet normal 0.8819178 0 0.47140318
 outer loop
  vertex -41.288776 -28.17565 109.13887
  vertex -41.288776 -26.4 109.13887
  vertex -41.432014 -26.4 109.406845
 endloop
endfacet
facet normal 0.8819178 -0 0.47140318
 outer loop
  vertex -41.288776 -28.17565 109.13887
  vertex -41.432014 -26.4 109.406845
  vertex -41.432014 -28.17565 109.406845
 endloop
endfacet
facet normal 0.9569392 0 0.2902882
 outer loop
  vertex -41.432014 -28.17565 109.406845
  vertex -41.432014 -26.4 109.406845
  vertex -41.520218 -26.4 109.69761
 endloop
endfacet
facet normal 0.9569392 -0 0.2902882
 outer loop
  vertex -41.432014 -28.17565 109.406845
  vertex -41.520218 -26.4 109.69761
  vertex -41.520218 -28.17565 109.69761
 endloop
endfacet
facet normal 0.99518526 0 0.098012
 outer loop
  vertex -41.520218 -28.17565 109.69761
  vertex -41.520218 -26.4 109.69761
  vertex -41.55 -26.4 110
 endloop
endfacet
facet normal 0.99518526 -0 0.098012
 outer loop
  vertex -41.520218 -28.17565 109.69761
  vertex -41.55 -26.4 110
  vertex -41.55 -28.17565 110
 endloop
endfacet
facet normal 0.99518526 0 -0.098012
 outer loop
  vertex -41.55 -28.17565 110
  vertex -41.55 -26.4 110
  vertex -41.520218 -26.4 110.30239
 endloop
endfacet
facet normal 0.99518526 0 -0.098012
 outer loop
  vertex -41.55 -28.17565 110
  vertex -41.520218 -26.4 110.30239
  vertex -41.520218 -28.17565 110.30239
 endloop
endfacet
facet normal 0.9569392 0 -0.2902882
 outer loop
  vertex -41.520218 -28.17565 110.30239
  vertex -41.520218 -26.4 110.30239
  vertex -41.432014 -26.4 110.593155
 endloop
endfacet
facet normal 0.9569392 0 -0.2902882
 outer loop
  vertex -41.520218 -28.17565 110.30239
  vertex -41.432014 -26.4 110.593155
  vertex -41.432014 -28.17565 110.593155
 endloop
endfacet
facet normal 0.8819178 0 -0.47140318
 outer loop
  vertex -41.432014 -28.17565 110.593155
  vertex -41.432014 -26.4 110.593155
  vertex -41.288776 -26.4 110.86113
 endloop
endfacet
facet normal 0.8819178 0 -0.47140318
 outer loop
  vertex -41.432014 -28.17565 110.593155
  vertex -41.288776 -26.4 110.86113
  vertex -41.288776 -28.17565 110.86113
 endloop
endfacet
facet normal 0.7730195 0 -0.6343822
 outer loop
  vertex -41.288776 -28.17565 110.86113
  vertex -41.288776 -26.4 110.86113
  vertex -41.096016 -26.4 111.096016
 endloop
endfacet
facet normal 0.7730195 0 -0.6343822
 outer loop
  vertex -41.288776 -28.17565 110.86113
  vertex -41.096016 -26.4 111.096016
  vertex -41.096016 -28.17565 111.096016
 endloop
endfacet
facet normal 0.6343808 0 -0.7730206
 outer loop
  vertex -41.096016 -28.17565 111.096016
  vertex -41.096016 -26.4 111.096016
  vertex -40.861134 -26.4 111.28877
 endloop
endfacet
facet normal 0.63435477 0 -0.77304196
 outer loop
  vertex -40.861134 -26.4 111.28877
  vertex -40.861134 -28.17565 111.28877
  vertex -40.98886 -28.17565 111.18396
 endloop
endfacet
facet normal 0.6344075 -5.8986693e-06 -0.7729988
 outer loop
  vertex -41.02742 -28.17565 111.15231
  vertex -41.096016 -28.17565 111.096016
  vertex -40.861134 -26.4 111.28877
 endloop
endfacet
facet normal 0.63441974 -7.812309e-06 -0.77298874
 outer loop
  vertex -40.861134 -26.4 111.28877
  vertex -40.98886 -28.17565 111.18396
  vertex -41.02742 -28.17565 111.15231
 endloop
endfacet
facet normal 0.47141296 0 -0.8819126
 outer loop
  vertex -40.861134 -28.17565 111.28877
  vertex -40.861134 -26.4 111.28877
  vertex -40.59316 -26.4 111.432014
 endloop
endfacet
facet normal 0.47142515 0 -0.88190603
 outer loop
  vertex -40.59316 -26.4 111.432014
  vertex -40.59316 -28.17565 111.432014
  vertex -40.67701 -28.17565 111.38719
 endloop
endfacet
facet normal 0.4714074 1.0777467e-06 -0.88191557
 outer loop
  vertex -40.59316 -26.4 111.432014
  vertex -40.67701 -28.17565 111.38719
  vertex -40.861134 -28.17565 111.28877
 endloop
endfacet
facet normal 0.29028472 0 -0.9569403
 outer loop
  vertex -40.59316 -28.17565 111.432014
  vertex -40.59316 -26.4 111.432014
  vertex -40.30239 -26.4 111.52022
 endloop
endfacet
facet normal 0.29028472 0 -0.9569403
 outer loop
  vertex -40.59316 -28.17565 111.432014
  vertex -40.30239 -26.4 111.52022
  vertex -40.30239 -28.17565 111.52022
 endloop
endfacet
facet normal 0.09802443 0 -0.995184
 outer loop
  vertex -40.30239 -28.17565 111.52022
  vertex -40.30239 -26.4 111.52022
  vertex -40 -26.4 111.55
 endloop
endfacet
facet normal 0.09802443 0 -0.995184
 outer loop
  vertex -40.30239 -28.17565 111.52022
  vertex -40 -26.4 111.55
  vertex -40 -28.17565 111.55
 endloop
endfacet
facet normal 0 -1 0
 outer loop
  vertex -40.861134 -26.4 111.28877
  vertex -41.096016 -26.4 111.096016
  vertex -41.288776 -26.4 110.86113
 endloop
endfacet
facet normal 0 -1 0
 outer loop
  vertex -41.288776 -26.4 110.86113
  vertex -41.432014 -26.4 110.593155
  vertex -41.520218 -26.4 110.30239
 endloop
endfacet
facet normal 0 -1 0
 outer loop
  vertex -41.520218 -26.4 110.30239
  vertex -41.55 -26.4 110
  vertex -41.520218 -26.4 109.69761
 endloop
endfacet
facet normal 0 -1 0
 outer loop
  vertex -41.520218 -26.4 109.69761
  vertex -41.432014 -26.4 109.406845
  vertex -41.288776 -26.4 109.13887
 endloop
endfacet
facet normal 0 -1 0
 outer loop
  vertex -41.288776 -26.4 109.13887
  vertex -41.096016 -26.4 108.903984
  vertex -40.861134 -26.4 108.71123
 endloop
endfacet
facet normal 0 -1 0
 outer loop
  vertex -40.861134 -26.4 108.71123
  vertex -40.59316 -26.4 108.567986
  vertex -40.30239 -26.4 108.47978
 endloop
endfacet
facet normal -0 -1 0
 outer loop
  vertex -40.30239 -26.4 108.47978
  vertex -40 -26.4 108.45
  vertex -39.69761 -26.4 108.47978
 endloop
endfacet
facet normal 0 -1 0
 outer loop
  vertex -39.69761 -26.4 108.47978
  vertex -39.40684 -26.4 108.567986
  vertex -39.138866 -26.4 108.71123
 endloop
endfacet
facet normal 0 -1 0
 outer loop
  vertex -39.138866 -26.4 108.71123
  vertex -38.903984 -26.4 108.903984
  vertex -38.711224 -26.4 109.13887
 endloop
endfacet
facet normal 0 -1 0
 outer loop
  vertex -38.711224 -26.4 109.13887
  vertex -38.567986 -26.4 109.406845
  vertex -38.479782 -26.4 109.69761
 endloop
endfacet
facet normal 0 -1 -0
 outer loop
  vertex -38.479782 -26.4 109.69761
  vertex -38.45 -26.4 110
  vertex -38.479782 -26.4 110.30239
 endloop
endfacet
facet normal 0 -1 0
 outer loop
  vertex -38.479782 -26.4 110.30239
  vertex -38.567986 -26.4 110.593155
  vertex -38.711224 -26.4 110.86113
 endloop
endfacet
facet normal 0 -1 0
 outer loop
  vertex -38.711224 -26.4 110.86113
  vertex -38.903984 -26.4 111.096016
  vertex -39.138866 -26.4 111.28877
 endloop
endfacet
facet normal 0 -1 0
 outer loop
  vertex -39.138866 -26.4 111.28877
  vertex -39.40684 -26.4 111.432014
  vertex -39.69761 -26.4 111.52022
 endloop
endfacet
facet normal 0 -1 0
 outer loop
  vertex -39.69761 -26.4 111.52022
  vertex -40 -26.4 111.55
  vertex -40.30239 -26.4 111.52022
 endloop
endfacet
facet normal 0 -1 0
 outer loop
  vertex -40.30239 -26.4 111.52022
  vertex -40.59316 -26.4 111.432014
  vertex -40.861134 -26.4 111.28877
 endloop
endfacet
facet normal 0 -1 0
 outer loop
  vertex -40.861134 -26.4 111.28877
  vertex -41.288776 -26.4 110.86113
  vertex -41.520218 -26.4 110.30239
 endloop
endfacet
facet normal 0 -1 0
 outer loop
  vertex -41.520218 -26.4 110.30239
  vertex -41.520218 -26.4 109.69761
  vertex -41.288776 -26.4 109.13887
 endloop
endfacet
facet normal 0 -1 0
 outer loop
  vertex -41.288776 -26.4 109.13887
  vertex -40.861134 -26.4 108.71123
  vertex -40.30239 -26.4 108.47978
 endloop
endfacet
facet normal -0 -1 0
 outer loop
  vertex -40.30239 -26.4 108.47978
  vertex -39.69761 -26.4 108.47978
  vertex -39.138866 -26.4 108.71123
 endloop
endfacet
facet normal 0 -1 0
 outer loop
  vertex -39.138866 -26.4 108.71123
  vertex -38.711224 -26.4 109.13887
  vertex -38.479782 -26.4 109.69761
 endloop
endfacet
facet normal 0 -1 0
 outer loop
  vertex -38.479782 -26.4 109.69761
  vertex -38.479782 -26.4 110.30239
  vertex -38.711224 -26.4 110.86113
 endloop
endfacet
facet normal 0 -1 0
 outer loop
  vertex -38.711224 -26.4 110.86113
  vertex -39.138866 -26.4 111.28877
  vertex -39.69761 -26.4 111.52022
 endloop
endfacet
facet normal 0 -1 0
 outer loop
  vertex -39.69761 -26.4 111.52022
  vertex -40.30239 -26.4 111.52022
  vertex -40.861134 -26.4 111.28877
 endloop
endfacet
facet normal 0 -1 0
 outer loop
  vertex -40.861134 -26.4 111.28877
  vertex -41.520218 -26.4 110.30239
  vertex -41.288776 -26.4 109.13887
 endloop
endfacet
facet normal -0 -1 0
 outer loop
  vertex -41.288776 -26.4 109.13887
  vertex -40.30239 -26.4 108.47978
  vertex -39.138866 -26.4 108.71123
 endloop
endfacet
facet normal 0 -1 -0
 outer loop
  vertex -39.138866 -26.4 108.71123
  vertex -38.479782 -26.4 109.69761
  vertex -38.711224 -26.4 110.86113
 endloop
endfacet
facet normal 0 -1 0
 outer loop
  vertex -38.711224 -26.4 110.86113
  vertex -39.69761 -26.4 111.52022
  vertex -40.861134 -26.4 111.28877
 endloop
endfacet
facet normal 0 -1 0
 outer loop
  vertex -40.861134 -26.4 111.28877
  vertex -41.288776 -26.4 109.13887
  vertex -39.138866 -26.4 108.71123
 endloop
endfacet
facet normal 0 -1 -0
 outer loop
  vertex -39.138866 -26.4 108.71123
  vertex -38.711224 -26.4 110.86113
  vertex -40.861134 -26.4 111.28877
 endloop
endfacet
facet normal -0.098012 -0 -0.99518526
 outer loop
  vertex 40 -28.17565 16.55
  vertex 40 -26.4 16.55
  vertex 40.30239 -26.4 16.520218
 endloop
endfacet
facet normal -0.098012 0 -0.99518526
 outer loop
  vertex 40 -28.17565 16.55
  vertex 40.30239 -26.4 16.520218
  vertex 40.30239 -28.17565 16.520218
 endloop
endfacet
facet normal -0.29028472 -0 -0.9569403
 outer loop
  vertex 40.30239 -28.17565 16.520218
  vertex 40.30239 -26.4 16.520218
  vertex 40.59316 -26.4 16.432014
 endloop
endfacet
facet normal -0.29028472 0 -0.9569403
 outer loop
  vertex 40.30239 -28.17565 16.520218
  vertex 40.59316 -26.4 16.432014
  vertex 40.59316 -28.17565 16.432014
 endloop
endfacet
facet normal -0.47140318 -0 -0.8819178
 outer loop
  vertex 40.59316 -28.17565 16.432014
  vertex 40.59316 -26.4 16.432014
  vertex 40.861134 -26.4 16.288776
 endloop
endfacet
facet normal -0.47140196 0 -0.88191855
 outer loop
  vertex 40.861134 -26.4 16.288776
  vertex 40.861134 -28.17565 16.288776
  vertex 40.59961 -28.17565 16.428566
 endloop
endfacet
facet normal -0.4714542 9.895389e-06 -0.8818906
 outer loop
  vertex 40.861134 -26.4 16.288776
  vertex 40.59961 -28.17565 16.428566
  vertex 40.59316 -28.17565 16.432014
 endloop
endfacet
facet normal -0.6343884 -0 -0.7730145
 outer loop
  vertex 40.861134 -28.17565 16.288776
  vertex 40.861134 -26.4 16.288776
  vertex 41.096016 -26.4 16.096016
 endloop
endfacet
facet normal -0.6343884 0 -0.7730145
 outer loop
  vertex 40.861134 -28.17565 16.288776
  vertex 41.096016 -26.4 16.096016
  vertex 41.096016 -28.17565 16.096016
 endloop
endfacet
facet normal -0.7730145 -0 -0.6343884
 outer loop
  vertex 41.096016 -28.17565 16.096016
  vertex 41.096016 -26.4 16.096016
  vertex 41.288776 -26.4 15.861134
 endloop
endfacet
facet normal -0.7730145 0 -0.6343884
 outer loop
  vertex 41.096016 -28.17565 16.096016
  vertex 41.288776 -26.4 15.861134
  vertex 41.288776 -28.17565 15.861134
 endloop
endfacet
facet normal -0.8819178 -0 -0.47140318
 outer loop
  vertex 41.288776 -28.17565 15.861134
  vertex 41.288776 -26.4 15.861134
  vertex 41.432014 -26.4 15.593159
 endloop
endfacet
facet normal -0.88191867 0 -0.47140154
 outer loop
  vertex 41.432014 -26.4 15.593159
  vertex 41.432014 -28.17565 15.593159
  vertex 41.362488 -28.17565 15.723232
 endloop
endfacet
facet normal -0.8819281 3.7307461e-06 -0.4713839
 outer loop
  vertex 41.306835 -28.17565 15.827347
  vertex 41.288776 -28.17565 15.861134
  vertex 41.432014 -26.4 15.593159
 endloop
endfacet
facet normal -0.88191336 -9.37432e-07 -0.4714115
 outer loop
  vertex 41.432014 -26.4 15.593159
  vertex 41.362488 -28.17565 15.723232
  vertex 41.306835 -28.17565 15.827347
 endloop
endfacet
facet normal -0.9569403 -0 -0.29028472
 outer loop
  vertex 41.432014 -28.17565 15.593159
  vertex 41.432014 -26.4 15.593159
  vertex 41.520218 -26.4 15.302391
 endloop
endfacet
facet normal -0.9569403 0 -0.29028472
 outer loop
  vertex 41.432014 -28.17565 15.593159
  vertex 41.520218 -26.4 15.302391
  vertex 41.520218 -28.17565 15.302391
 endloop
endfacet
facet normal -0.99518526 -0 -0.098012
 outer loop
  vertex 41.520218 -28.17565 15.302391
  vertex 41.520218 -26.4 15.302391
  vertex 41.55 -26.4 15
 endloop
endfacet
facet normal -0.99518526 0 -0.098012
 outer loop
  vertex 41.520218 -28.17565 15.302391
  vertex 41.55 -26.4 15
  vertex 41.55 -28.17565 15
 endloop
endfacet
facet normal -0.99518526 0 0.098012
 outer loop
  vertex 41.55 -28.17565 15
  vertex 41.55 -26.4 15
  vertex 41.520218 -26.4 14.697609
 endloop
endfacet
facet normal -0.99518526 0 0.098012
 outer loop
  vertex 41.55 -28.17565 15
  vertex 41.520218 -26.4 14.697609
  vertex 41.520218 -28.17565 14.697609
 endloop
endfacet
facet normal -0.9569403 0 0.29028472
 outer loop
  vertex 41.520218 -28.17565 14.697609
  vertex 41.520218 -26.4 14.697609
  vertex 41.432014 -26.4 14.406841
 endloop
endfacet
facet normal -0.9569403 0 0.29028472
 outer loop
  vertex 41.520218 -28.17565 14.697609
  vertex 41.432014 -26.4 14.406841
  vertex 41.432014 -28.17565 14.406841
 endloop
endfacet
facet normal -0.8819178 0 0.47140318
 outer loop
  vertex 41.432014 -28.17565 14.406841
  vertex 41.432014 -26.4 14.406841
  vertex 41.288776 -26.4 14.138866
 endloop
endfacet
facet normal -0.8819243 0 0.47139114
 outer loop
  vertex 41.288776 -26.4 14.138866
  vertex 41.288776 -28.17565 14.138866
  vertex 41.318295 -28.17565 14.194092
 endloop
endfacet
facet normal 0 -1 0
 outer loop
  vertex 41.318295 -28.17565 14.194092
  vertex 41.362488 -28.17565 14.276768
  vertex 41.432014 -28.17565 14.406841
 endloop
endfacet
facet normal -0.88191617 6.0660466e-07 0.4714063
 outer loop
  vertex 41.288776 -26.4 14.138866
  vertex 41.318295 -28.17565 14.194092
  vertex 41.432014 -28.17565 14.406841
 endloop
endfacet
facet normal -0.7730145 0 0.6343884
 outer loop
  vertex 41.288776 -28.17565 14.138866
  vertex 41.288776 -26.4 14.138866
  vertex 41.096016 -26.4 13.903984
 endloop
endfacet
facet normal -0.7730145 0 0.6343884
 outer loop
  vertex 41.288776 -28.17565 14.138866
  vertex 41.096016 -26.4 13.903984
  vertex 41.096016 -28.17565 13.903984
 endloop
endfacet
facet normal -0.6343884 0 0.7730145
 outer loop
  vertex 41.096016 -28.17565 13.903984
  vertex 41.096016 -26.4 13.903984
  vertex 40.861134 -26.4 13.711224
 endloop
endfacet
facet normal -0.6343884 0 0.7730145
 outer loop
  vertex 41.096016 -28.17565 13.903984
  vertex 40.861134 -26.4 13.711224
  vertex 40.861134 -28.17565 13.711224
 endloop
endfacet
facet normal -0.47140196 0 0.88191855
 outer loop
  vertex 40.59961 -28.17565 13.571434
  vertex 40.861134 -28.17565 13.711224
  vertex 40.861134 -26.4 13.711224
 endloop
endfacet
facet normal -0.47140318 0 0.8819178
 outer loop
  vertex 40.861134 -26.4 13.711224
  vertex 40.59316 -26.4 13.567986
  vertex 40.59316 -28.17565 13.567986
 endloop
endfacet
facet normal -0.4714542 9.895389e-06 0.8818906
 outer loop
  vertex 40.861134 -26.4 13.711224
  vertex 40.59316 -28.17565 13.567986
  vertex 40.59961 -28.17565 13.571434
 endloop
endfacet
facet normal -0.29028472 0 0.9569403
 outer loop
  vertex 40.59316 -28.17565 13.567986
  vertex 40.59316 -26.4 13.567986
  vertex 40.30239 -26.4 13.479782
 endloop
endfacet
facet normal -0.29028472 0 0.9569403
 outer loop
  vertex 40.59316 -28.17565 13.567986
  vertex 40.30239 -26.4 13.479782
  vertex 40.30239 -28.17565 13.479782
 endloop
endfacet
facet normal -0.098012 0 0.99518526
 outer loop
  vertex 40.30239 -28.17565 13.479782
  vertex 40.30239 -26.4 13.479782
  vertex 40 -26.4 13.450001
 endloop
endfacet
facet normal -0.098012 0 0.99518526
 outer loop
  vertex 40.30239 -28.17565 13.479782
  vertex 40 -26.4 13.450001
  vertex 40 -28.17565 13.450001
 endloop
endfacet
facet normal 0.098012 0 0.99518526
 outer loop
  vertex 40 -28.17565 13.450001
  vertex 40 -26.4 13.450001
  vertex 39.69761 -26.4 13.479782
 endloop
endfacet
facet normal 0.098012 -0 0.99518526
 outer loop
  vertex 40 -28.17565 13.450001
  vertex 39.69761 -26.4 13.479782
  vertex 39.69761 -28.17565 13.479782
 endloop
endfacet
facet normal 0.29028472 0 0.9569403
 outer loop
  vertex 39.69761 -28.17565 13.479782
  vertex 39.69761 -26.4 13.479782
  vertex 39.40684 -26.4 13.567986
 endloop
endfacet
facet normal 0.29028472 -0 0.9569403
 outer loop
  vertex 39.69761 -28.17565 13.479782
  vertex 39.40684 -26.4 13.567986
  vertex 39.40684 -28.17565 13.567986
 endloop
endfacet
facet normal 0.47140318 0 0.8819178
 outer loop
  vertex 39.40684 -28.17565 13.567986
  vertex 39.40684 -26.4 13.567986
  vertex 39.138866 -26.4 13.711224
 endloop
endfacet
facet normal 0.47140318 -0 0.8819178
 outer loop
  vertex 39.40684 -28.17565 13.567986
  vertex 39.138866 -26.4 13.711224
  vertex 39.138866 -28.17565 13.711224
 endloop
endfacet
facet normal 0.6343884 0 0.7730145
 outer loop
  vertex 39.138866 -28.17565 13.711224
  vertex 39.138866 -26.4 13.711224
  vertex 38.903984 -26.4 13.903984
 endloop
endfacet
facet normal 0.6343884 -0 0.7730145
 outer loop
  vertex 39.138866 -28.17565 13.711224
  vertex 38.903984 -26.4 13.903984
  vertex 38.903984 -28.17565 13.903984
 endloop
endfacet
facet normal 0.7730145 0 0.6343884
 outer loop
  vertex 38.903984 -28.17565 13.903984
  vertex 38.903984 -26.4 13.903984
  vertex 38.711224 -26.4 14.138866
 endloop
endfacet
facet normal 0.7730145 -0 0.6343884
 outer loop
  vertex 38.903984 -28.17565 13.903984
  vertex 38.711224 -26.4 14.138866
  vertex 38.711224 -28.17565 14.138866
 endloop
endfacet
facet normal 0.8819178 0 0.47140318
 outer loop
  vertex 38.711224 -28.17565 14.138866
  vertex 38.711224 -26.4 14.138866
  vertex 38.567986 -26.4 14.406841
 endloop
endfacet
facet normal 0.8819178 -0 0.47140318
 outer loop
  vertex 38.711224 -28.17565 14.138866
  vertex 38.567986 -26.4 14.406841
  vertex 38.567986 -28.17565 14.406841
 endloop
endfacet
facet normal 0.9569403 0 0.29028472
 outer loop
  vertex 38.567986 -28.17565 14.406841
  vertex 38.567986 -26.4 14.406841
  vertex 38.479782 -26.4 14.697609
 endloop
endfacet
facet normal 0.9569403 -0 0.29028472
 outer loop
  vertex 38.567986 -28.17565 14.406841
  vertex 38.479782 -26.4 14.697609
  vertex 38.479782 -28.17565 14.697609
 endloop
endfacet
facet normal 0.99518526 0 0.098012
 outer loop
  vertex 38.479782 -28.17565 14.697609
  vertex 38.479782 -26.4 14.697609
  vertex 38.45 -26.4 15
 endloop
endfacet
facet normal 0.99518526 -0 0.098012
 outer loop
  vertex 38.479782 -28.17565 14.697609
  vertex 38.45 -26.4 15
  vertex 38.45 -28.17565 15
 endloop
endfacet
facet normal 0.99518526 0 -0.098012
 outer loop
  vertex 38.45 -28.17565 15
  vertex 38.45 -26.4 15
  vertex 38.479782 -26.4 15.302391
 endloop
endfacet
facet normal 0.99518526 0 -0.098012
 outer loop
  vertex 38.45 -28.17565 15
  vertex 38.479782 -26.4 15.302391
  vertex 38.479782 -28.17565 15.302391
 endloop
endfacet
facet normal 0.9569403 0 -0.29028472
 outer loop
  vertex 38.479782 -28.17565 15.302391
  vertex 38.479782 -26.4 15.302391
  vertex 38.567986 -26.4 15.593159
 endloop
endfacet
facet normal 0.9569403 0 -0.29028472
 outer loop
  vertex 38.479782 -28.17565 15.302391
  vertex 38.567986 -26.4 15.593159
  vertex 38.567986 -28.17565 15.593159
 endloop
endfacet
facet normal 0.8819178 0 -0.47140318
 outer loop
  vertex 38.567986 -28.17565 15.593159
  vertex 38.567986 -26.4 15.593159
  vertex 38.711224 -26.4 15.861134
 endloop
endfacet
facet normal 0.8819178 0 -0.47140318
 outer loop
  vertex 38.567986 -28.17565 15.593159
  vertex 38.711224 -26.4 15.861134
  vertex 38.711224 -28.17565 15.861134
 endloop
endfacet
facet normal 0.7730145 0 -0.6343884
 outer loop
  vertex 38.711224 -28.17565 15.861134
  vertex 38.711224 -26.4 15.861134
  vertex 38.903984 -26.4 16.096016
 endloop
endfacet
facet normal 0.7730145 0 -0.6343884
 outer loop
  vertex 38.711224 -28.17565 15.861134
  vertex 38.903984 -26.4 16.096016
  vertex 38.903984 -28.17565 16.096016
 endloop
endfacet
facet normal 0.6343884 0 -0.7730145
 outer loop
  vertex 38.903984 -28.17565 16.096016
  vertex 38.903984 -26.4 16.096016
  vertex 39.138866 -26.4 16.288776
 endloop
endfacet
facet normal 0.6343884 0 -0.7730145
 outer loop
  vertex 38.903984 -28.17565 16.096016
  vertex 39.138866 -26.4 16.288776
  vertex 39.138866 -28.17565 16.288776
 endloop
endfacet
facet normal 0.47140318 0 -0.8819178
 outer loop
  vertex 39.138866 -28.17565 16.288776
  vertex 39.138866 -26.4 16.288776
  vertex 39.40684 -26.4 16.432014
 endloop
endfacet
facet normal 0.47140318 0 -0.8819178
 outer loop
  vertex 39.138866 -28.17565 16.288776
  vertex 39.40684 -26.4 16.432014
  vertex 39.40684 -28.17565 16.432014
 endloop
endfacet
facet normal 0.29028472 0 -0.9569403
 outer loop
  vertex 39.40684 -28.17565 16.432014
  vertex 39.40684 -26.4 16.432014
  vertex 39.69761 -26.4 16.520218
 endloop
endfacet
facet normal 0.29028472 0 -0.9569403
 outer loop
  vertex 39.40684 -28.17565 16.432014
  vertex 39.69761 -26.4 16.520218
  vertex 39.69761 -28.17565 16.520218
 endloop
endfacet
facet normal 0.098012 0 -0.99518526
 outer loop
  vertex 39.69761 -28.17565 16.520218
  vertex 39.69761 -26.4 16.520218
  vertex 40 -26.4 16.55
 endloop
endfacet
facet normal 0.098012 0 -0.99518526
 outer loop
  vertex 39.69761 -28.17565 16.520218
  vertex 40 -26.4 16.55
  vertex 40 -28.17565 16.55
 endloop
endfacet
facet normal 0 -1 0
 outer loop
  vertex 39.138866 -26.4 16.288776
  vertex 38.903984 -26.4 16.096016
  vertex 38.711224 -26.4 15.861134
 endloop
endfacet
facet normal 0 -1 0
 outer loop
  vertex 38.711224 -26.4 15.861134
  vertex 38.567986 -26.4 15.593159
  vertex 38.479782 -26.4 15.302391
 endloop
endfacet
facet normal 0 -1 0
 outer loop
  vertex 38.479782 -26.4 15.302391
  vertex 38.45 -26.4 15
  vertex 38.479782 -26.4 14.697609
 endloop
endfacet
facet normal 0 -1 0
 outer loop
  vertex 38.479782 -26.4 14.697609
  vertex 38.567986 -26.4 14.406841
  vertex 38.711224 -26.4 14.138866
 endloop
endfacet
facet normal 0 -1 0
 outer loop
  vertex 38.711224 -26.4 14.138866
  vertex 38.903984 -26.4 13.903984
  vertex 39.138866 -26.4 13.711224
 endloop
endfacet
facet normal 0 -1 0
 outer loop
  vertex 39.138866 -26.4 13.711224
  vertex 39.40684 -26.4 13.567986
  vertex 39.69761 -26.4 13.479782
 endloop
endfacet
facet normal -0 -1 0
 outer loop
  vertex 39.69761 -26.4 13.479782
  vertex 40 -26.4 13.450001
  vertex 40.30239 -26.4 13.479782
 endloop
endfacet
facet normal 0 -1 0
 outer loop
  vertex 40.30239 -26.4 13.479782
  vertex 40.59316 -26.4 13.567986
  vertex 40.861134 -26.4 13.711224
 endloop
endfacet
facet normal 0 -1 0
 outer loop
  vertex 40.861134 -26.4 13.711224
  vertex 41.096016 -26.4 13.903984
  vertex 41.288776 -26.4 14.138866
 endloop
endfacet
facet normal 0 -1 0
 outer loop
  vertex 41.288776 -26.4 14.138866
  vertex 41.432014 -26.4 14.406841
  vertex 41.520218 -26.4 14.697609
 endloop
endfacet
facet normal 0 -1 -0
 outer loop
  vertex 41.520218 -26.4 14.697609
  vertex 41.55 -26.4 15
  vertex 41.520218 -26.4 15.302391
 endloop
endfacet
facet normal 0 -1 0
 outer loop
  vertex 41.520218 -26.4 15.302391
  vertex 41.432014 -26.4 15.593159
  vertex 41.288776 -26.4 15.861134
 endloop
endfacet
facet normal 0 -1 0
 outer loop
  vertex 41.288776 -26.4 15.861134
  vertex 41.096016 -26.4 16.096016
  vertex 40.861134 -26.4 16.288776
 endloop
endfacet
facet normal 0 -1 0
 outer loop
  vertex 40.861134 -26.4 16.288776
  vertex 40.59316 -26.4 16.432014
  vertex 40.30239 -26.4 16.520218
 endloop
endfacet
facet normal 0 -1 0
 outer loop
  vertex 40.30239 -26.4 16.520218
  vertex 40 -26.4 16.55
  vertex 39.69761 -26.4 16.520218
 endloop
endfacet
facet normal 0 -1 0
 outer loop
  vertex 39.69761 -26.4 16.520218
  vertex 39.40684 -26.4 16.432014
  vertex 39.138866 -26.4 16.288776
 endloop
endfacet
facet normal 0 -1 0
 outer loop
  vertex 39.138866 -26.4 16.288776
  vertex 38.711224 -26.4 15.861134
  vertex 38.479782 -26.4 15.302391
 endloop
endfacet
facet normal 0 -1 0
 outer loop
  vertex 38.479782 -26.4 15.302391
  vertex 38.479782 -26.4 14.697609
  vertex 38.711224 -26.4 14.138866
 endloop
endfacet
facet normal 0 -1 0
 outer loop
  vertex 38.711224 -26.4 14.138866
  vertex 39.138866 -26.4 13.711224
  vertex 39.69761 -26.4 13.479782
 endloop
endfacet
facet normal -0 -1 0
 outer loop
  vertex 39.69761 -26.4 13.479782
  vertex 40.30239 -26.4 13.479782
  vertex 40.861134 -26.4 13.711224
 endloop
endfacet
facet normal 0 -1 0
 outer loop
  vertex 40.861134 -26.4 13.711224
  vertex 41.288776 -26.4 14.138866
  vertex 41.520218 -26.4 14.697609
 endloop
endfacet
facet normal 0 -1 0
 outer loop
  vertex 41.520218 -26.4 14.697609
  vertex 41.520218 -26.4 15.302391
  vertex 41.288776 -26.4 15.861134
 endloop
endfacet
facet normal 0 -1 0
 outer loop
  vertex 41.288776 -26.4 15.861134
  vertex 40.861134 -26.4 16.288776
  vertex 40.30239 -26.4 16.520218
 endloop
endfacet
facet normal 0 -1 0
 outer loop
  vertex 40.30239 -26.4 16.520218
  vertex 39.69761 -26.4 16.520218
  vertex 39.138866 -26.4 16.288776
 endloop
endfacet
facet normal 0 -1 0
 outer loop
  vertex 39.138866 -26.4 16.288776
  vertex 38.479782 -26.4 15.302391
  vertex 38.711224 -26.4 14.138866
 endloop
endfacet
facet normal -0 -1 0
 outer loop
  vertex 38.711224 -26.4 14.138866
  vertex 39.69761 -26.4 13.479782
  vertex 40.861134 -26.4 13.711224
 endloop
endfacet
facet normal 0 -1 -0
 outer loop
  vertex 40.861134 -26.4 13.711224
  vertex 41.520218 -26.4 14.697609
  vertex 41.288776 -26.4 15.861134
 endloop
endfacet
facet normal 0 -1 0
 outer loop
  vertex 41.288776 -26.4 15.861134
  vertex 40.30239 -26.4 16.520218
  vertex 39.138866 -26.4 16.288776
 endloop
endfacet
facet normal 0 -1 0
 outer loop
  vertex 39.138866 -26.4 16.288776
  vertex 38.711224 -26.4 14.138866
  vertex 40.861134 -26.4 13.711224
 endloop
endfacet
facet normal 0 -1 -0
 outer loop
  vertex 40.861134 -26.4 13.711224
  vertex 41.288776 -26.4 15.861134
  vertex 39.138866 -26.4 16.288776
 endloop
endfacet
facet normal -0.098012 -0 -0.99518526
 outer loop
  vertex -40 -28.17565 61.55
  vertex -40 -26.4 61.55
  vertex -39.69761 -26.4 61.520218
 endloop
endfacet
facet normal -0.098012 0 -0.99518526
 outer loop
  vertex -40 -28.17565 61.55
  vertex -39.69761 -26.4 61.520218
  vertex -39.69761 -28.17565 61.520218
 endloop
endfacet
facet normal -0.29028472 -0 -0.9569403
 outer loop
  vertex -39.69761 -28.17565 61.520218
  vertex -39.69761 -26.4 61.520218
  vertex -39.40684 -26.4 61.432014
 endloop
endfacet
facet normal -0.29028472 0 -0.9569403
 outer loop
  vertex -39.69761 -28.17565 61.520218
  vertex -39.40684 -26.4 61.432014
  vertex -39.40684 -28.17565 61.432014
 endloop
endfacet
facet normal -0.47140318 -0 -0.8819178
 outer loop
  vertex -39.40684 -28.17565 61.432014
  vertex -39.40684 -26.4 61.432014
  vertex -39.138866 -26.4 61.288776
 endloop
endfacet
facet normal -0.47140318 0 -0.8819178
 outer loop
  vertex -39.40684 -28.17565 61.432014
  vertex -39.138866 -26.4 61.288776
  vertex -39.138866 -28.17565 61.288776
 endloop
endfacet
facet normal -0.6343884 -0 -0.7730145
 outer loop
  vertex -39.138866 -28.17565 61.288776
  vertex -39.138866 -26.4 61.288776
  vertex -38.903984 -26.4 61.096016
 endloop
endfacet
facet normal -0.6343884 0 -0.7730145
 outer loop
  vertex -39.138866 -28.17565 61.288776
  vertex -38.903984 -26.4 61.096016
  vertex -38.903984 -28.17565 61.096016
 endloop
endfacet
facet normal -0.7730145 -0 -0.6343884
 outer loop
  vertex -38.903984 -28.17565 61.096016
  vertex -38.903984 -26.4 61.096016
  vertex -38.711224 -26.4 60.861134
 endloop
endfacet
facet normal -0.7730145 0 -0.6343884
 outer loop
  vertex -38.903984 -28.17565 61.096016
  vertex -38.711224 -26.4 60.861134
  vertex -38.711224 -28.17565 60.861134
 endloop
endfacet
facet normal -0.8819178 -0 -0.47140318
 outer loop
  vertex -38.711224 -28.17565 60.861134
  vertex -38.711224 -26.4 60.861134
  vertex -38.567986 -26.4 60.59316
 endloop
endfacet
facet normal -0.8819178 0 -0.47140318
 outer loop
  vertex -38.711224 -28.17565 60.861134
  vertex -38.567986 -26.4 60.59316
  vertex -38.567986 -28.17565 60.59316
 endloop
endfacet
facet normal -0.9569403 -0 -0.29028472
 outer loop
  vertex -38.567986 -28.17565 60.59316
  vertex -38.567986 -26.4 60.59316
  vertex -38.479782 -26.4 60.30239
 endloop
endfacet
facet normal -0.9569403 0 -0.29028472
 outer loop
  vertex -38.567986 -28.17565 60.59316
  vertex -38.479782 -26.4 60.30239
  vertex -38.479782 -28.17565 60.30239
 endloop
endfacet
facet normal -0.99518526 -0 -0.098012
 outer loop
  vertex -38.479782 -28.17565 60.30239
  vertex -38.479782 -26.4 60.30239
  vertex -38.45 -26.4 60
 endloop
endfacet
facet normal -0.99518526 0 -0.098012
 outer loop
  vertex -38.479782 -28.17565 60.30239
  vertex -38.45 -26.4 60
  vertex -38.45 -28.17565 60
 endloop
endfacet
facet normal -0.99518526 0 0.098012
 outer loop
  vertex -38.45 -28.17565 60
  vertex -38.45 -26.4 60
  vertex -38.479782 -26.4 59.69761
 endloop
endfacet
facet normal -0.99518526 0 0.098012
 outer loop
  vertex -38.45 -28.17565 60
  vertex -38.479782 -26.4 59.69761
  vertex -38.479782 -28.17565 59.69761
 endloop
endfacet
facet normal -0.9569403 0 0.29028472
 outer loop
  vertex -38.479782 -28.17565 59.69761
  vertex -38.479782 -26.4 59.69761
  vertex -38.567986 -26.4 59.40684
 endloop
endfacet
facet normal -0.9569403 0 0.29028472
 outer loop
  vertex -38.479782 -28.17565 59.69761
  vertex -38.567986 -26.4 59.40684
  vertex -38.567986 -28.17565 59.40684
 endloop
endfacet
facet normal -0.8819178 0 0.47140318
 outer loop
  vertex -38.567986 -28.17565 59.40684
  vertex -38.567986 -26.4 59.40684
  vertex -38.711224 -26.4 59.138866
 endloop
endfacet
facet normal -0.8819178 0 0.47140318
 outer loop
  vertex -38.567986 -28.17565 59.40684
  vertex -38.711224 -26.4 59.138866
  vertex -38.711224 -28.17565 59.138866
 endloop
endfacet
facet normal -0.7730145 0 0.6343884
 outer loop
  vertex -38.711224 -28.17565 59.138866
  vertex -38.711224 -26.4 59.138866
  vertex -38.903984 -26.4 58.903984
 endloop
endfacet
facet normal -0.7730145 0 0.6343884
 outer loop
  vertex -38.711224 -28.17565 59.138866
  vertex -38.903984 -26.4 58.903984
  vertex -38.903984 -28.17565 58.903984
 endloop
endfacet
facet normal -0.6343884 0 0.7730145
 outer loop
  vertex -38.903984 -28.17565 58.903984
  vertex -38.903984 -26.4 58.903984
  vertex -39.138866 -26.4 58.711224
 endloop
endfacet
facet normal -0.6343884 0 0.7730145
 outer loop
  vertex -38.903984 -28.17565 58.903984
  vertex -39.138866 -26.4 58.711224
  vertex -39.138866 -28.17565 58.711224
 endloop
endfacet
facet normal -0.47140318 0 0.8819178
 outer loop
  vertex -39.138866 -28.17565 58.711224
  vertex -39.138866 -26.4 58.711224
  vertex -39.40684 -26.4 58.567986
 endloop
endfacet
facet normal -0.47140318 0 0.8819178
 outer loop
  vertex -39.138866 -28.17565 58.711224
  vertex -39.40684 -26.4 58.567986
  vertex -39.40684 -28.17565 58.567986
 endloop
endfacet
facet normal -0.29028472 0 0.9569403
 outer loop
  vertex -39.40684 -28.17565 58.567986
  vertex -39.40684 -26.4 58.567986
  vertex -39.69761 -26.4 58.479782
 endloop
endfacet
facet normal -0.29028472 0 0.9569403
 outer loop
  vertex -39.40684 -28.17565 58.567986
  vertex -39.69761 -26.4 58.479782
  vertex -39.69761 -28.17565 58.479782
 endloop
endfacet
facet normal -0.098012 0 0.99518526
 outer loop
  vertex -39.69761 -28.17565 58.479782
  vertex -39.69761 -26.4 58.479782
  vertex -40 -26.4 58.45
 endloop
endfacet
facet normal -0.098012 0 0.99518526
 outer loop
  vertex -39.69761 -28.17565 58.479782
  vertex -40 -26.4 58.45
  vertex -40 -28.17565 58.45
 endloop
endfacet
facet normal 0.098012 0 0.99518526
 outer loop
  vertex -40 -28.17565 58.45
  vertex -40 -26.4 58.45
  vertex -40.30239 -26.4 58.479782
 endloop
endfacet
facet normal 0.098012 -0 0.99518526
 outer loop
  vertex -40 -28.17565 58.45
  vertex -40.30239 -26.4 58.479782
  vertex -40.30239 -28.17565 58.479782
 endloop
endfacet
facet normal 0.29028472 0 0.9569403
 outer loop
  vertex -40.30239 -28.17565 58.479782
  vertex -40.30239 -26.4 58.479782
  vertex -40.59316 -26.4 58.567986
 endloop
endfacet
facet normal 0.29028472 -0 0.9569403
 outer loop
  vertex -40.30239 -28.17565 58.479782
  vertex -40.59316 -26.4 58.567986
  vertex -40.59316 -28.17565 58.567986
 endloop
endfacet
facet normal 0.47140318 0 0.8819178
 outer loop
  vertex -40.59316 -28.17565 58.567986
  vertex -40.59316 -26.4 58.567986
  vertex -40.861134 -26.4 58.711224
 endloop
endfacet
facet normal 0.47140318 -0 0.8819178
 outer loop
  vertex -40.59316 -28.17565 58.567986
  vertex -40.861134 -26.4 58.711224
  vertex -40.861134 -28.17565 58.711224
 endloop
endfacet
facet normal 0.6343824 0 0.7730194
 outer loop
  vertex -40.98886 -28.17565 58.816044
  vertex -40.861134 -28.17565 58.711224
  vertex -40.861134 -26.4 58.711224
 endloop
endfacet
facet normal 0.6343884 -0 0.7730145
 outer loop
  vertex -40.861134 -26.4 58.711224
  vertex -41.096016 -26.4 58.903984
  vertex -41.096016 -28.17565 58.903984
 endloop
endfacet
facet normal 0.6343954 -1.5740142e-06 0.77300864
 outer loop
  vertex -40.861134 -26.4 58.711224
  vertex -41.096016 -28.17565 58.903984
  vertex -40.98886 -28.17565 58.816044
 endloop
endfacet
facet normal 0.7730145 0 0.6343884
 outer loop
  vertex -41.096016 -28.17565 58.903984
  vertex -41.096016 -26.4 58.903984
  vertex -41.288776 -26.4 59.138866
 endloop
endfacet
facet normal 0.7730145 -0 0.6343884
 outer loop
  vertex -41.096016 -28.17565 58.903984
  vertex -41.288776 -26.4 59.138866
  vertex -41.288776 -28.17565 59.138866
 endloop
endfacet
facet normal 0.8819178 0 0.47140318
 outer loop
  vertex -41.288776 -28.17565 59.138866
  vertex -41.288776 -26.4 59.138866
  vertex -41.432014 -26.4 59.40684
 endloop
endfacet
facet normal 0.8819178 -0 0.47140333
 outer loop
  vertex -41.432014 -26.4 59.40684
  vertex -41.432014 -28.17565 59.40684
  vertex -41.371914 -28.17565 59.294403
 endloop
endfacet
facet normal 0.88191783 2.0817865e-08 0.47140306
 outer loop
  vertex -41.432014 -26.4 59.40684
  vertex -41.371914 -28.17565 59.294403
  vertex -41.288776 -28.17565 59.138866
 endloop
endfacet
facet normal 0.9569403 0 0.29028472
 outer loop
  vertex -41.432014 -28.17565 59.40684
  vertex -41.432014 -26.4 59.40684
  vertex -41.520218 -26.4 59.69761
 endloop
endfacet
facet normal 0.9569403 -0 0.29028472
 outer loop
  vertex -41.432014 -28.17565 59.40684
  vertex -41.520218 -26.4 59.69761
  vertex -41.520218 -28.17565 59.69761
 endloop
endfacet
facet normal 0.99518526 0 0.098012
 outer loop
  vertex -41.520218 -28.17565 59.69761
  vertex -41.520218 -26.4 59.69761
  vertex -41.55 -26.4 60
 endloop
endfacet
facet normal 0.99518526 -0 0.098012
 outer loop
  vertex -41.520218 -28.17565 59.69761
  vertex -41.55 -26.4 60
  vertex -41.55 -28.17565 60
 endloop
endfacet
facet normal 0.99518526 0 -0.098012
 outer loop
  vertex -41.55 -28.17565 60
  vertex -41.55 -26.4 60
  vertex -41.520218 -26.4 60.30239
 endloop
endfacet
facet normal 0.99518526 0 -0.098012
 outer loop
  vertex -41.55 -28.17565 60
  vertex -41.520218 -26.4 60.30239
  vertex -41.520218 -28.17565 60.30239
 endloop
endfacet
facet normal 0.9569403 0 -0.29028472
 outer loop
  vertex -41.520218 -28.17565 60.30239
  vertex -41.520218 -26.4 60.30239
  vertex -41.432014 -26.4 60.59316
 endloop
endfacet
facet normal 0.9569403 0 -0.29028472
 outer loop
  vertex -41.520218 -28.17565 60.30239
  vertex -41.432014 -26.4 60.59316
  vertex -41.432014 -28.17565 60.59316
 endloop
endfacet
facet normal 0.8819178 0 -0.47140318
 outer loop
  vertex -41.432014 -28.17565 60.59316
  vertex -41.432014 -26.4 60.59316
  vertex -41.288776 -26.4 60.861134
 endloop
endfacet
facet normal 0.8819105 0 -0.4714169
 outer loop
  vertex -41.288776 -26.4 60.861134
  vertex -41.288776 -28.17565 60.861134
  vertex -41.362423 -28.17565 60.72336
 endloop
endfacet
facet normal 0.8819255 -2.8102313e-06 -0.4713887
 outer loop
  vertex -41.288776 -26.4 60.861134
  vertex -41.362423 -28.17565 60.72336
  vertex -41.432014 -28.17565 60.59316
 endloop
endfacet
facet normal 0.7730145 0 -0.6343884
 outer loop
  vertex -41.288776 -28.17565 60.861134
  vertex -41.288776 -26.4 60.861134
  vertex -41.096016 -26.4 61.096016
 endloop
endfacet
facet normal 0.7730145 0 -0.6343884
 outer loop
  vertex -41.288776 -28.17565 60.861134
  vertex -41.096016 -26.4 61.096016
  vertex -41.096016 -28.17565 61.096016
 endloop
endfacet
facet normal 0.6343884 0 -0.7730145
 outer loop
  vertex -41.096016 -28.17565 61.096016
  vertex -41.096016 -26.4 61.096016
  vertex -40.861134 -26.4 61.288776
 endloop
endfacet
facet normal 0.6343824 0 -0.7730194
 outer loop
  vertex -40.861134 -26.4 61.288776
  vertex -40.861134 -28.17565 61.288776
  vertex -40.98886 -28.17565 61.183956
 endloop
endfacet
facet normal 0.6343954 -1.5702304e-06 -0.77300864
 outer loop
  vertex -40.861134 -26.4 61.288776
  vertex -40.98886 -28.17565 61.183956
  vertex -41.096016 -28.17565 61.096016
 endloop
endfacet
facet normal 0.47140318 0 -0.8819178
 outer loop
  vertex -40.861134 -28.17565 61.288776
  vertex -40.861134 -26.4 61.288776
  vertex -40.59316 -26.4 61.432014
 endloop
endfacet
facet normal 0.47140318 0 -0.8819178
 outer loop
  vertex -40.861134 -28.17565 61.288776
  vertex -40.59316 -26.4 61.432014
  vertex -40.59316 -28.17565 61.432014
 endloop
endfacet
facet normal 0.29028472 0 -0.9569403
 outer loop
  vertex -40.59316 -28.17565 61.432014
  vertex -40.59316 -26.4 61.432014
  vertex -40.30239 -26.4 61.520218
 endloop
endfacet
facet normal 0.29028472 0 -0.9569403
 outer loop
  vertex -40.59316 -28.17565 61.432014
  vertex -40.30239 -26.4 61.520218
  vertex -40.30239 -28.17565 61.520218
 endloop
endfacet
facet normal 0.098012 0 -0.99518526
 outer loop
  vertex -40.30239 -28.17565 61.520218
  vertex -40.30239 -26.4 61.520218
  vertex -40 -26.4 61.55
 endloop
endfacet
facet normal 0.098012 0 -0.99518526
 outer loop
  vertex -40.30239 -28.17565 61.520218
  vertex -40 -26.4 61.55
  vertex -40 -28.17565 61.55
 endloop
endfacet
facet normal 0 -1 0
 outer loop
  vertex -40.30239 -26.4 61.520218
  vertex -40.59316 -26.4 61.432014
  vertex -40.861134 -26.4 61.288776
 endloop
endfacet
facet normal 0 -1 0
 outer loop
  vertex -40.861134 -26.4 61.288776
  vertex -41.096016 -26.4 61.096016
  vertex -41.288776 -26.4 60.861134
 endloop
endfacet
facet normal 0 -1 0
 outer loop
  vertex -41.288776 -26.4 60.861134
  vertex -41.432014 -26.4 60.59316
  vertex -41.520218 -26.4 60.30239
 endloop
endfacet
facet normal 0 -1 0
 outer loop
  vertex -41.520218 -26.4 60.30239
  vertex -41.55 -26.4 60
  vertex -41.520218 -26.4 59.69761
 endloop
endfacet
facet normal 0 -1 0
 outer loop
  vertex -41.520218 -26.4 59.69761
  vertex -41.432014 -26.4 59.40684
  vertex -41.288776 -26.4 59.138866
 endloop
endfacet
facet normal 0 -1 0
 outer loop
  vertex -41.288776 -26.4 59.138866
  vertex -41.096016 -26.4 58.903984
  vertex -40.861134 -26.4 58.711224
 endloop
endfacet
facet normal 0 -1 0
 outer loop
  vertex -40.861134 -26.4 58.711224
  vertex -40.59316 -26.4 58.567986
  vertex -40.30239 -26.4 58.479782
 endloop
endfacet
facet normal -0 -1 0
 outer loop
  vertex -40.30239 -26.4 58.479782
  vertex -40 -26.4 58.45
  vertex -39.69761 -26.4 58.479782
 endloop
endfacet
facet normal 0 -1 0
 outer loop
  vertex -39.69761 -26.4 58.479782
  vertex -39.40684 -26.4 58.567986
  vertex -39.138866 -26.4 58.711224
 endloop
endfacet
facet normal 0 -1 0
 outer loop
  vertex -39.138866 -26.4 58.711224
  vertex -38.903984 -26.4 58.903984
  vertex -38.711224 -26.4 59.138866
 endloop
endfacet
facet normal 0 -1 0
 outer loop
  vertex -38.711224 -26.4 59.138866
  vertex -38.567986 -26.4 59.40684
  vertex -38.479782 -26.4 59.69761
 endloop
endfacet
facet normal 0 -1 -0
 outer loop
  vertex -38.479782 -26.4 59.69761
  vertex -38.45 -26.4 60
  vertex -38.479782 -26.4 60.30239
 endloop
endfacet
facet normal 0 -1 0
 outer loop
  vertex -38.479782 -26.4 60.30239
  vertex -38.567986 -26.4 60.59316
  vertex -38.711224 -26.4 60.861134
 endloop
endfacet
facet normal 0 -1 0
 outer loop
  vertex -38.711224 -26.4 60.861134
  vertex -38.903984 -26.4 61.096016
  vertex -39.138866 -26.4 61.288776
 endloop
endfacet
facet normal 0 -1 0
 outer loop
  vertex -39.138866 -26.4 61.288776
  vertex -39.40684 -26.4 61.432014
  vertex -39.69761 -26.4 61.520218
 endloop
endfacet
facet normal 0 -1 0
 outer loop
  vertex -39.69761 -26.4 61.520218
  vertex -40 -26.4 61.55
  vertex -40.30239 -26.4 61.520218
 endloop
endfacet
facet normal 0 -1 0
 outer loop
  vertex -40.30239 -26.4 61.520218
  vertex -40.861134 -26.4 61.288776
  vertex -41.288776 -26.4 60.861134
 endloop
endfacet
facet normal 0 -1 0
 outer loop
  vertex -41.288776 -26.4 60.861134
  vertex -41.520218 -26.4 60.30239
  vertex -41.520218 -26.4 59.69761
 endloop
endfacet
facet normal 0 -1 0
 outer loop
  vertex -41.520218 -26.4 59.69761
  vertex -41.288776 -26.4 59.138866
  vertex -40.861134 -26.4 58.711224
 endloop
endfacet
facet normal 0 -1 0
 outer loop
  vertex -40.861134 -26.4 58.711224
  vertex -40.30239 -26.4 58.479782
  vertex -39.69761 -26.4 58.479782
 endloop
endfacet
facet normal 0 -1 0
 outer loop
  vertex -39.69761 -26.4 58.479782
  vertex -39.138866 -26.4 58.711224
  vertex -38.711224 -26.4 59.138866
 endloop
endfacet
facet normal 0 -1 -0
 outer loop
  vertex -38.711224 -26.4 59.138866
  vertex -38.479782 -26.4 59.69761
  vertex -38.479782 -26.4 60.30239
 endloop
endfacet
facet normal 0 -1 0
 outer loop
  vertex -38.479782 -26.4 60.30239
  vertex -38.711224 -26.4 60.861134
  vertex -39.138866 -26.4 61.288776
 endloop
endfacet
facet normal 0 -1 0
 outer loop
  vertex -39.138866 -26.4 61.288776
  vertex -39.69761 -26.4 61.520218
  vertex -40.30239 -26.4 61.520218
 endloop
endfacet
facet normal 0 -1 0
 outer loop
  vertex -40.30239 -26.4 61.520218
  vertex -41.288776 -26.4 60.861134
  vertex -41.520218 -26.4 59.69761
 endloop
endfacet
facet normal 0 -1 0
 outer loop
  vertex -41.520218 -26.4 59.69761
  vertex -40.861134 -26.4 58.711224
  vertex -39.69761 -26.4 58.479782
 endloop
endfacet
facet normal 0 -1 0
 outer loop
  vertex -39.69761 -26.4 58.479782
  vertex -38.711224 -26.4 59.138866
  vertex -38.479782 -26.4 60.30239
 endloop
endfacet
facet normal 0 -1 0
 outer loop
  vertex -38.479782 -26.4 60.30239
  vertex -39.138866 -26.4 61.288776
  vertex -40.30239 -26.4 61.520218
 endloop
endfacet
facet normal 0 -1 0
 outer loop
  vertex -40.30239 -26.4 61.520218
  vertex -41.520218 -26.4 59.69761
  vertex -39.69761 -26.4 58.479782
 endloop
endfacet
facet normal 0 -1 -0
 outer loop
  vertex -39.69761 -26.4 58.479782
  vertex -38.479782 -26.4 60.30239
  vertex -40.30239 -26.4 61.520218
 endloop
endfacet
facet normal -0.09802443 -0 -0.995184
 outer loop
  vertex 40 -28.17565 111.55
  vertex 40 -26.4 111.55
  vertex 40.30239 -26.4 111.52022
 endloop
endfacet
facet normal -0.09802443 0 -0.995184
 outer loop
  vertex 40 -28.17565 111.55
  vertex 40.30239 -26.4 111.52022
  vertex 40.30239 -28.17565 111.52022
 endloop
endfacet
facet normal -0.29028472 -0 -0.9569403
 outer loop
  vertex 40.30239 -28.17565 111.52022
  vertex 40.30239 -26.4 111.52022
  vertex 40.59316 -26.4 111.432014
 endloop
endfacet
facet normal -0.2902687 0 -0.95694524
 outer loop
  vertex 40.59316 -26.4 111.432014
  vertex 40.59316 -28.17565 111.432014
  vertex 40.331047 -28.17565 111.51152
 endloop
endfacet
facet normal -0.29043162 2.6267007e-05 -0.9568957
 outer loop
  vertex 40.59316 -26.4 111.432014
  vertex 40.331047 -28.17565 111.51152
  vertex 40.30239 -28.17565 111.52022
 endloop
endfacet
facet normal -0.47141296 -0 -0.8819126
 outer loop
  vertex 40.59316 -28.17565 111.432014
  vertex 40.59316 -26.4 111.432014
  vertex 40.861134 -26.4 111.28877
 endloop
endfacet
facet normal -0.47141555 0 -0.88191116
 outer loop
  vertex 40.861134 -26.4 111.28877
  vertex 40.861134 -28.17565 111.28877
  vertex 40.636208 -28.17565 111.409004
 endloop
endfacet
facet normal -0.4714542 8.00415e-06 -0.8818906
 outer loop
  vertex 40.59961 -28.17565 111.428566
  vertex 40.59316 -28.17565 111.432014
  vertex 40.861134 -26.4 111.28877
 endloop
endfacet
facet normal -0.47138962 -4.2277647e-06 -0.8819251
 outer loop
  vertex 40.861134 -26.4 111.28877
  vertex 40.636208 -28.17565 111.409004
  vertex 40.59961 -28.17565 111.428566
 endloop
endfacet
facet normal -0.6343808 -0 -0.7730206
 outer loop
  vertex 40.861134 -28.17565 111.28877
  vertex 40.861134 -26.4 111.28877
  vertex 41.096016 -26.4 111.096016
 endloop
endfacet
facet normal -0.6343808 0 -0.7730206
 outer loop
  vertex 40.861134 -28.17565 111.28877
  vertex 41.096016 -26.4 111.096016
  vertex 41.096016 -28.17565 111.096016
 endloop
endfacet
facet normal -0.7730195 -0 -0.6343822
 outer loop
  vertex 41.096016 -28.17565 111.096016
  vertex 41.096016 -26.4 111.096016
  vertex 41.288776 -26.4 110.86113
 endloop
endfacet
facet normal -0.7730195 0 -0.6343822
 outer loop
  vertex 41.096016 -28.17565 111.096016
  vertex 41.288776 -26.4 110.86113
  vertex 41.288776 -28.17565 110.86113
 endloop
endfacet
facet normal -0.8819178 -0 -0.47140318
 outer loop
  vertex 41.288776 -28.17565 110.86113
  vertex 41.288776 -26.4 110.86113
  vertex 41.432014 -26.4 110.593155
 endloop
endfacet
facet normal -0.88191754 0 -0.4714037
 outer loop
  vertex 41.432014 -26.4 110.593155
  vertex 41.432014 -28.17565 110.593155
  vertex 41.401005 -28.17565 110.65117
 endloop
endfacet
facet normal -0.8819061 -4.2400193e-06 -0.47142506
 outer loop
  vertex 41.362488 -28.17565 110.723236
  vertex 41.288776 -28.17565 110.86113
  vertex 41.432014 -26.4 110.593155
 endloop
endfacet
facet normal -0.8819404 1.7956185e-06 -0.47136098
 outer loop
  vertex 41.432014 -26.4 110.593155
  vertex 41.401005 -28.17565 110.65117
  vertex 41.362488 -28.17565 110.723236
 endloop
endfacet
facet normal -0.9569392 -0 -0.2902882
 outer loop
  vertex 41.432014 -28.17565 110.593155
  vertex 41.432014 -26.4 110.593155
  vertex 41.520218 -26.4 110.30239
 endloop
endfacet
facet normal -0.9569392 0 -0.2902882
 outer loop
  vertex 41.432014 -28.17565 110.593155
  vertex 41.520218 -26.4 110.30239
  vertex 41.520218 -28.17565 110.30239
 endloop
endfacet
facet normal -0.99518526 -0 -0.098012
 outer loop
  vertex 41.520218 -28.17565 110.30239
  vertex 41.520218 -26.4 110.30239
  vertex 41.55 -26.4 110
 endloop
endfacet
facet normal -0.99518526 0 -0.098012
 outer loop
  vertex 41.520218 -28.17565 110.30239
  vertex 41.55 -26.4 110
  vertex 41.55 -28.17565 110
 endloop
endfacet
facet normal -0.99518526 0 0.098012
 outer loop
  vertex 41.55 -28.17565 110
  vertex 41.55 -26.4 110
  vertex 41.520218 -26.4 109.69761
 endloop
endfacet
facet normal -0.99518526 0 0.098012
 outer loop
  vertex 41.55 -28.17565 110
  vertex 41.520218 -26.4 109.69761
  vertex 41.520218 -28.17565 109.69761
 endloop
endfacet
facet normal -0.9569392 0 0.2902882
 outer loop
  vertex 41.520218 -28.17565 109.69761
  vertex 41.520218 -26.4 109.69761
  vertex 41.432014 -26.4 109.406845
 endloop
endfacet
facet normal -0.9569392 0 0.2902882
 outer loop
  vertex 41.520218 -28.17565 109.69761
  vertex 41.432014 -26.4 109.406845
  vertex 41.432014 -28.17565 109.406845
 endloop
endfacet
facet normal -0.8819178 0 0.47140318
 outer loop
  vertex 41.432014 -28.17565 109.406845
  vertex 41.432014 -26.4 109.406845
  vertex 41.288776 -26.4 109.13887
 endloop
endfacet
facet normal -0.8819061 0 0.47142506
 outer loop
  vertex 41.288776 -26.4 109.13887
  vertex 41.288776 -28.17565 109.13887
  vertex 41.362488 -28.17565 109.276764
 endloop
endfacet
facet normal -0.8819205 -9.711409e-07 0.4713982
 outer loop
  vertex 41.408974 -28.17565 109.36374
  vertex 41.432014 -28.17565 109.406845
  vertex 41.288776 -26.4 109.13887
 endloop
endfacet
facet normal -0.881935 -5.3929e-06 0.47137105
 outer loop
  vertex 41.288776 -26.4 109.13887
  vertex 41.362488 -28.17565 109.276764
  vertex 41.408974 -28.17565 109.36374
 endloop
endfacet
facet normal -0.7730195 0 0.6343822
 outer loop
  vertex 41.288776 -28.17565 109.13887
  vertex 41.288776 -26.4 109.13887
  vertex 41.096016 -26.4 108.903984
 endloop
endfacet
facet normal -0.7730195 0 0.6343822
 outer loop
  vertex 41.288776 -28.17565 109.13887
  vertex 41.096016 -26.4 108.903984
  vertex 41.096016 -28.17565 108.903984
 endloop
endfacet
facet normal -0.6343808 0 0.7730206
 outer loop
  vertex 41.096016 -28.17565 108.903984
  vertex 41.096016 -26.4 108.903984
  vertex 40.861134 -26.4 108.71123
 endloop
endfacet
facet normal -0.6343808 0 0.7730206
 outer loop
  vertex 41.096016 -28.17565 108.903984
  vertex 40.861134 -26.4 108.71123
  vertex 40.861134 -28.17565 108.71123
 endloop
endfacet
facet normal -0.47142017 0 0.8819088
 outer loop
  vertex 40.655907 -28.17565 108.601524
  vertex 40.861134 -28.17565 108.71123
  vertex 40.861134 -26.4 108.71123
 endloop
endfacet
facet normal -0.47141296 0 0.8819126
 outer loop
  vertex 40.861134 -26.4 108.71123
  vertex 40.59316 -26.4 108.567986
  vertex 40.59316 -28.17565 108.567986
 endloop
endfacet
facet normal -0.47138205 -5.652978e-06 0.8819291
 outer loop
  vertex 40.59961 -28.17565 108.571434
  vertex 40.655907 -28.17565 108.601524
  vertex 40.861134 -26.4 108.71123
 endloop
endfacet
facet normal -0.4714542 8.00415e-06 0.8818906
 outer loop
  vertex 40.861134 -26.4 108.71123
  vertex 40.59316 -28.17565 108.567986
  vertex 40.59961 -28.17565 108.571434
 endloop
endfacet
facet normal -0.29028472 0 0.9569403
 outer loop
  vertex 40.59316 -28.17565 108.567986
  vertex 40.59316 -26.4 108.567986
  vertex 40.30239 -26.4 108.47978
 endloop
endfacet
facet normal -0.29028472 0 0.9569403
 outer loop
  vertex 40.59316 -28.17565 108.567986
  vertex 40.30239 -26.4 108.47978
  vertex 40.30239 -28.17565 108.47978
 endloop
endfacet
facet normal -0.09800287 0 0.9951862
 outer loop
  vertex 40.17115 -28.17565 108.46686
  vertex 40.30239 -28.17565 108.47978
  vertex 40.30239 -26.4 108.47978
 endloop
endfacet
facet normal -0.09802443 0 0.995184
 outer loop
  vertex 40.30239 -26.4 108.47978
  vertex 40 -26.4 108.45
  vertex 40 -28.17565 108.45
 endloop
endfacet
facet normal -0.09804097 2.8439165e-06 0.99518234
 outer loop
  vertex 40.30239 -26.4 108.47978
  vertex 40 -28.17565 108.45
  vertex 40.17115 -28.17565 108.46686
 endloop
endfacet
facet normal 0.09802443 0 0.995184
 outer loop
  vertex 40 -28.17565 108.45
  vertex 40 -26.4 108.45
  vertex 39.69761 -26.4 108.47978
 endloop
endfacet
facet normal 0.09802443 -0 0.995184
 outer loop
  vertex 40 -28.17565 108.45
  vertex 39.69761 -26.4 108.47978
  vertex 39.69761 -28.17565 108.47978
 endloop
endfacet
facet normal 0.29026815 0 0.95694536
 outer loop
  vertex 39.438087 -28.17565 108.5585
  vertex 39.69761 -28.17565 108.47978
  vertex 39.69761 -26.4 108.47978
 endloop
endfacet
facet normal 0.29028472 -0 0.9569403
 outer loop
  vertex 39.69761 -26.4 108.47978
  vertex 39.40684 -26.4 108.567986
  vertex 39.40684 -28.17565 108.567986
 endloop
endfacet
facet normal 0.29042238 -2.4615696e-05 0.95689857
 outer loop
  vertex 39.69761 -26.4 108.47978
  vertex 39.40684 -28.17565 108.567986
  vertex 39.438087 -28.17565 108.5585
 endloop
endfacet
facet normal 0.47141296 0 0.8819126
 outer loop
  vertex 39.40684 -28.17565 108.567986
  vertex 39.40684 -26.4 108.567986
  vertex 39.138866 -26.4 108.71123
 endloop
endfacet
facet normal 0.47141296 -0 0.8819126
 outer loop
  vertex 39.40684 -28.17565 108.567986
  vertex 39.138866 -26.4 108.71123
  vertex 39.138866 -28.17565 108.71123
 endloop
endfacet
facet normal 0.6343808 0 0.7730206
 outer loop
  vertex 39.138866 -28.17565 108.71123
  vertex 39.138866 -26.4 108.71123
  vertex 38.903984 -26.4 108.903984
 endloop
endfacet
facet normal 0.6343808 -0 0.7730206
 outer loop
  vertex 39.138866 -28.17565 108.71123
  vertex 38.903984 -26.4 108.903984
  vertex 38.903984 -28.17565 108.903984
 endloop
endfacet
facet normal 0.7730195 0 0.6343822
 outer loop
  vertex 38.903984 -28.17565 108.903984
  vertex 38.903984 -26.4 108.903984
  vertex 38.711224 -26.4 109.13887
 endloop
endfacet
facet normal 0.7730798 -0 0.63430876
 outer loop
  vertex 38.711224 -26.4 109.13887
  vertex 38.711224 -28.17565 109.13887
  vertex 38.725365 -28.17565 109.121635
 endloop
endfacet
facet normal 0.7730148 -1.2876692e-06 0.6343881
 outer loop
  vertex 38.711224 -26.4 109.13887
  vertex 38.725365 -28.17565 109.121635
  vertex 38.903984 -28.17565 108.903984
 endloop
endfacet
facet normal 0.8819178 0 0.47140318
 outer loop
  vertex 38.711224 -28.17565 109.13887
  vertex 38.711224 -26.4 109.13887
  vertex 38.567986 -26.4 109.406845
 endloop
endfacet
facet normal 0.8819178 -0 0.47140318
 outer loop
  vertex 38.711224 -28.17565 109.13887
  vertex 38.567986 -26.4 109.406845
  vertex 38.567986 -28.17565 109.406845
 endloop
endfacet
facet normal 0.9569392 0 0.2902882
 outer loop
  vertex 38.567986 -28.17565 109.406845
  vertex 38.567986 -26.4 109.406845
  vertex 38.479782 -26.4 109.69761
 endloop
endfacet
facet normal 0.9569392 -0 0.2902882
 outer loop
  vertex 38.567986 -28.17565 109.406845
  vertex 38.479782 -26.4 109.69761
  vertex 38.479782 -28.17565 109.69761
 endloop
endfacet
facet normal 0.99518526 0 0.098012
 outer loop
  vertex 38.479782 -28.17565 109.69761
  vertex 38.479782 -26.4 109.69761
  vertex 38.45 -26.4 110
 endloop
endfacet
facet normal 0.99518526 -0 0.098012
 outer loop
  vertex 38.479782 -28.17565 109.69761
  vertex 38.45 -26.4 110
  vertex 38.45 -28.17565 110
 endloop
endfacet
facet normal 0.99518526 0 -0.098012
 outer loop
  vertex 38.45 -28.17565 110
  vertex 38.45 -26.4 110
  vertex 38.479782 -26.4 110.30239
 endloop
endfacet
facet normal 0.99518526 0 -0.098012
 outer loop
  vertex 38.45 -28.17565 110
  vertex 38.479782 -26.4 110.30239
  vertex 38.479782 -28.17565 110.30239
 endloop
endfacet
facet normal 0.9569392 0 -0.2902882
 outer loop
  vertex 38.479782 -28.17565 110.30239
  vertex 38.479782 -26.4 110.30239
  vertex 38.567986 -26.4 110.593155
 endloop
endfacet
facet normal 0.9569392 0 -0.2902882
 outer loop
  vertex 38.479782 -28.17565 110.30239
  vertex 38.567986 -26.4 110.593155
  vertex 38.567986 -28.17565 110.593155
 endloop
endfacet
facet normal 0.8819178 0 -0.47140318
 outer loop
  vertex 38.567986 -28.17565 110.593155
  vertex 38.567986 -26.4 110.593155
  vertex 38.711224 -26.4 110.86113
 endloop
endfacet
facet normal 0.8819178 0 -0.47140318
 outer loop
  vertex 38.567986 -28.17565 110.593155
  vertex 38.711224 -26.4 110.86113
  vertex 38.711224 -28.17565 110.86113
 endloop
endfacet
facet normal 0.7730195 0 -0.6343822
 outer loop
  vertex 38.711224 -28.17565 110.86113
  vertex 38.711224 -26.4 110.86113
  vertex 38.903984 -26.4 111.096016
 endloop
endfacet
facet normal 0.7730105 0 -0.6343932
 outer loop
  vertex 38.903984 -26.4 111.096016
  vertex 38.903984 -28.17565 111.096016
  vertex 38.794556 -28.17565 110.96268
 endloop
endfacet
facet normal 0.7730314 -3.1941972e-06 -0.63436776
 outer loop
  vertex 38.903984 -26.4 111.096016
  vertex 38.794556 -28.17565 110.96268
  vertex 38.711224 -28.17565 110.86113
 endloop
endfacet
facet normal 0.6343808 0 -0.7730206
 outer loop
  vertex 38.903984 -28.17565 111.096016
  vertex 38.903984 -26.4 111.096016
  vertex 39.138866 -26.4 111.28877
 endloop
endfacet
facet normal 0.6343808 0 -0.7730206
 outer loop
  vertex 38.903984 -28.17565 111.096016
  vertex 39.138866 -26.4 111.28877
  vertex 39.138866 -28.17565 111.28877
 endloop
endfacet
facet normal 0.47141296 0 -0.8819126
 outer loop
  vertex 39.138866 -28.17565 111.28877
  vertex 39.138866 -26.4 111.28877
  vertex 39.40684 -26.4 111.432014
 endloop
endfacet
facet normal 0.47141296 0 -0.8819126
 outer loop
  vertex 39.138866 -28.17565 111.28877
  vertex 39.40684 -26.4 111.432014
  vertex 39.40684 -28.17565 111.432014
 endloop
endfacet
facet normal 0.29028472 0 -0.9569403
 outer loop
  vertex 39.40684 -28.17565 111.432014
  vertex 39.40684 -26.4 111.432014
  vertex 39.69761 -26.4 111.52022
 endloop
endfacet
facet normal 0.29031315 0 -0.9569317
 outer loop
  vertex 39.69761 -26.4 111.52022
  vertex 39.69761 -28.17565 111.52022
  vertex 39.569706 -28.17565 111.481415
 endloop
endfacet
facet normal 0.29026243 3.987843e-06 -0.9569471
 outer loop
  vertex 39.69761 -26.4 111.52022
  vertex 39.569706 -28.17565 111.481415
  vertex 39.40684 -28.17565 111.432014
 endloop
endfacet
facet normal 0.09802443 0 -0.995184
 outer loop
  vertex 39.69761 -28.17565 111.52022
  vertex 39.69761 -26.4 111.52022
  vertex 40 -26.4 111.55
 endloop
endfacet
facet normal 0.09802443 0 -0.995184
 outer loop
  vertex 39.69761 -28.17565 111.52022
  vertex 40 -26.4 111.55
  vertex 40 -28.17565 111.55
 endloop
endfacet
facet normal 0 -1 0
 outer loop
  vertex 39.138866 -26.4 111.28877
  vertex 38.903984 -26.4 111.096016
  vertex 38.711224 -26.4 110.86113
 endloop
endfacet
facet normal 0 -1 0
 outer loop
  vertex 38.711224 -26.4 110.86113
  vertex 38.567986 -26.4 110.593155
  vertex 38.479782 -26.4 110.30239
 endloop
endfacet
facet normal 0 -1 0
 outer loop
  vertex 38.479782 -26.4 110.30239
  vertex 38.45 -26.4 110
  vertex 38.479782 -26.4 109.69761
 endloop
endfacet
facet normal 0 -1 0
 outer loop
  vertex 38.479782 -26.4 109.69761
  vertex 38.567986 -26.4 109.406845
  vertex 38.711224 -26.4 109.13887
 endloop
endfacet
facet normal 0 -1 0
 outer loop
  vertex 38.711224 -26.4 109.13887
  vertex 38.903984 -26.4 108.903984
  vertex 39.138866 -26.4 108.71123
 endloop
endfacet
facet normal 0 -1 0
 outer loop
  vertex 39.138866 -26.4 108.71123
  vertex 39.40684 -26.4 108.567986
  vertex 39.69761 -26.4 108.47978
 endloop
endfacet
facet normal -0 -1 0
 outer loop
  vertex 39.69761 -26.4 108.47978
  vertex 40 -26.4 108.45
  vertex 40.30239 -26.4 108.47978
 endloop
endfacet
facet normal 0 -1 0
 outer loop
  vertex 40.30239 -26.4 108.47978
  vertex 40.59316 -26.4 108.567986
  vertex 40.861134 -26.4 108.71123
 endloop
endfacet
facet normal 0 -1 0
 outer loop
  vertex 40.861134 -26.4 108.71123
  vertex 41.096016 -26.4 108.903984
  vertex 41.288776 -26.4 109.13887
 endloop
endfacet
facet normal 0 -1 0
 outer loop
  vertex 41.288776 -26.4 109.13887
  vertex 41.432014 -26.4 109.406845
  vertex 41.520218 -26.4 109.69761
 endloop
endfacet
facet normal 0 -1 -0
 outer loop
  vertex 41.520218 -26.4 109.69761
  vertex 41.55 -26.4 110
  vertex 41.520218 -26.4 110.30239
 endloop
endfacet
facet normal 0 -1 0
 outer loop
  vertex 41.520218 -26.4 110.30239
  vertex 41.432014 -26.4 110.593155
  vertex 41.288776 -26.4 110.86113
 endloop
endfacet
facet normal 0 -1 0
 outer loop
  vertex 41.288776 -26.4 110.86113
  vertex 41.096016 -26.4 111.096016
  vertex 40.861134 -26.4 111.28877
 endloop
endfacet
facet normal 0 -1 0
 outer loop
  vertex 40.861134 -26.4 111.28877
  vertex 40.59316 -26.4 111.432014
  vertex 40.30239 -26.4 111.52022
 endloop
endfacet
facet normal 0 -1 0
 outer loop
  vertex 40.30239 -26.4 111.52022
  vertex 40 -26.4 111.55
  vertex 39.69761 -26.4 111.52022
 endloop
endfacet
facet normal 0 -1 0
 outer loop
  vertex 39.69761 -26.4 111.52022
  vertex 39.40684 -26.4 111.432014
  vertex 39.138866 -26.4 111.28877
 endloop
endfacet
facet normal 0 -1 0
 outer loop
  vertex 39.138866 -26.4 111.28877
  vertex 38.711224 -26.4 110.86113
  vertex 38.479782 -26.4 110.30239
 endloop
endfacet
facet normal 0 -1 0
 outer loop
  vertex 38.479782 -26.4 110.30239
  vertex 38.479782 -26.4 109.69761
  vertex 38.711224 -26.4 109.13887
 endloop
endfacet
facet normal 0 -1 0
 outer loop
  vertex 38.711224 -26.4 109.13887
  vertex 39.138866 -26.4 108.71123
  vertex 39.69761 -26.4 108.47978
 endloop
endfacet
facet normal -0 -1 0
 outer loop
  vertex 39.69761 -26.4 108.47978
  vertex 40.30239 -26.4 108.47978
  vertex 40.861134 -26.4 108.71123
 endloop
endfacet
facet normal 0 -1 0
 outer loop
  vertex 40.861134 -26.4 108.71123
  vertex 41.288776 -26.4 109.13887
  vertex 41.520218 -26.4 109.69761
 endloop
endfacet
facet normal 0 -1 0
 outer loop
  vertex 41.520218 -26.4 109.69761
  vertex 41.520218 -26.4 110.30239
  vertex 41.288776 -26.4 110.86113
 endloop
endfacet
facet normal 0 -1 0
 outer loop
  vertex 41.288776 -26.4 110.86113
  vertex 40.861134 -26.4 111.28877
  vertex 40.30239 -26.4 111.52022
 endloop
endfacet
facet normal 0 -1 0
 outer loop
  vertex 40.30239 -26.4 111.52022
  vertex 39.69761 -26.4 111.52022
  vertex 39.138866 -26.4 111.28877
 endloop
endfacet
facet normal 0 -1 0
 outer loop
  vertex 39.138866 -26.4 111.28877
  vertex 38.479782 -26.4 110.30239
  vertex 38.711224 -26.4 109.13887
 endloop
endfacet
facet normal -0 -1 0
 outer loop
  vertex 38.711224 -26.4 109.13887
  vertex 39.69761 -26.4 108.47978
  vertex 40.861134 -26.4 108.71123
 endloop
endfacet
facet normal 0 -1 -0
 outer loop
  vertex 40.861134 -26.4 108.71123
  vertex 41.520218 -26.4 109.69761
  vertex 41.288776 -26.4 110.86113
 endloop
endfacet
facet normal 0 -1 0
 outer loop
  vertex 41.288776 -26.4 110.86113
  vertex 40.30239 -26.4 111.52022
  vertex 39.138866 -26.4 111.28877
 endloop
endfacet
facet normal 0 -1 0
 outer loop
  vertex 39.138866 -26.4 111.28877
  vertex 38.711224 -26.4 109.13887
  vertex 40.861134 -26.4 108.71123
 endloop
endfacet
facet normal 0 -1 -0
 outer loop
  vertex 40.861134 -26.4 108.71123
  vertex 41.288776 -26.4 110.86113
  vertex 39.138866 -26.4 111.28877
 endloop
endfacet
facet normal -0.098012 -0 -0.99518526
 outer loop
  vertex 40 -28.17565 61.55
  vertex 40 -26.4 61.55
  vertex 40.30239 -26.4 61.520218
 endloop
endfacet
facet normal -0.098012 0 -0.99518526
 outer loop
  vertex 40 -28.17565 61.55
  vertex 40.30239 -26.4 61.520218
  vertex 40.30239 -28.17565 61.520218
 endloop
endfacet
facet normal -0.29028472 -0 -0.9569403
 outer loop
  vertex 40.30239 -28.17565 61.520218
  vertex 40.30239 -26.4 61.520218
  vertex 40.59316 -26.4 61.432014
 endloop
endfacet
facet normal -0.29028472 0 -0.9569403
 outer loop
  vertex 40.30239 -28.17565 61.520218
  vertex 40.59316 -26.4 61.432014
  vertex 40.59316 -28.17565 61.432014
 endloop
endfacet
facet normal -0.47140318 -0 -0.8819178
 outer loop
  vertex 40.59316 -28.17565 61.432014
  vertex 40.59316 -26.4 61.432014
  vertex 40.861134 -26.4 61.288776
 endloop
endfacet
facet normal -0.47140196 0 -0.88191855
 outer loop
  vertex 40.861134 -26.4 61.288776
  vertex 40.861134 -28.17565 61.288776
  vertex 40.59961 -28.17565 61.428566
 endloop
endfacet
facet normal -0.4714542 9.895389e-06 -0.8818906
 outer loop
  vertex 40.861134 -26.4 61.288776
  vertex 40.59961 -28.17565 61.428566
  vertex 40.59316 -28.17565 61.432014
 endloop
endfacet
facet normal -0.6343884 -0 -0.7730145
 outer loop
  vertex 40.861134 -28.17565 61.288776
  vertex 40.861134 -26.4 61.288776
  vertex 41.096016 -26.4 61.096016
 endloop
endfacet
facet normal -0.63439864 0 -0.7730061
 outer loop
  vertex 41.096016 -26.4 61.096016
  vertex 41.096016 -28.17565 61.096016
  vertex 40.9886 -28.17565 61.18417
 endloop
endfacet
facet normal -0.63437974 -1.9180068e-06 -0.7730216
 outer loop
  vertex 41.096016 -26.4 61.096016
  vertex 40.9886 -28.17565 61.18417
  vertex 40.861134 -28.17565 61.288776
 endloop
endfacet
facet normal -0.7730145 -0 -0.6343884
 outer loop
  vertex 41.096016 -28.17565 61.096016
  vertex 41.096016 -26.4 61.096016
  vertex 41.288776 -26.4 60.861134
 endloop
endfacet
facet normal -0.7730145 0 -0.6343884
 outer loop
  vertex 41.096016 -28.17565 61.096016
  vertex 41.288776 -26.4 60.861134
  vertex 41.288776 -28.17565 60.861134
 endloop
endfacet
facet normal -0.881917 -0 -0.47140476
 outer loop
  vertex 41.362488 -28.17565 60.723232
  vertex 41.288776 -28.17565 60.861134
  vertex 41.288776 -26.4 60.861134
 endloop
endfacet
facet normal -0.8819178 0 -0.47140318
 outer loop
  vertex 41.288776 -26.4 60.861134
  vertex 41.432014 -26.4 60.59316
  vertex 41.432014 -28.17565 60.59316
 endloop
endfacet
facet normal -0.88191867 -3.2005516e-07 -0.47140154
 outer loop
  vertex 41.288776 -26.4 60.861134
  vertex 41.432014 -28.17565 60.59316
  vertex 41.362488 -28.17565 60.723232
 endloop
endfacet
facet normal -0.9569403 -0 -0.29028472
 outer loop
  vertex 41.432014 -28.17565 60.59316
  vertex 41.432014 -26.4 60.59316
  vertex 41.520218 -26.4 60.30239
 endloop
endfacet
facet normal -0.9569403 0 -0.29028472
 outer loop
  vertex 41.432014 -28.17565 60.59316
  vertex 41.520218 -26.4 60.30239
  vertex 41.520218 -28.17565 60.30239
 endloop
endfacet
facet normal -0.99518526 -0 -0.098012
 outer loop
  vertex 41.520218 -28.17565 60.30239
  vertex 41.520218 -26.4 60.30239
  vertex 41.55 -26.4 60
 endloop
endfacet
facet normal -0.99518526 0 -0.098012
 outer loop
  vertex 41.520218 -28.17565 60.30239
  vertex 41.55 -26.4 60
  vertex 41.55 -28.17565 60
 endloop
endfacet
facet normal -0.99518526 0 0.098012
 outer loop
  vertex 41.55 -28.17565 60
  vertex 41.55 -26.4 60
  vertex 41.520218 -26.4 59.69761
 endloop
endfacet
facet normal -0.99518526 0 0.098012
 outer loop
  vertex 41.55 -28.17565 60
  vertex 41.520218 -26.4 59.69761
  vertex 41.520218 -28.17565 59.69761
 endloop
endfacet
facet normal -0.9569403 0 0.29028472
 outer loop
  vertex 41.520218 -28.17565 59.69761
  vertex 41.520218 -26.4 59.69761
  vertex 41.432014 -26.4 59.40684
 endloop
endfacet
facet normal -0.9569403 0 0.29028472
 outer loop
  vertex 41.520218 -28.17565 59.69761
  vertex 41.432014 -26.4 59.40684
  vertex 41.432014 -28.17565 59.40684
 endloop
endfacet
facet normal -0.88191867 0 0.47140154
 outer loop
  vertex 41.362488 -28.17565 59.276768
  vertex 41.432014 -28.17565 59.40684
  vertex 41.432014 -26.4 59.40684
 endloop
endfacet
facet normal -0.8819178 0 0.47140318
 outer loop
  vertex 41.432014 -26.4 59.40684
  vertex 41.288776 -26.4 59.138866
  vertex 41.288776 -28.17565 59.138866
 endloop
endfacet
facet normal -0.881917 -3.0188713e-07 0.47140476
 outer loop
  vertex 41.432014 -26.4 59.40684
  vertex 41.288776 -28.17565 59.138866
  vertex 41.362488 -28.17565 59.276768
 endloop
endfacet
facet normal -0.7730145 0 0.6343884
 outer loop
  vertex 41.288776 -28.17565 59.138866
  vertex 41.288776 -26.4 59.138866
  vertex 41.096016 -26.4 58.903984
 endloop
endfacet
facet normal -0.7730145 0 0.6343884
 outer loop
  vertex 41.288776 -28.17565 59.138866
  vertex 41.096016 -26.4 58.903984
  vertex 41.096016 -28.17565 58.903984
 endloop
endfacet
facet normal -0.6343872 0 0.77301544
 outer loop
  vertex 41.005123 -28.17565 58.82939
  vertex 41.096016 -28.17565 58.903984
  vertex 41.096016 -26.4 58.903984
 endloop
endfacet
facet normal -0.6343884 0 0.7730145
 outer loop
  vertex 41.096016 -26.4 58.903984
  vertex 40.861134 -26.4 58.711224
  vertex 40.861134 -28.17565 58.711224
 endloop
endfacet
facet normal -0.6343891 1.6331536e-07 0.7730139
 outer loop
  vertex 41.096016 -26.4 58.903984
  vertex 40.861134 -28.17565 58.711224
  vertex 41.005123 -28.17565 58.82939
 endloop
endfacet
facet normal -0.47140196 0 0.88191855
 outer loop
  vertex 40.59961 -28.17565 58.571434
  vertex 40.861134 -28.17565 58.711224
  vertex 40.861134 -26.4 58.711224
 endloop
endfacet
facet normal -0.47140318 0 0.8819178
 outer loop
  vertex 40.861134 -26.4 58.711224
  vertex 40.59316 -26.4 58.567986
  vertex 40.59316 -28.17565 58.567986
 endloop
endfacet
facet normal -0.4714542 9.895389e-06 0.8818906
 outer loop
  vertex 40.861134 -26.4 58.711224
  vertex 40.59316 -28.17565 58.567986
  vertex 40.59961 -28.17565 58.571434
 endloop
endfacet
facet normal -0.29028472 0 0.9569403
 outer loop
  vertex 40.59316 -28.17565 58.567986
  vertex 40.59316 -26.4 58.567986
  vertex 40.30239 -26.4 58.479782
 endloop
endfacet
facet normal -0.29028472 0 0.9569403
 outer loop
  vertex 40.59316 -28.17565 58.567986
  vertex 40.30239 -26.4 58.479782
  vertex 40.30239 -28.17565 58.479782
 endloop
endfacet
facet normal -0.098012 0 0.99518526
 outer loop
  vertex 40.30239 -28.17565 58.479782
  vertex 40.30239 -26.4 58.479782
  vertex 40 -26.4 58.45
 endloop
endfacet
facet normal -0.098012 0 0.99518526
 outer loop
  vertex 40.30239 -28.17565 58.479782
  vertex 40 -26.4 58.45
  vertex 40 -28.17565 58.45
 endloop
endfacet
facet normal 0.098012 0 0.99518526
 outer loop
  vertex 40 -28.17565 58.45
  vertex 40 -26.4 58.45
  vertex 39.69761 -26.4 58.479782
 endloop
endfacet
facet normal 0.098012 -0 0.99518526
 outer loop
  vertex 40 -28.17565 58.45
  vertex 39.69761 -26.4 58.479782
  vertex 39.69761 -28.17565 58.479782
 endloop
endfacet
facet normal 0.29028472 0 0.9569403
 outer loop
  vertex 39.69761 -28.17565 58.479782
  vertex 39.69761 -26.4 58.479782
  vertex 39.40684 -26.4 58.567986
 endloop
endfacet
facet normal 0.29028472 -0 0.9569403
 outer loop
  vertex 39.69761 -28.17565 58.479782
  vertex 39.40684 -26.4 58.567986
  vertex 39.40684 -28.17565 58.567986
 endloop
endfacet
facet normal 0.47140318 0 0.8819178
 outer loop
  vertex 39.40684 -28.17565 58.567986
  vertex 39.40684 -26.4 58.567986
  vertex 39.138866 -26.4 58.711224
 endloop
endfacet
facet normal 0.47140318 -0 0.8819178
 outer loop
  vertex 39.40684 -28.17565 58.567986
  vertex 39.138866 -26.4 58.711224
  vertex 39.138866 -28.17565 58.711224
 endloop
endfacet
facet normal 0.6343884 0 0.7730145
 outer loop
  vertex 39.138866 -28.17565 58.711224
  vertex 39.138866 -26.4 58.711224
  vertex 38.903984 -26.4 58.903984
 endloop
endfacet
facet normal 0.6343884 -0 0.7730145
 outer loop
  vertex 39.138866 -28.17565 58.711224
  vertex 38.903984 -26.4 58.903984
  vertex 38.903984 -28.17565 58.903984
 endloop
endfacet
facet normal 0.7730145 0 0.6343884
 outer loop
  vertex 38.903984 -28.17565 58.903984
  vertex 38.903984 -26.4 58.903984
  vertex 38.711224 -26.4 59.138866
 endloop
endfacet
facet normal 0.7730145 -0 0.6343884
 outer loop
  vertex 38.903984 -28.17565 58.903984
  vertex 38.711224 -26.4 59.138866
  vertex 38.711224 -28.17565 59.138866
 endloop
endfacet
facet normal 0.8819178 0 0.47140318
 outer loop
  vertex 38.711224 -28.17565 59.138866
  vertex 38.711224 -26.4 59.138866
  vertex 38.567986 -26.4 59.40684
 endloop
endfacet
facet normal 0.8819178 -0 0.47140318
 outer loop
  vertex 38.711224 -28.17565 59.138866
  vertex 38.567986 -26.4 59.40684
  vertex 38.567986 -28.17565 59.40684
 endloop
endfacet
facet normal 0.9569403 0 0.29028472
 outer loop
  vertex 38.567986 -28.17565 59.40684
  vertex 38.567986 -26.4 59.40684
  vertex 38.479782 -26.4 59.69761
 endloop
endfacet
facet normal 0.9569403 -0 0.29028472
 outer loop
  vertex 38.567986 -28.17565 59.40684
  vertex 38.479782 -26.4 59.69761
  vertex 38.479782 -28.17565 59.69761
 endloop
endfacet
facet normal 0.99518526 0 0.098012
 outer loop
  vertex 38.479782 -28.17565 59.69761
  vertex 38.479782 -26.4 59.69761
  vertex 38.45 -26.4 60
 endloop
endfacet
facet normal 0.99518526 -0 0.098012
 outer loop
  vertex 38.479782 -28.17565 59.69761
  vertex 38.45 -26.4 60
  vertex 38.45 -28.17565 60
 endloop
endfacet
facet normal 0.99518526 0 -0.098012
 outer loop
  vertex 38.45 -28.17565 60
  vertex 38.45 -26.4 60
  vertex 38.479782 -26.4 60.30239
 endloop
endfacet
facet normal 0.99518526 0 -0.098012
 outer loop
  vertex 38.45 -28.17565 60
  vertex 38.479782 -26.4 60.30239
  vertex 38.479782 -28.17565 60.30239
 endloop
endfacet
facet normal 0.9569403 0 -0.29028472
 outer loop
  vertex 38.479782 -28.17565 60.30239
  vertex 38.479782 -26.4 60.30239
  vertex 38.567986 -26.4 60.59316
 endloop
endfacet
facet normal 0.9569403 0 -0.29028472
 outer loop
  vertex 38.479782 -28.17565 60.30239
  vertex 38.567986 -26.4 60.59316
  vertex 38.567986 -28.17565 60.59316
 endloop
endfacet
facet normal 0.8819178 0 -0.47140318
 outer loop
  vertex 38.567986 -28.17565 60.59316
  vertex 38.567986 -26.4 60.59316
  vertex 38.711224 -26.4 60.861134
 endloop
endfacet
facet normal 0.8819178 0 -0.47140318
 outer loop
  vertex 38.567986 -28.17565 60.59316
  vertex 38.711224 -26.4 60.861134
  vertex 38.711224 -28.17565 60.861134
 endloop
endfacet
facet normal 0.7730145 0 -0.6343884
 outer loop
  vertex 38.711224 -28.17565 60.861134
  vertex 38.711224 -26.4 60.861134
  vertex 38.903984 -26.4 61.096016
 endloop
endfacet
facet normal 0.7730145 0 -0.6343884
 outer loop
  vertex 38.711224 -28.17565 60.861134
  vertex 38.903984 -26.4 61.096016
  vertex 38.903984 -28.17565 61.096016
 endloop
endfacet
facet normal 0.6343884 0 -0.7730145
 outer loop
  vertex 38.903984 -28.17565 61.096016
  vertex 38.903984 -26.4 61.096016
  vertex 39.138866 -26.4 61.288776
 endloop
endfacet
facet normal 0.6343884 0 -0.7730145
 outer loop
  vertex 38.903984 -28.17565 61.096016
  vertex 39.138866 -26.4 61.288776
  vertex 39.138866 -28.17565 61.288776
 endloop
endfacet
facet normal 0.47140318 0 -0.8819178
 outer loop
  vertex 39.138866 -28.17565 61.288776
  vertex 39.138866 -26.4 61.288776
  vertex 39.40684 -26.4 61.432014
 endloop
endfacet
facet normal 0.47140318 0 -0.8819178
 outer loop
  vertex 39.138866 -28.17565 61.288776
  vertex 39.40684 -26.4 61.432014
  vertex 39.40684 -28.17565 61.432014
 endloop
endfacet
facet normal 0.29028472 0 -0.9569403
 outer loop
  vertex 39.40684 -28.17565 61.432014
  vertex 39.40684 -26.4 61.432014
  vertex 39.69761 -26.4 61.520218
 endloop
endfacet
facet normal 0.29028472 0 -0.9569403
 outer loop
  vertex 39.40684 -28.17565 61.432014
  vertex 39.69761 -26.4 61.520218
  vertex 39.69761 -28.17565 61.520218
 endloop
endfacet
facet normal 0.098012 0 -0.99518526
 outer loop
  vertex 39.69761 -28.17565 61.520218
  vertex 39.69761 -26.4 61.520218
  vertex 40 -26.4 61.55
 endloop
endfacet
facet normal 0.098012 0 -0.99518526
 outer loop
  vertex 39.69761 -28.17565 61.520218
  vertex 40 -26.4 61.55
  vertex 40 -28.17565 61.55
 endloop
endfacet
facet normal 0 -1 0
 outer loop
  vertex 39.69761 -26.4 61.520218
  vertex 39.40684 -26.4 61.432014
  vertex 39.138866 -26.4 61.288776
 endloop
endfacet
facet normal 0 -1 0
 outer loop
  vertex 39.138866 -26.4 61.288776
  vertex 38.903984 -26.4 61.096016
  vertex 38.711224 -26.4 60.861134
 endloop
endfacet
facet normal 0 -1 0
 outer loop
  vertex 38.711224 -26.4 60.861134
  vertex 38.567986 -26.4 60.59316
  vertex 38.479782 -26.4 60.30239
 endloop
endfacet
facet normal 0 -1 0
 outer loop
  vertex 38.479782 -26.4 60.30239
  vertex 38.45 -26.4 60
  vertex 38.479782 -26.4 59.69761
 endloop
endfacet
facet normal 0 -1 0
 outer loop
  vertex 38.479782 -26.4 59.69761
  vertex 38.567986 -26.4 59.40684
  vertex 38.711224 -26.4 59.138866
 endloop
endfacet
facet normal 0 -1 0
 outer loop
  vertex 38.711224 -26.4 59.138866
  vertex 38.903984 -26.4 58.903984
  vertex 39.138866 -26.4 58.711224
 endloop
endfacet
facet normal 0 -1 0
 outer loop
  vertex 39.138866 -26.4 58.711224
  vertex 39.40684 -26.4 58.567986
  vertex 39.69761 -26.4 58.479782
 endloop
endfacet
facet normal -0 -1 0
 outer loop
  vertex 39.69761 -26.4 58.479782
  vertex 40 -26.4 58.45
  vertex 40.30239 -26.4 58.479782
 endloop
endfacet
facet normal 0 -1 0
 outer loop
  vertex 40.30239 -26.4 58.479782
  vertex 40.59316 -26.4 58.567986
  vertex 40.861134 -26.4 58.711224
 endloop
endfacet
facet normal 0 -1 0
 outer loop
  vertex 40.861134 -26.4 58.711224
  vertex 41.096016 -26.4 58.903984
  vertex 41.288776 -26.4 59.138866
 endloop
endfacet
facet normal 0 -1 0
 outer loop
  vertex 41.288776 -26.4 59.138866
  vertex 41.432014 -26.4 59.40684
  vertex 41.520218 -26.4 59.69761
 endloop
endfacet
facet normal 0 -1 -0
 outer loop
  vertex 41.520218 -26.4 59.69761
  vertex 41.55 -26.4 60
  vertex 41.520218 -26.4 60.30239
 endloop
endfacet
facet normal 0 -1 0
 outer loop
  vertex 41.520218 -26.4 60.30239
  vertex 41.432014 -26.4 60.59316
  vertex 41.288776 -26.4 60.861134
 endloop
endfacet
facet normal 0 -1 0
 outer loop
  vertex 41.288776 -26.4 60.861134
  vertex 41.096016 -26.4 61.096016
  vertex 40.861134 -26.4 61.288776
 endloop
endfacet
facet normal 0 -1 0
 outer loop
  vertex 40.861134 -26.4 61.288776
  vertex 40.59316 -26.4 61.432014
  vertex 40.30239 -26.4 61.520218
 endloop
endfacet
facet normal 0 -1 0
 outer loop
  vertex 40.30239 -26.4 61.520218
  vertex 40 -26.4 61.55
  vertex 39.69761 -26.4 61.520218
 endloop
endfacet
facet normal 0 -1 0
 outer loop
  vertex 39.69761 -26.4 61.520218
  vertex 39.138866 -26.4 61.288776
  vertex 38.711224 -26.4 60.861134
 endloop
endfacet
facet normal 0 -1 0
 outer loop
  vertex 38.711224 -26.4 60.861134
  vertex 38.479782 -26.4 60.30239
  vertex 38.479782 -26.4 59.69761
 endloop
endfacet
facet normal 0 -1 0
 outer loop
  vertex 38.479782 -26.4 59.69761
  vertex 38.711224 -26.4 59.138866
  vertex 39.138866 -26.4 58.711224
 endloop
endfacet
facet normal 0 -1 0
 outer loop
  vertex 39.138866 -26.4 58.711224
  vertex 39.69761 -26.4 58.479782
  vertex 40.30239 -26.4 58.479782
 endloop
endfacet
facet normal 0 -1 0
 outer loop
  vertex 40.30239 -26.4 58.479782
  vertex 40.861134 -26.4 58.711224
  vertex 41.288776 -26.4 59.138866
 endloop
endfacet
facet normal 0 -1 -0
 outer loop
  vertex 41.288776 -26.4 59.138866
  vertex 41.520218 -26.4 59.69761
  vertex 41.520218 -26.4 60.30239
 endloop
endfacet
facet normal 0 -1 0
 outer loop
  vertex 41.520218 -26.4 60.30239
  vertex 41.288776 -26.4 60.861134
  vertex 40.861134 -26.4 61.288776
 endloop
endfacet
facet normal 0 -1 0
 outer loop
  vertex 40.861134 -26.4 61.288776
  vertex 40.30239 -26.4 61.520218
  vertex 39.69761 -26.4 61.520218
 endloop
endfacet
facet normal 0 -1 0
 outer loop
  vertex 39.69761 -26.4 61.520218
  vertex 38.711224 -26.4 60.861134
  vertex 38.479782 -26.4 59.69761
 endloop
endfacet
facet normal 0 -1 0
 outer loop
  vertex 38.479782 -26.4 59.69761
  vertex 39.138866 -26.4 58.711224
  vertex 40.30239 -26.4 58.479782
 endloop
endfacet
facet normal 0 -1 0
 outer loop
  vertex 40.30239 -26.4 58.479782
  vertex 41.288776 -26.4 59.138866
  vertex 41.520218 -26.4 60.30239
 endloop
endfacet
facet normal 0 -1 0
 outer loop
  vertex 41.520218 -26.4 60.30239
  vertex 40.861134 -26.4 61.288776
  vertex 39.69761 -26.4 61.520218
 endloop
endfacet
facet normal 0 -1 0
 outer loop
  vertex 39.69761 -26.4 61.520218
  vertex 38.479782 -26.4 59.69761
  vertex 40.30239 -26.4 58.479782
 endloop
endfacet
facet normal 0 -1 -0
 outer loop
  vertex 40.30239 -26.4 58.479782
  vertex 41.520218 -26.4 60.30239
  vertex 39.69761 -26.4 61.520218
 endloop
endfacet
endsolid 
